:020000040800F2
:1000000008200024E1020008617400080171000862
:1000100059740008C9070008F992000800000000A0
:10002000000000000000000000000000C176000891
:10003000990C00080000000069740008C9760008E7
:10004000FF020008FF020008FF020008FF0200088C
:10005000FF020008FF020008FF020008FF0200087C
:10006000FF020008FF020008FF0200083108000834
:1000700041080008FF020008FF020008FF02000814
:10008000FF020008FF020008FF020008FF0200084C
:10009000FF020008FF020008FF020008FF0200083C
:1000A000FF020008FF020008FF020008FF0200082C
:1000B000FF020008FF020008FF020008FF0200081C
:1000C000FF020008FF020008FF020008FF0200080C
:1000D000FF020008D9920008FF020008E992000818
:1000E000FF020008FF02000800000000FF020008F5
:1000F000FF020008FF020008FF020008FF020008DC
:10010000FF020008FF020008FF020008FF020008CB
:10011000FF020008FF020008FF020008FF020008BB
:10012000FF020008FF020008FF020008FF020008AB
:10013000FF020008FF020008FF020008FF0200089B
:1001400000000000000000000000000000000000AF
:10015000FF020008FF020008FF020008FF0200087B
:10016000FF020008FF020008FF020008FF0200086B
:10017000FF020008FF020008FF0200080000000064
:10018000FF020008FF020008FF020008FF0200084B
:10019000FF020008FF020008FF020008FF0200083B
:1001A000FF020008FF020008FF0200080000000034
:1001B000FF020008FF020008FF020008FF0200081B
:1001C000FF020008FF02000800000000000000001D
:1001D0000000000000000000FF0200080000000016
:1001E000000000000000000000000000000000000F
:1001F0000000000000000000FF020008FF020008ED
:10020000FF020008FF02000800000000FF020008D3
:10021000FF020008FF020008FF020008FF020008BA
:10022000FF02000800000000FF02000800000000BC
:10023000FF020008FF02000800000000FF020008A3
:10024000FF020008FF020008FF020008FF0200088A
:10025000FF020008FF020008FF020008FF0200087A
:10026000FF020008FF020008FF020008FF0200086A
:10027000FF020008FF020008FF0200080000000063
:10028000FF020008FF020008FF020008FF0200084A
:1002900000000000FF020008FF020008000000004C
:1002A00000000000FF020008FF020008FF02000833
:1002B000FF020008FF020008FF020008FF0200081A
:1002C000FF020008FF020008FF020008DFF80CD060
:1002D00000F07EF8004800477199000808200024CB
:1002E000074880470748804707480047FEE7FEE782
:1002F000FEE7FEE7FEE7FEE7FEE7FEE7FEE7FEE7D6
:10030000B10C0008A9770008CD0200082DE9F05FC4
:100310000546002092469B46884606468146402474
:100320001BE0284641464746224600F041F8534626
:100330005A46C01A914110D311461846224600F081
:1003400028F82D1A67EB01084F46224601200021AC
:1003500000F01FF817EB00094E41201EA4F1010424
:10036000DFDC484631462A464346BDE8F09FD2B21C
:1003700001E000F8012B491EFBD270470022F6E78E
:1003800010B513460A4604461946FFF7F0FF20460B
:1003900010BD202A04DB203A00FA02F10020704749
:1003A0009140C2F1200320FA03F3194390407047B3
:1003B000202A04DB203A21FA02F00021704721FABA
:1003C00002F3D040C2F12002914008431946704721
:1003D000064C074D06E0E06840F0010394E8070092
:1003E00098471034AC42F6D3FFF774FF10B0000802
:1003F00030B000080000000010B50446006842F26A
:10040000001140F48070C4F20201884218D142F217
:100410000830C4F20200006810F4403F18D005F024
:10042000D3F96168B1F5803F05D0B1F5403F2BD0DD
:10043000B1F5003F29D1090CB0FBF1F025E000BF78
:1004400046F20830C5F60200006810F4403FE6D1DD
:100450004FF40020002104F0E3F86168A1F5802248
:100460004FEAB2420A2A10D8DFE802F00606060672
:1004700006063C3E404244006FF0010202EA514150
:10048000B0FBF1F001E000BF80084BF62141C0F263
:10049000BE01884206D82068816821F440718160DD
:1004A00010BD00BF47F64101C0F27D11884207D858
:1004B00020680122816862F30921816010BD00BFBC
:1004C00021684FF28102C0F2FA229042886805D872
:1004D000022262F30920886010BD00BF40F4407022
:1004E000886010BD0009D0E74009CEE78009CCE75D
:1004F000C009CAE7000AC8E770B504460068826808
:100500008368DB0843EA9202D2076BD0C26892018B
:1005100020D5627E012A1DD1227E012A1AD10168CE
:10052000490612D44DF60441C0F20C0104394FD0F3
:10053000026852065FBF02685FEA426202685FEAD1
:10054000426202D402685206F0D5402101600121C6
:1005500006E000BF022903D10221082612E000BFF5
:10056000826852070AD58268920707D44FF6C07393
:100570008268C7F6FF731A401032826001294FF07B
:10058000040610D0826812070AD58268920707D441
:100590004FF6C0738268C7F6FF731A40203282603C
:1005A000032908BF0C2603F013FD21688968314236
:1005B00018D0054603E000BF8068304212D003F037
:1005C00007FD401B06282068F6D381683142F3D02E
:1005D000206E40F010002066606E40F00100606602
:1005E000012070BD002070BD0146806B026E12F0CC
:1005F000500F026E06D0D20610D4806DC26C084631
:10060000104700BF42F40071016601680A681207D2
:10061000CA6805D4910717D000F09ABF00F0A0BFB8
:1006200012F4406FF8D1C9688904F5D4016E21F441
:1006300080710166016EC904EED4016E41F00101C2
:10064000016600F085BF00BF016E21F48071016674
:10065000016EC904E0D4016E41F00101016600F0B1
:1006600077BF000000000000806B016E41F0400188
:100670000166416E41F00401416600F071BF000067
:10068000806B00F069BF0000B0B50168044688685F
:1006900080078A684FF0000033D412F0010208BFCF
:1006A000B0BD886800F00D0001281FD14FF6C07260
:1006B0008868C7F6FF721040023088600320086027
:1006C00003F086FC21688968C90701D10020B0BD0C
:1006D000054602E08068C00712D003F079FC401B99
:1006E00003282068F6D38168C907F3D0206E40F054
:1006F00010002066606E40F0010060660120B0BD11
:100700000020B0BD00000000F0B581B004460068D4
:100710008168C90752D14FF6C0778168C7F6FF7765
:1007200007F17F0211420BD0206E40F010002066CE
:10073000606E40F001006066012001B0F0BD00BFB6
:100740008168394041F00101816003F041FC42F2CF
:10075000000246F20836C4F20202216802F58073F4
:1007600002F54275C5F60206994208BF2E4691422F
:100770000A4608BF2E469942054604BF42F20002CF
:10078000C4F2020230688A4218BF10F01F0015D16F
:100790000868C00712D18868C00704D1886838404B
:1007A00040F00100886003F013FC401B216803281F
:1007B000EED30868C007EBD1B6E700BF002001B058
:1007C000F0BD000000000000FEE700000000000097
:1007D00010B5846B204601F083FA0120207110BD12
:1007E00010B5846B204601F0B7F90120207110BDCF
:1007F00010B5846B206940F004002061204601F0B0
:1008000077FA0120207110BD10B5846B206940F08B
:1008100004002061204601F0A7F90120207110BDDD
:10082000806B01F061BA0000806B01F099B90000A3
:1008300040F2A810C2F2004002F03EB900000000F1
:1008400040F23010C2F2004002F036B90000000061
:1008500040F20F42D0F800C0C4F20202944511DC0D
:100860006F22C4F20202944522DC3F22C4F202024B
:10087000944539DC1022C4F2020294455AD0282251
:1008800054E000BF40F26F42C4F2020294451BDC08
:1008900040F23F42C4F2020294452DDC40F2104285
:1008A000C4F20202944545D040F228423EE000BF27
:1008B0009F22C4F20202944528DC7022C4F2020294
:1008C000944537D0882231E040F29F42C4F20202C0
:1008D000944523DC40F27042C4F20202944529D0D0
:1008E00040F2884222E000BF4022C4F20202944556
:1008F00020D058221AE000BF40F24042C4F2020267
:10090000944517D040F2584210E000BFA022C4F234
:10091000020294450ED0B82208E000BF40F2B8426F
:10092000C4F20202944505D040F2A042C4F2020291
:10093000944519D16FF00F024AF6AB2352FA8CF2AC
:10094000CAF6AA23A2FB03310AA35F2AC1F302114C
:100950005B5C40F2FF312CEA0101C36588BF0431C2
:1009600081650846704700BF2CF0FF01816508468D
:10097000704700BF000610160006101600000000A9
:1009800070B540F26F44D0F800C0C4F20204D0F851
:1009900058E0A4451ADC9F25C4F20205AC4533DCBF
:1009A0005725C4F20205AC455ADC1025C4F20205F5
:1009B000AC4500F098802825C4F20205AC4500F053
:1009C00092804025C4F202058AE000BF45F22F451F
:1009D000C5F60205AC452DDC40F2B745C4F2020570
:1009E000AC454BDC40F27045C4F20205AC457AD010
:1009F00040F28845C4F20205AC4574D040F2A045EF
:100A0000C4F202056CE000BF40F22745C4F20205C3
:100A1000AC4543DCA025C4F20205AC4563D0B82543
:100A2000C4F20205AC455ED040F21045C4F20205A6
:100A300056E000BF45F26B45C5F60205AC453FDC0C
:100A400045F23045C5F60205AC454CD045F244456B
:100A5000C5F60205AC4546D045F258453EE000BF1C
:100A60005825C4F20205AC453DD07025C4F20205FC
:100A7000AC4538D08825C4F2020531E040F2B845D3
:100A8000C4F20205AC452ED045F20845C5F6020574
:100A9000AC4528D045F21C4520E000BF40F2284577
:100AA000C4F20205AC451ED040F24045C4F2020536
:100AB000AC4518D040F25845C4F2020510E000BF22
:100AC00045F26C45C5F60205AC450CD045F294459F
:100AD000C5F60205AC4506D045F28045C5F60205CF
:100AE000AC4540F0D580456EC66E002E866E6E60B9
:100AF0001CBFD0E91C566E60A44515DC9F24C4F2CF
:100B00000204A4452CDC5724C4F20204A44551DCA1
:100B10001024C4F20204A4457AD02824C4F20204AA
:100B2000A44575D040246FE045F22F44C5F6020479
:100B3000A44529DC40F2B744C4F20204A44545DCD4
:100B400040F27044C4F20204A44561D040F28844EB
:100B5000C4F20204A4455BD040F2A04454E000BFBC
:100B600040F22744C4F20204A4453FDCA024C4F2AE
:100B70000204A4454CD0B824C4F20204A44547D0D2
:100B800040F2104440E000BF45F26B44C5F6020459
:100B9000A44555DC45F23044C5F60204A44561D0B5
:100BA00045F24444C5F60204A4455BD045F25844DE
:100BB00054E000BF5824C4F20204A44528D0702495
:100BC000C4F20204A44523D088241DE040F2B844B6
:100BD000C4F20204A4451BD045F20844C5F6020441
:100BE000A4453FD045F21C4438E000BF40F2284401
:100BF000C4F20204A4450BD040F24044C4F2020403
:100C0000A44505D040F25844C4F20204A4453FD1A3
:100C10008468C06D00F01F003F2505FA00F0CEF893
:100C20000800DCF80000402C20F48020CCF8000004
:100C3000CCF8043023D0CCF80810CCF80C2070BDD0
:100C400045F26C44C5F60204A4450BD045F280443D
:100C5000C5F60204A44505D045F29444C5F6020445
:100C6000A44515D1C46D806804F01F0401254028F7
:100C700005FA04F4CEF80440CCF8043004D1CCF8E2
:100C80000820CCF80C1070BDCCF80810CCF80C2063
:100C900070BD000000000000704700000000000070
:100CA000EFF3108072B600BFFEE700000000000006
:100CB00044F60400C5F60200816841F0020181603B
:100CC0000168890409D4016889045CBF01685FEA8E
:100CD000814102D401688904F2D570470000000008
:100CE00070B582B000230193044690F85C0001289F
:100CF00002D1022002B070BD012084F85C002046C1
:100D000015460E46FFF7C0FC216E18B141F01001E8
:100D10004CE000BF41F202124FF6C0739143C3F69C
:100D2000FE7302312166216806F4803605F08045A5
:100D30008A682E4413404FF2FF72C2F2C35233440A
:100D400003F100438B608B68B3F1FF3F2ADC019B0A
:100D500001330193019B93421DD88B68B3F1FF3F90
:100D600020DC019B01330193019B934213D88B68D4
:100D7000B3F1FF3F16DC019B01330193019B9342CA
:100D800009D88B68B3F1FF3F0CDC019B0133019361
:100D9000019B9342D7D9206E40F0100020F0020151
:100DA000012003E0216E012262F30101216600218E
:100DB00084F85C1002B070BDB0B582B090F85C20D1
:100DC000012A03D10221084602B0B0BD42F2083226
:100DD00000230193C4F202020093A2F54274036857
:100DE000A34227D14FF6006C4FF60055CFF6FF7C9B
:100DF000CFF6FF7552F80C40535923435B0719D4C3
:100E0000D1F800E01368BEF1000F23F440441DD078
:100E10004B6823431360535952F80C502B43DB07A4
:100E200022D1136840F61F758968AB4341EA0E0171
:100E3000194316E0016E41F02001016601210022F4
:100E400080F85C20084602B0B0BD00BF1460515964
:100E500052F80C301943C90708D1116840F61F73C6
:100E6000994311600021EAE70021E8E70021E6E765
:100E70002DE9F04181B00022009290F85C20012A17
:100E800004D10221084601B0BDE8F08103680122C7
:100E900080F85C209A68520700F1FC8246F2083C18
:100EA0004FF6FF78C5F6020CC0F20F08ACF5427E93
:100EB0000A68734516D0B2F1FF3F13DD92FAA2F52E
:100EC00012EA080FB5FA85F54FF0010608BF950E36
:100ED000920E05F01F0506FA05F5DE693543DD6162
:100EE00001E000BF920E4D681F2402F01F02C5F3FF
:100EF000012605F01F05AC4003EB8606AA40376BC0
:100F000027EA0404224332639A689C68E40844EAAE
:100F10009202D20740F029810A6807268D6873453E
:100F2000C2F34064C2F3045203EB840406FA02F6EF
:100F3000676905FA02F227EA060642EA06026261DA
:100F400010D041F20002C5F60042126802F0704271
:100F5000B2F1805F6ED14A69DC680E2505EA54065D
:100F60009CE000BF4FF604540A69CFF6FF74042AD0
:100F70004D695CF8046067D14FF65852CFF6FF72A6
:100F80005CF802201C6E0E68C4F3846416EA080242
:100F9000C6F3846596FAA6F6B6FA86F6374608BF13
:100FA0002F46BC420CD11A6E22F000421A660C6821
:100FB00004EA0802C4F3846594FAA4F4B4FA84F64B
:100FC0005C6E37465C6E002A08BF2F46C4F384640B
:100FD000BC420CD15A6E22F000425A660C6804EAF8
:100FE0000802C4F3846594FAA4F4B4FA84F69C6EFF
:100FF00037469C6E002A08BF2F46C4F38464BC4267
:101000000CD19A6E22F000429A660C6804EA08023B
:10101000C4F3846594FAA4F4B4FA84F6DC6E002A6E
:10102000DC6E08BF2E46C4F38462B24200F09980A1
:101030009BE000BFDC684A69DD68E4064FEA5505BD
:101040002AD405F00E0629E00624ACF52A7704EA36
:1010500096040E6805FA04F406F0F8452C4357F898
:10106000226044F0004447F822400A69CC6957F8EE
:10107000225025F080752C4347F822400A6991F8E8
:10108000204057F82250012C25F0007508BF05F1CB
:10109000007547F8225068E005F008060F6903F173
:1010A0006005042F20D12A680C6802F0F842B2EBE8
:1010B000846F4FEA846241D12C6824F000442C6094
:1010C0005C6E04F0F84494423DD09C6E04F0F84409
:1010D000944241D19C6E24F000449C66DC6E04F086
:1010E000F844944241D13CE00C68B24055F8276086
:1010F00004F0F84406F000462243324345F8272026
:101100000A6991F8214055F82260012C26F000462A
:1011100008BF06F1004645F822600A7E0C691D6989
:10112000013A04F01F04B2FA82F225F4F0455209A4
:10113000D202A2402A431A6117E000BF5C6E04F09D
:10114000F8449442C1D15C6E24F000445C669C6E0D
:1011500004F0F8449442BDD0DC6E04F0F8449442AC
:1011600003D1DA6E22F00042DA669A68D20711D112
:1011700073450A68CD680FD005F01804D3F8C01085
:1011800028FA04F402EA0806B14314402143C3F8E4
:10119000C01012E0002182E14FF6A85105F01806B8
:1011A000CFF6FF7128FA06F602EA080716405CF847
:1011B0000140BC4334434CF801400021C4F2527159
:1011C00001F52D04A54240F0138146F20004C5F656
:1011D0000204A3422CD042F20014C4F20204A3423F
:1011E0003CD042F20004C4F20204A34250D11F24B6
:1011F000C1F2F044A24275DD40F2FF74C2F63064E1
:10120000A2425FDD40F60004C2F63064A24200F064
:10121000BF8041F20004C3F26024A24200F0B28019
:101220000024C4F22134A24200F0CD80B6E000BF19
:101230001F21C1F2F0418A422CDC0721C0F6904107
:101240008A426DDC0221C0F230418A4254D004212E
:10125000C0F660018A4216D0AAE000BF1F21C1F289
:10126000F0418A4228DC0721C0F690418A4245DCE1
:101270000221C0F230418A423ED00421C0F6600112
:101280008A4240F08B804021C1F620119BE000BFD4
:10129000002198E040F2FF71C2F630618A4253DCCF
:1012A0002021C1F2F0418A4234D040F20041C2F61E
:1012B00000218A4211D07BE040F2FF71C2F630611A
:1012C0008A4253DC2021C1F2F0418A4222D040F20E
:1012D0000041C2F600218A4260D140F60001C2F608
:1012E000306170E00721C0F690418A4206DC02219D
:1012F000C0F230418A42C0D1012164E00821C0F629
:1013000090418A421CD01021C1F2C0018A4211D002
:1013100044E000BF40F20021C2F2B05153E000BFF0
:101320000821C0F690418A420AD01021C1F2C001C2
:101330008A423DD140F20011C2F2801143E000BF69
:101340008021C1F650513EE040F60001C2F6306106
:101350008A421DD042F20001C3F290618A4227D135
:1013600044F20001C3F6C0212DE000BF40F60001A9
:10137000C2F630618A420BD041F20001C3F2602113
:101380008A420BD142F20001C3F290611BE000BF20
:1013900041F20001C3F2602115E000BF00240021EA
:1013A000C4F68434A24204BF0021C4F6B8710AE036
:1013B00044F200040021C3F6C024A24204BF48F254
:1013C0000001C3F6F061734512D091FAA1F44FF613
:1013D000C135B4FA84F4C0F20A05294208BF8C0E64
:1013E00004F01F01012404FA01F1DC692143D961F1
:1013F000B2F1FF3F02DD002151E000BF42F20001E7
:1014000042F20016C4F20201C4F2020601F5807431
:1014100001F54275A342644608BF2C468B4208BFC3
:101420002C4643F48075B54225682BD18C68D1F8E1
:1014300008112143C9072DD1002105F0E074CCF239
:1014400052718A4208BF15F400012FD00021CCF25E
:1014500021318A4208BF15F080712BD00021CCF6D3
:1014600084318A424FF0000119D115F4800208BF7F
:10147000734514D1DCF8001021F0E071214341F4F0
:10148000800156E04FF60051CFF6FF715CF8011075
:10149000C907D1D0016E41F020010166012100226F
:1014A00080F85C20084601B0BDE8F081734505D0A6
:1014B0000021F4E7734535D00021F0E7DCF8001097
:1014C00042F6635221F0E071C0F23E52214341F4F2
:1014D0000001CCF8001040F20801C2F20041096896
:1014E0008909A1FB02129109022202EB410100913C
:1014F000009919B3009901390091009901B300993D
:10150000013900910099E9B10099013900910099E0
:10151000D1B1009901390091009900294FF00001E3
:10152000E8D1BCE7DCF8001021F0E071214341F084
:101530008071CCF800100021B1E700BF0021AEE7B8
:101540000021ACE70021AAE70021A8E70000000085
:1015500008F0FABF0000000009F016B80000000013
:1015600009F032B800000000406E70470000000033
:10157000B0B582B0044600284FF00000019009D0B9
:10158000206E58B120688168890012D48168C90032
:1015900019D54EE00125284602B0B0BD204600F026
:1015A00063F90020606684F85C0020688168890027
:1015B000ECD54FF6C0728168C5F6FF7211408160AC
:1015C0008168C90035D44FF6C0718268C5F6FF71D5
:1015D00001F18051114042F6635201F18051816066
:1015E00040F20801C0F23E52C2F200410968890986
:1015F000A1FB0212012101EB921101910199C1B1EC
:10160000019901390191019900291FBF01990139FF
:10161000019101991FBF00290199013901911CBF56
:101620000199002905D001990139019101990029F9
:10163000E6D18168C90009D4216E012541F010016D
:101640002166616E41F00101616600E0002581685C
:10165000226E02F01002C1F380018918216E07D0BA
:1016600041F0100001252066284602B0B0BD00BF41
:1016700021F4817146F2100C023121668168C5F6B1
:10168000020CC90724D142F2001240F48071C4F266
:101690000202914242F20001C4F2020140F0A08035
:1016A0008A68D1F808311A43D20711D101F5807246
:1016B00001F5427390421A4618BF0CF53E728842FB
:1016C00008BF1A466168136823F47C13194311603C
:1016D000617EE36BACF1100E704543EA413121D0DD
:1016E000A268114394F82020012A41EA024306D15E
:1016F000616A0022CFF6FE7202EB41410B43A16A00
:1017000029B101F47871E26A194341EA0203704594
:1017100016D04CF20302C168CFF6F07211401943A3
:10172000C1601FE0D4E90232082B41EA02015DD01A
:101730000C2B5FD01C2B61D110231943D2E700BFC3
:1017400044F207025CF8041CCFF6F0721140194312
:101750004CF8041CDCF80010626B21F0406111436E
:10176000CCF8001081688268D20842EA9101C9076A
:1017700065D1217E70454FEA813103D0226B114340
:1017800004E000BF94F8382041EA4201C26844F204
:1017900003039A431143C16094F84410012919D1FD
:1017A0004FF61E017045CFF600412DD0026902EAC6
:1017B000010C0021D4E91223CFF6FF7101EB0241A5
:1017C0004CEA0302236D1143626D1943114341F04A
:1017D000010102E0016921F00101016123E000BF84
:1017E0005CF8082CD2073FF461AF71E7002319437E
:1017F00078E700BF0823194374E700BF182B18BF10
:10180000002319436EE700BFDCF800201140D4E943
:1018100012231143226D1943636D1143194341F0A3
:101820000101CCF800100169226C21F07041704573
:1018300041EA0201016102D02046FEF7DDFD206889
:101840002169026B012922F00F0102D1E269013AFC
:10185000114301630121206E61F3010020662846D7
:1018600002B0B0BD0000000070B5B6B0044602A8DA
:101870002830902100253195CDE93455CDE93255F8
:10188000FEF77CFD42F200012068C4F202018842AA
:1018900002D036B070BD00BF4FF40020029004208B
:1018A00004900C20059002200890CDE90600C0208D
:1018B0000395CDE9090502A80B952A9503F0F8F8E0
:1018C00008B1FFF7EDF944F2D8400026C5F6020052
:1018D000016841F020010160016801F020010191DF
:1018E0000199816841F004018160806831A900F0AC
:1018F000040001900198012031900320329040F6BD
:101900000000C5F60200339602F06EFA40F2301580
:101910002820C2F20045C4F2020028600920C5E96F
:1019200001064FF4806028614FF4006068614FF455
:101930000050EE60C5E906064FF44030C5E90806E0
:10194000284601F0D5FC08B1FFF7AAF9A565AC63FC
:1019500036B070BD000000002DE9F04F81B042F2BA
:10196000000546F20C0BC4F20205044605F5427769
:10197000036805F58076C5F6020B3846B34218BFFA
:101980000BF53F70AB4208BF384600689B685B07A9
:1019900004D4894694F85C10012903D1022001B0D7
:1019A000BDE8F08F00F01F0A0120BAF1090F84F89A
:1019B0005C0055D800FA0AF040F2212108424FD0CD
:1019C00020469046FEF7A0FE30B1002184F85C105E
:1019D00001B0BDE8F08F00BF216840F60172206EB3
:1019E000B14220EA020018BF0D46BAF1000F00F51F
:1019F0008070206618BF8D4203D1206E20F48010C5
:101A00002066206E40F2E953C0044FF0000044BF4E
:101A1000606E20F0060040F28167C0F60003606649
:101A2000C0F60007A06D0022C0E90F3740F26963DD
:101A3000C0F60003C3641C230B6084F85C20ABF188
:101A40000C024B68914243F010024A6010D08B4662
:101A5000226B5BF80C3F23F003031A4316E000BF30
:101A6000002084F85C00012001B0BDE8F08F00BFC9
:101A700094F83820DBF8003023F0030343EA4202F5
:101A8000CBF80020DBF8002042F00102CBF8002068
:101A900040314A46434601F06FFF21684FF6C0735C
:101AA000C7F6FF738A681A4004328A6001B0BDE845
:101AB000F08F000000000000B0B5044690F85C0014
:101AC000012801D10220B0BD012084F85C0003216F
:101AD0002046FEF711FD054620B1002084F85C0089
:101AE0002846B0BD2168A06DCA6822F00302CA6012
:101AF00090F83520022A16D100F01AFA90B1054666
:101B00002068216E41F040012166416821F01001FA
:101B100041602046FEF7B8FD002084F85C002846AE
:101B2000B0BD00BF2168486820F010004860204622
:101B3000FEF7AAFD05460028CFD1206E41F2011123
:101B40008843002501302066002084F85C00284688
:101B5000B0BD000000000000704700000000000061
:101B60007047000000000000704700000000000007
:101B70002DE9F041044600284FF0010000F0AB8051
:101B80000D46002900F0A780607901284FF002007F
:101B900008BFBDE8F0812968904604294FF0010292
:101BA000627120714ED102F013FA2168B8F1000F72
:101BB0000746486B14D0B0F1FF3F06DDA8694864C2
:101BC0002AE000BF486B0028F8D502F001FAC01BDC
:101BD00021680228F6D3486BB0F1FF3FF2DC11E038
:101BE00048F20006C2F2000601E000BF486B304236
:101BF00010D002F0EDF9C01B21680228F6D3486B23
:101C00003042F3D0206940F00800206103202071A9
:101C1000BDE8F081A869086408F0100240F2FF33C3
:101C2000886C9340EF69984307FA02F32F6A1843D0
:101C30008864FF20CB6C904023EA000007FA02F290
:101C40001043C8642869216801280BD108F01002EC
:101C50001F23886B93406F69984307FA02F3184378
:101C6000886301E008F010020723C86BEF68934017
:101C7000012F20EA030C4FF0000003D0022F03D104
:101C8000012705E0002703E0AF68B7FA87F77F096F
:101C90002E68AB6837433B436F68934043EA0C03BD
:101CA000CB634FF480430E68934026EA03030B6036
:101CB00040F6FE730E68934026EA030397403B43C9
:101CC0000B60C02303FA02F20B6823EA02020A60E7
:101CD000012121716071BDE8F08100000000000069
:101CE00008F082BC0000000008F096BC0000000074
:101CF00008F0A6BC0000000080B110B504460079D1
:101D000020B900206071204600F00AF802202071FE
:101D1000002020610121217110BD00BF012070470A
:101D200070B586B047F2004104460068C4F2000175
:101D3000002688420596049602D006B070BD00BF0A
:101D400044F2E040C5F60200816841F00051816034
:101D5000816801F0005100910099016841F0010192
:101D60000160006801A900F00100009000981020B7
:101D700001900320CDE902060020C5F6020002F022
:101D800033F840F2A8151020C2F20045C4F2020058
:101D90002860432068604020C5E902064FF4806057
:101DA00028614FF4006068614FF40050A8614FF45F
:101DB0008070E8614FF44030C5E90806284601F01C
:101DC00097FA08B1FEF76CFFA560AC6306B070BD72
:101DD00070B568B30446407901284FF0020008BF8F
:101DE00070BD0D46DDF810C04FF00101617120712A
:101DF00005B3E06840F2E17640F6290E2168C0F6AE
:101E00000006C0F6000EC0E90F6E40F60906BCF1F0
:101E1000040FC0F60006C6640E6846F080560E60D9
:101E200028D0BCF1000F29D101F1140C28E000BF2B
:101E3000012070BDA06840F2D17E40F621062168E5
:101E4000C0F6000EC0F60006C0E90FE640F2F176DB
:101E5000BCF1040FC0F60006C6640E6846F4805656
:101E60000E602DD0BCF1000F30D101F1080C4FF401
:101E7000005E07E001F1180C02E000BF01F11C0C4C
:101E80004FF0005E0E6846EA0E060E60114662468E
:101E900001F072FD4FF00001617128B1216941F03C
:101EA0000401216170BD00BF206805F0100101220E
:101EB00002FA01F1026811430160002070BD00BF09
:101EC00001F10C0C4FF4005EDCE700BF01F1100CD7
:101ED0004FF4005ED6E7000070B54FF0010418B370
:101EE0000546006801F010024FF4805303FA02FC2B
:101EF000036823EA0C0303600C230029016804FA39
:101F000002F208BF08236FF0005621EA02010160C7
:101F100008BF6FF40056E85800F00AF82868016816
:101F2000314001602C710024204670BD000000008B
:101F30002DE9F041044602F04BF80CB3054694F845
:101F40003500022820D140F20F472668C4F202076C
:101F500040F26F48BE42C4F202081DDC6F20C4F29A
:101F6000020086422ADC3F20C4F20200864241DCA5
:101F70001020C4F20200864263D028205CE000BF3B
:101F80000120BDE8F08100BF8020606501200021B4
:101F900084F83410BDE8F08146451BDC40F23F4038
:101FA000C4F2020086422DDC40F21040C4F202006E
:101FB000864246D040F228403EE000BF9F20C4F257
:101FC0000200864228DC7020C4F20200864238D02B
:101FD000882031E040F29F40C4F20200864223DCB8
:101FE00040F27040C4F2020086422AD040F288409B
:101FF00022E000BF4020C4F20200864221D05820D7
:102000001AE000BF40F24040C4F20200864218D0FD
:1020100040F2584010E000BFA020C4F20200864207
:102020000FD0B82008E000BF40F2B840C4F2020070
:10203000864206D040F2A040C4F20200864240F040
:1020400099813146306820F01E0041F8140B6FF082
:1020500080000A68464500EA020008601ADC9F20FA
:10206000C4F20200864233DC5720C4F202008642EA
:102070005ADC1020C4F20200864200F0978028202B
:10208000C4F20200864200F091804020C4F20200B7
:102090008AE000BF45F22F40C5F6020086422DDCE3
:1020A00040F2B740C4F2020086424BDC40F270407E
:1020B000C4F20200864279D040F28840C4F20200A5
:1020C000864273D040F2A040C4F202006CE000BF30
:1020D00040F22740C4F20200864243DCA020C4F252
:1020E0000200864262D0B820C4F2020086425DD06F
:1020F00040F21040C4F2020056E000BF45F26B40CF
:10210000C5F6020086423FDC45F23040C5F60200CB
:1021100086424BD045F24440C5F60200864245D087
:1021200045F258403EE000BF5820C4F2020086420B
:102130003CD07020C4F20200864237D08820C4F21E
:10214000020031E040F2B840C4F2020086422DD0D5
:1021500045F20840C5F60200864227D045F21C40F1
:1021600020E000BF40F22840C4F2020086421DD0A9
:1021700040F24040C4F20200864217D040F258407C
:10218000C4F2020010E000BF45F26C40C5F6020048
:1021900086420BD045F29440C5F60200864205D037
:1021A00045F28040C5F60200864204D1206E0168E7
:1021B00021F480710160306820F00100306000BFC0
:1021C0003068C00710D001F003FF401B0628F7D38A
:1021D00020206065032084F835000120002184F868
:1021E0003410BDE8F08100BF2068B84210DC6F21D8
:1021F000C4F2020188421DDC3F21C4F20201884280
:1022000034DC1021C4F20201884255D028214FE06D
:1022100040451BDC40F23F41C4F2020188422DDC04
:1022200040F21041C4F20201884245D040F22841F8
:102230003EE000BF9F21C4F20201884228DC7021E9
:10224000C4F20201884237D0882131E040F29F4138
:10225000C4F20201884223DC40F27041C4F2020160
:10226000884229D040F2884122E000BF4021C4F2D8
:102270000201884220D058211AE000BF40F24041BC
:10228000C4F20201884217D040F2584110E000BF6A
:10229000A021C4F2020188420ED0B82108E000BF9C
:1022A00040F2B841C4F20201884205D040F2A04198
:1022B000C4F20201884261D1D4E9161202F01F0271
:1022C0003F2303FA02F28A60404561DC9F21C4F299
:1022D0000201884214DC5721C4F20201884227DC43
:1022E0001021C4F20201884200F0A8802821C4F223
:1022F0000201884200F0A2804021C4F202019BE06A
:1023000040F22741C4F20201884221DCA021C4F23C
:102310000201884200F09280B821C4F20201884292
:1023200000F08C8040F21041C4F2020184E000BF52
:102330005821C4F20201884200F080807021C4F26A
:10234000020188427AD08821C4F2020174E000BF01
:1023500040F22841C4F2020188426FD040F240416D
:10236000C4F20201884269D040F25841C4F202012D
:1023700062E000BF6FF00E0031466AE6D4E9161243
:1023800002F01F02012303FA02F24A6040459DDD7C
:1023900045F22F41C5F60201884217DC40F2B741F1
:1023A000C4F20201884227DC40F27041C4F202010B
:1023B000884243D040F28841C4F2020188423DD0B5
:1023C00040F2A041C4F2020136E000BF45F26B4189
:1023D000C5F6020188421FDC45F23041C5F6020114
:1023E00088422BD045F24441C5F60201884225D0EF
:1023F00045F258411EE000BF40F2B841C4F202016C
:1024000088421BD045F20841C5F60201884215D02A
:1024100045F21C410EE000BF45F26C41C5F60201D9
:1024200088420BD045F29441C5F60201884205D09E
:1024300045F28041C5F6020188420BD1616EA26E61
:10244000E06E4A6030B1016821F480710160D4E926
:102450001C014160012084F835000020002184F82F
:102460003410BDE8F081000080B5D8B190F8351087
:10247000022919D140F20F420168C4F202029142CE
:1024800016DC6F23C4F20203994227DC3F23C4F217
:10249000020399423EDC1023C4F2020399425FD04A
:1024A000282359E0012080BD80214165012080BDA5
:1024B00040F26F43C4F2020399421BDC40F23F43F7
:1024C000C4F2020399422DDC40F21043C4F202032D
:1024D000994245D040F228433EE000BF9F23C4F21A
:1024E0000203994228DC7023C4F20203994237D0D8
:1024F000882331E040F29F43C4F20203994223DC77
:1025000040F27043C4F20203994229D040F288435A
:1025100022E000BF4023C4F20203994220D0582396
:102520001AE000BF40F24043C4F20203994217D0C0
:1025300040F2584310E000BFA023C4F202039942C6
:102540000ED0B82308E000BF40F2B843C4F2020343
:10255000994205D040F2A043C4F20203994275D1DA
:1025600091424FF0040280F8352011DC6F20C4F254
:102570000200814222DC3F20C4F20200814239DCA9
:102580001020C4F20200814259D0282054E000BF3C
:1025900040F26F40C4F2020081421BDC40F23F4037
:1025A000C4F2020081422DDC40F21040C4F202006D
:1025B000814244D040F228403EE000BF9F20C4F258
:1025C0000200814228DC7020C4F20200814236D031
:1025D000882031E040F29F40C4F20200814223DCB7
:1025E00040F27040C4F20200814228D040F288409C
:1025F00022E000BF4020C4F2020081421FD05820D8
:102600001AE000BF40F24040C4F20200814216D0FE
:1026100040F2584010E000BFA020C4F20200814206
:102620000DD0B82008E000BF40F2B840C4F202006C
:10263000814204D040F2A040C4F202008142086806
:1026400020F001000860002080BD00BF0A6822F071
:102650000E020A6045F25742C5F6020291420A682C
:1026600022F001020A600FDC45F22F42C5F6020299
:10267000914219DC45F20842C5F60202914229D086
:1026800045F21C4222E000BF45F27F42C5F602023D
:10269000914213DC45F25842C5F60202914219D02C
:1026A00045F26C4212E000BF45F23042C5F602022C
:1026B00091420FD045F2444208E000BF45F29442F7
:1026C000C5F60202914205D045F28042C5F60202EB
:1026D00091421AD1D0E9181CD0E916E30A6822F415
:1026E00080720A6003F01F01012202FA01F1CEF8A4
:1026F0000410816ECCF80410C16E31B10A6822F466
:1027000080720A60D0E91C124A60012180F83510FD
:10271000026D002180F834100AB19047002108466C
:1027200080BD00000000000070B528B3016840F2D1
:102730006F420446C4F202020868914220F0010090
:1027400008604FF0010019DC9F22C4F2020291429E
:1027500030DC5722C4F20202914255DC1022C4F24E
:102760000202914200F07F802822C4F202029142CC
:1027700079D0402272E000BF012070BD45F22F42A7
:10278000C5F60202914229DC40F2B742C4F20202CD
:10279000914245DC40F27042C4F20202914262D0A2
:1027A00040F28842C4F2020291425CD040F2A04260
:1027B00054E000BF40F22742C4F2020291423FDCE3
:1027C000A022C4F2020291424DD0B822C4F2020209
:1027D000914248D040F2104240E000BF45F26B42C7
:1027E000C5F60202914251DC45F23042C5F60202C2
:1027F00091425ED045F24442C5F60202914258D061
:1028000045F2584250E000BF5822C4F20202914201
:1028100029D07022C4F20202914224D088221DE005
:1028200040F2B842C4F2020291421CD045F2084282
:10283000C5F6020291423CD045F21C4234E000BF92
:1028400040F22842C4F2020291420CD040F24042CF
:10285000C4F20202914206D040F25842C4F202028F
:10286000914240F0F5800020086048608860C860B0
:102870000861212048612046FDF7EAFFE16D3F2213
:1028800001F01F0102FA01F1816022E045F26C4281
:10289000C5F6020291420CD045F28042C5F6020212
:1028A000914206D045F29442C5F60202914240F0B0
:1028B000CF800020086048608860C86008612046BA
:1028C000FDF7C6FFE16D012201F01F0102FA01F1DF
:1028D000416045F2574C2268C5F6020C45F6000EE1
:1028E0006245C5F6020E13DC45F22F40C5F6020024
:1028F000824221DC45F20840C5F60200824235D012
:1029000045F21C40C5F6020082422FD0A2E000BF73
:1029100045F27F40C5F6020082421BDC45F258407A
:10292000C5F60200824221D045F26C40C5F6020095
:1029300082421BD08EE000BF45F23040C5F6020057
:10294000824213D045F24440C5F6020082420DD0C7
:1029500080E000BF45F29440C5F60200824205D0F7
:1029600045F28040C5F60200824273D16FF0070045
:102970004CF6CD4150FA82F0CCF6CC41A0FB0101DF
:102980000EF180057346090903EB810001F01F0673
:1029900020660120656600FA06F6A666002043F868
:1029A00021006E6061684B1E072B43D862450FDC27
:1029B00045F22F46C5F60206B24219DC45F208463A
:1029C000C5F60206B24229D045F21C4622E000BFFD
:1029D00045F27F46C5F60206B24213DC45F2584680
:1029E000C5F60206B24219D045F26C4612E000BFAD
:1029F00045F23046C5F60206B2420FD045F24446D3
:102A000008E000BF45F29446C5F60206B24205D082
:102A100045F28046C5F60206B2423DD10EEB810179
:102A20000EF5A072FC31E166012600250D6006FA64
:102A300003F15160C4E91B006067C4E90F00C4E9F9
:102A40001100C4E91300606584F8350084F834008F
:102A500070BD00BF6FF00F004AF6AB2150FA82F054
:102A6000CAF6AA21A0FB010340F20F41C4F2020101
:102A7000082518098A4201F1AA06014688BF05EB1C
:102A8000131140F60003B242C4F2020303F18005C1
:102A900028BF014678E700BF40F60002C4F20202F8
:102AA00002EB810102F5A072FC31BDE700000000DD
:102AB000406D7047000000002DE9F04782B0002112
:102AC000019140F208010446C2F2004148F2B512F9
:102AD000C1F64E32A56D096840F26F490068C4F234
:102AE0000209A1FB021848452E68296816DC9F21BF
:102AF000C4F2020188422DDC5721C4F2020188424F
:102B000052DC1021C4F2020188427BD02821C4F299
:102B10000201884276D0402170E000BF45F22F428A
:102B2000C5F60202904229DC40F2B742C4F202022A
:102B3000904245DC40F27041C4F20201884261D00B
:102B400040F28841C4F2020188425BD040F2A041C9
:102B500054E000BF40F22741C4F2020188423FDC4A
:102B6000A021C4F2020188424CD0B821C4F2020173
:102B7000884247D040F2104140E000BF45F26B422E
:102B8000C5F60202904275DC45F23042C5F60202FB
:102B9000904200F0818045F24442C5F60202904224
:102BA0007AD045F2584273E05821C4F202018842BB
:102BB00028D07021C4F20201884223D088211DE070
:102BC00040F2B842C4F2020290421BD045F20842E1
:102BD000C5F6020290425FD045F21C4258E000BFA9
:102BE00040F22841C4F2020188420BD040F2404139
:102BF000C4F20201884205D040F25841C4F20201F9
:102C0000884261D1E16D082201F01F0140F20F4AB4
:102C10008A40C4F2020A324200F0E98050454FF087
:102C2000040313DC6F27C4F20207B8426CDC3F27B1
:102C3000C4F20207B84200F3A7801027C4F20207CB
:102C4000B84200F0C8802827C0E000BF484567DCD4
:102C500040F23F47C4F20207B84200F39D8040F2C1
:102C60001047C4F20207B84200F0B58040F228478E
:102C7000ACE000BF45F26C42C5F6020290420BD0B8
:102C800045F28042C5F60202904205D045F29442D8
:102C9000C5F60202904217D10268E36D570703F0B0
:102CA0001F0315D504279F4017EA010610D0110411
:102CB0006F6045D4910603D4016821F004010160DE
:102CC000216C002940F0F68202B0BDE8F08700BF19
:102CD00097073DD502279F4017EA010638D0110417
:102CE0006F6000F1ED82910609D4016821F00A01BC
:102CF0000160012084F83500002084F83400E16B85
:102D0000002940F0D782DFE79F27C4F20207B842CC
:102D10004CDC7027C4F20207B8425CD0882755E02B
:102D200040F29F47C4F20207B84247DC40F27047C6
:102D3000C4F20207B8424ED040F2884746E000BFD6
:102D4000D00300F1C382A16C002940F0B382BBE73D
:102D50001207B9D508229A401140B5D0016821F078
:102D60000E010160012000FA03F16960606584F8DA
:102D700035000020E16C84F834000029A4D02046FE
:102D8000884702B0BDE8F0874027C4F20207B84286
:102D900021D058271AE000BF40F24047C4F2020792
:102DA000B84218D040F2584710E000BFA027C4F244
:102DB0000207B8420FD0B82708E000BF40F2A04792
:102DC000C4F20207B84206D040F2B847C4F2020784
:102DD000B84218BF082307681F4208D0036823F0D1
:102DE00004030360AA60626D42F001026265012281
:102DF0008A4032426FD0504510DC6F23C4F2020388
:102E000098421DDC3F23C4F20203984234DC1023B5
:102E1000C4F20203984256D028234FE048451BDCF9
:102E200040F23F43C4F2020398422DDC40F21043CB
:102E3000C4F20203984246D040F228433EE000BF6D
:102E40009F23C4F20203984228DC7023C4F20203D9
:102E5000984238D0882331E040F29F43C4F2020305
:102E6000984223DC40F27043C4F2020398422AD015
:102E700040F2884322E000BF4023C4F2020398429C
:102E800021D058231AE000BF40F24043C4F20203AD
:102E9000984218D040F2584310E000BFA023C4F27B
:102EA000020398420FD0B82308E000BF40F2A043CD
:102EB000C4F20203984206D040F2B843C4F20203BF
:102EC000984240F00B8243691B0604D5AA60626DEC
:102ED00042F00202626504228A4032426FD05045BD
:102EE00010DC6F23C4F2020398421DDC3F23C4F2BE
:102EF0000203984234DC1023C4F20203984256D0F5
:102F000028234FE048451BDC40F23F43C4F2020354
:102F100098422DDC40F21043C4F20203984246D09E
:102F200040F228433EE000BF9F23C4F202039842D0
:102F300028DC7023C4F20203984238D0882331E0A1
:102F400040F29F43C4F20203984223DC40F27043F4
:102F5000C4F2020398422AD040F2884322E000BF24
:102F60004023C4F20203984221D058231AE000BF44
:102F700040F24043C4F20203984218D040F2584352
:102F800010E000BFA023C4F2020398420FD0B82380
:102F900008E000BF40F2A043C4F20203984206D00A
:102FA00040F2B843C4F20203984240F09F810368A4
:102FB0009B0704D5AA60626D42F00402626510228C
:102FC00002FA01F1314200F0818050454FF00802D1
:102FD00010DC6F23C4F2020398421DDC3F23C4F2CD
:102FE0000203984234DC1023C4F20203984256D004
:102FF00028234FE048451BDC40F23F43C4F2020364
:1030000098422DDC40F21043C4F20203984246D0AD
:1030100040F228433EE000BF9F23C4F202039842DF
:1030200028DC7023C4F20203984238D0882331E0B0
:1030300040F29F43C4F20203984223DC40F2704303
:10304000C4F2020398422AD040F2884322E000BF33
:103050004023C4F20203984221D058231AE000BF53
:1030600040F24043C4F20203984218D040F2584361
:1030700010E000BFA023C4F2020398420FD0B8238F
:1030800008E000BF40F2A043C4F20203984206D019
:1030900040F2B843C4F20203984218BF0422036806
:1030A000134213D0A96001684903016808D4C90517
:1030B00008D4016821F008010160216C21B905E004
:1030C00008034FD4216C09B120468847E06D00F019
:1030D0001F01202000FA01F2324200F0AB8020688C
:1030E0001023504510DC6F27C4F20207B8421DDCE4
:1030F0003F27C4F20207B84238DC1027C4F20207A7
:10310000B8425AD0282753E048451BDC40F23F47DD
:10311000C4F20207B84231DC40F21047C4F20207A1
:10312000B8424AD040F2284742E000BF9F27C4F28D
:103130000207B8422CDC7027C4F20207B8423CD028
:10314000882735E040F29F47C4F20207B84227DCE7
:1031500040F27047C4F20207B8422ED040F28847CE
:1031600026E000BFA16C0029AED1AFE74027C4F232
:103170000207B84221D058271AE000BF40F240476A
:10318000C4F20207B84218D040F2584710E000BF1E
:10319000A027C4F20207B8420FD0B82708E000BF4A
:1031A00040F2A047C4F20207B84206D040F2B84746
:1031B000C4F20207B84218BF022307681F4239D081
:1031C000AA6094F83520042A02681BD122F0160266
:1031D0000260426922F080024261226C0AB9A26C4C
:1031E0001AB1026822F0080202603F208840A860FD
:1031F000012084F83500216D0020002984F8340076
:1032000058D161E5510301680CD4C9050ED4016899
:1032100021F010010160012084F83500002084F8BD
:10322000340003E0080301D4616C00E0E16B09B1F4
:1032300020468847606D00283FF446AD606DC007AA
:1032400034D0042084F8350020684FEA98210268C1
:1032500022F001020260019A013201928A421AD8D8
:103260000268D20717D0019A013201928A4212D81D
:103270000268D2070FD0019A013201928A420AD81D
:103280000268D20707D0019A013201928A4202D81D
:103290000268D207DFD10068C0074FF0030008BF03
:1032A000012084F83500002084F83400E16C002906
:1032B0003FF40AAD2046884702B0BDE8F08700BF62
:1032C000D00307D4616C0029F4D1FDE4216C0029FE
:1032D000F0D1F9E4E16B0029ECD1F5E402680422B5
:1032E0008A4032427FF4FBAD69E600BF026866E6C1
:1032F0002DE9F04381B0044600F06AFE002C00F096
:10330000128140F26F4805462068C4F20208404529
:1033100016DC9F21C4F2020188422DDC5721C4F241
:103320000201884254DC1021C4F20201884200F0FC
:103330007E802821C4F20201884278D0402171E0C9
:1033400045F22F41C5F60201884229DC40F2B7411F
:10335000C4F20201884247DC40F27041C4F202012B
:10336000884264D040F28841C4F2020188425ED0B3
:1033700040F2A04156E000BF40F22741C4F20201F2
:10338000884241DCA021C4F2020188424FD0B8211A
:10339000C4F2020188424AD040F2104142E000BF2C
:1033A00045F26B41C5F60201884200F3C18045F247
:1033B0003041C5F60201884200F0CD8045F244411B
:1033C000C5F60201884200F0C68045F25841BDE0D2
:1033D0005821C4F20201884229D07021C4F20201AE
:1033E000884224D088211DE040F2B841C4F2020195
:1033F00088421CD045F20841C5F60201884200F01F
:10340000AA8045F21C41A1E040F22841C4F2020129
:1034100088420CD040F24041C4F20201884206D0FA
:1034200040F25841C4F20201884240F097820221E2
:1034300084F83510002184F83410016821F001016E
:1034400001600168C90708D000F0C2FD401B0528D3
:1034500064D820680168C907F6D148F23F0204F138
:1034600008060168CFF610621140D4F818C06CCE7F
:103470001143D4F824901943E3692943256A0E4384
:10348000B9F1040F46EA0C0643EA060343EA0503D2
:1034900003D1D4E90B6533432B43666843F48011B1
:1034A000A6F13F07A6F12905042FA6F1470238BF70
:1034B0000B46062DA6F14F0E38BF0B46022A26F00A
:1034C000030238BF0B46BEF1040F38BF0B46742A07
:1034D00008BF0B46B9F1040F0360416921F00701F1
:1034E00041EA090140F0F480D4E90A53002B41EA93
:1034F000050100F0ED80BCF5005F00F0CF80BCF16D
:10350000000F40F0D780022D00F0D780012D00F091
:10351000CB80002D00F0D180DAE000BF2020606574
:10352000032084F83500012001B0BDE8F08300BF1E
:1035300045F26C41C5F6020188420CD045F280414B
:10354000C5F60201884206D045F29441C5F6020153
:10355000884240F00382022184F83510002184F86B
:1035600034100168A268A2F18003E768B3FA83F31C
:10357000402A4FEA53134FEA83336FF3101108BF09
:103580001023226941EAD70167691943A36941EA17
:10359000D201E26941EAD70141EAD3014CF6CD43B9
:1035A00041EAD2014AF6F832CAF2FD72276A0244B1
:1035B000CCF6CC43A2FB032341EA171101606FF064
:1035C000030000EA9300E0652046FDF741F9E16D54
:1035D000012201F01F0102FA01F14160206840451B
:1035E00040F3858045F22F41C5F60201884217DC81
:1035F00040F2B741C4F20201884229DC40F2704136
:10360000C4F20201884200F0BC8040F28841C4F25A
:103610000201884200F0B58040F2A041ACE000BF5A
:1036200045F26B41C5F60201884223DC45F2304188
:10363000C5F60201884200F0A48045F24441C5F677
:103640000201884200F09D8045F2584122E000BF0F
:1036500040F2B841C4F20201884200F0928045F283
:103660000841C5F60201884200F08B8045F21C41FA
:1036700010E000BF45F26C41C5F60201884200F03F
:10368000808045F29441C5F60201884200F07980BD
:1036900045F28041C5F6020170E000BF032D17D846
:1036A000DFE805F00E0B0E02A3F1C072B2FA82F24F
:1036B000520904E0032D03D30AD1C3F300623AB1E7
:1036C00040206065012084F8350001B0BDE8F0833A
:1036D00041612046FDF7BCF8E16D3F2201F01F017A
:1036E00002FA01F18160206840453FF77BAF9F21DE
:1036F000C4F20201884211DC5721C4F2020188425F
:1037000020DC1021C4F2020188423AD02821C4F200
:103710000201884235D040212EE000BF40F227410F
:10372000C4F20201884219DCA021C4F202018842DD
:1037300027D0B821C4F20201884222D040F21041C1
:103740001AE000BF5821C4F20201884219D070214A
:10375000C4F20201884214D088210DE040F22841D1
:10376000C4F2020188420CD040F24041C4F202018E
:10377000884206D040F25841C4F20201884240F02B
:10378000E58045F2574C45F6FC0EC5F6020CC5F631
:10379000020E604512DC45F22F41C5F60201884257
:1037A00020DC45F20841C5F60201884234D045F2DA
:1037B0001C41C5F6020188422ED085E045F27F41CA
:1037C000C5F6020188421BDC45F25841C5F60201EC
:1037D000884221D045F26C41C5F6020188421BD0D7
:1037E00072E000BF45F23041C5F60201884213D0B5
:1037F00045F24441C5F6020188420DD064E000BFA5
:1038000045F29441C5F60201884205D045F2804157
:10381000C5F60201884257D16FF007014CF6CD4240
:1038200051FA80F1CCF6CC42A1FB0212AEF1FC05BC
:10383000AEF17C061309A26803F01F01802A4FF045
:10384000010205EB8305256602FA01F26666A266AF
:1038500002D10021616000E06168CBB20139072923
:103860002B60726016D85E1E082E19D260450EF1CC
:10387000440219DC45F22F41C5F60201884245DCBD
:1038800045F20841C5F60201884255D045F21C4177
:103890004EE000BF00206067C4E91B0056E000BF97
:1038A000D4E91B02616F4EE045F27F41C5F602018B
:1038B000884235DC45F25841C5F6020188423BD0CA
:1038C00045F26C4134E000BF6FF00F014AF6AB22C5
:1038D00051FA80F1CAF6AA22A1FB021240F20F436C
:1038E000C4F2020308251109984203F1AA060B4607
:1038F00088BF05EB121340F60005B042C4F2020582
:1039000005F1800628BF0B4695E700BF45F2304120
:10391000C5F6020188420FD045F2444108E000BFDD
:1039200045F28041C5F60201884205D045F2944136
:10393000C5F60201884213D101210EEB8300B1408C
:10394000E0662267616700230360516000206065C4
:10395000012184F8351001B0BDE8F0834020DEE598
:1039600040F60000C4F2020000F1FC0E00F5A07267
:10397000E2E7000000000000B0B500283CD005469A
:1039800090F83400012801D10220B0BD012085F853
:10399000340095F83500012828D1022085F835003B
:1039A000002068652868046824F001040460284643
:1039B000FCF7E6FF40F20F422868C4F2020240F230
:1039C0006F419042C4F2020118DC6F23C4F202037B
:1039D000984225DC3F23C4F2020398423CDC1023CA
:1039E000C4F2020398425ED0282357E04FF40060EF
:1039F0006865002085F834000120B0BD88421BDCDA
:103A000040F23F43C4F2020398422DDC40F21043DF
:103A1000C4F20203984246D040F228433EE000BF81
:103A20009F23C4F20203984228DC7023C4F20203ED
:103A3000984238D0882331E040F29F43C4F2020319
:103A4000984223DC40F27043C4F2020398422AD029
:103A500040F2884322E000BF4023C4F202039842B0
:103A600021D058231AE000BF40F24043C4F20203C1
:103A7000984218D040F2584310E000BFA023C4F28F
:103A8000020398420FD0B82308E000BF40F2B843C9
:103A9000C4F20203984206D040F2A043C4F20203EB
:103AA000984240F02F8103680B2464F344030360C1
:103AB0002B6C1BB1036843F008030360884219DCD8
:103AC0009F23C4F20203984232DC5723C4F202035C
:103AD000984259DC1023C4F20203984200F0968009
:103AE0002823C4F20203984200F090804023C4F2DD
:103AF000020389E045F22F43C5F6020398422DDC0C
:103B000040F2B743C4F2020398424BDC40F27043E8
:103B1000C4F20203984279D040F28843C4F202030F
:103B2000984273D040F2A043C4F202036CE000BF9D
:103B300040F22743C4F20203984243DCA023C4F2BC
:103B40000203984262D0B823C4F2020398425DD0C7
:103B500040F21043C4F2020356E000BF45F26B434B
:103B6000C5F6020398423FDC45F23043C5F6020336
:103B700098424BD045F24443C5F60203984245D0E3
:103B800045F258433EE000BF5823C4F20203984276
:103B90003CD07023C4F20203984237D08823C4F289
:103BA000020331E040F2B843C4F2020398422DD040
:103BB00045F20843C5F60203984227D045F21C435C
:103BC00020E000BF40F22843C4F2020398421DD017
:103BD00040F24043C4F20203984217D040F25843E7
:103BE000C4F2020310E000BF45F26C43C5F60203C5
:103BF00098420BD045F29443C5F60203984205D093
:103C000045F28043C5F60203984274D12B6E1C68BE
:103C1000E40303D51C6844F480741C60EB6E1BB194
:103C20001D6845F480751D60904211DC6F21C4F25F
:103C3000020188421EDC3F21C4F20201884235DCC9
:103C40001021C4F20201884255D0282150E000BF63
:103C500088421BDC40F23F41C4F2020188422DDC65
:103C600040F21041C4F20201884244D040F228419F
:103C70003EE000BF9F21C4F20201884228DC70218F
:103C8000C4F20201884236D0882131E040F29F41DF
:103C9000C4F20201884223DC40F27041C4F2020106
:103CA000884228D040F2884122E000BF4021C4F27F
:103CB000020188421FD058211AE000BF40F2404163
:103CC000C4F20201884216D040F2584110E000BF11
:103CD000A021C4F2020188420DD0B82108E000BF43
:103CE00040F2B841C4F20201884204D040F2A0413F
:103CF000C4F202018842016841F001010160002024
:103D0000B0BD00BF0368052464F3430303602B6C5C
:103D1000002B3FF4D3AE036843F00403CDE600006C
:103D200070B578B3044690F8310028B9002084F8C3
:103D30003000204600F03CF800256560E56020205A
:103D4000258284F83300C4E905552562A58384F8EB
:103D5000320000F03DF921680A6942F480320A61BC
:103D60000969C9030AD5064600F032F9801BB0F58F
:103D7000FA7F09D820680069C003F5D42020656364
:103D800065630BE0012070BD606B012540F0800091
:103D90006063606B40F010006063A02084F8310025
:103DA000002084F83000284670BD000000000000AC
:103DB00081B044F200010068C4F60201884201D0DB
:103DC00001B0704744F2DC40C5F60200016841F4DE
:103DD00080310160006800F480300090009801B0EC
:103DE00070470000000000002DE9F04F85B00D681D
:103DF0000290002D00F0E68002988E4600F12642E7
:103E00000A2102F1FF7342F20042C5F602020024C9
:103E100090424FEAB32208BF0921082A4FF0010758
:103E200038BF4FEAB32100264FF000080091CDF8CB
:103E30000CE00DE0DEF8005008F1010835FA07F05B
:103E400006F1020607F1010704F1040400F0BA804C
:103E5000A7F1010A012000FA0AF315EA0309E9D0E3
:103E6000DEF804B00BF003056A1E012A22D802987E
:103E70004FEA4801D0F808C00191032101FA06F287
:103E800003992CEA020CD1F80CE00EFA06F1DDF8E9
:103E90000CE041EA0C01816041686FEA020CCBF34F
:103EA000001299430346019802FA0AF2114359603D
:103EB0000CE000BF0320032D00FA06F0029B6FEA1E
:103EC000000C304602D13046032526E0D968DEF8E2
:103ED000082001EA0C018240022D41EA0201D9606A
:103EE0001BD102466FF0030000EA5A010F2019446B
:103EF00004F01C0300FA03F51046D1F820E0039A01
:103F00002EEA0505DDF80CE012699A40029B2A436F
:103F10000A62DEF804B00BF00305196805FA00F038
:103F200001EA0C011BF4403F40EA010018603FF435
:103F300081AF44F2F44140F20845C5F60201C5F6EE
:103F400000050F23086840F002000860086800F0D0
:103F5000020004902AF00300049904F00C01425975
:103F60008B409A43009B03FA01F1114341514FF0FA
:103F7000B0452868DEF8041040EA0902CB0258BFB9
:103F800020EA09028B022A6040F20405C5F600050A
:103F9000286840EA090258BF20EA09028B032A6018
:103FA000D5F8800040EA090258BF20EA0902C90397
:103FB000C5F88020E86F40EA090258BF20EA0902EC
:103FC000EA6737E705B0BDE8F08F000000000000A9
:103FD00041F60040C2F20040006870470000000057
:103FE00040F2000041F60041C2F20040C2F200413E
:103FF00000780A6810440860704700000000000064
:1040000080B5032000F0F8F801F066FC44F2184196
:104010004AF6AC73C5F60201C0F600030A680968E7
:1040200001F00F01C2F30322595C9A5C01F01F01F9
:1040300002F01F02D04040F20C02C2F2004220FA0D
:1040400001F1116040F20801C2F2004108600F2046
:1040500000F00AF800281CBF012080BD00F07CF8A9
:10406000002080BD0000000070B540F20006C2F2E2
:1040700000463178E1B1044640F20800C2F2004047
:104080004FF47A72B2FBF1F10068B0FBF1F001F08D
:104090003BFF0F2C4FF0010508D838B94FF0FF3027
:1040A00000222146002500F077F87460284670BD94
:1040B000012070BD0000000010B54EF6A05E4178F2
:1040C000CEF2000E90F800C04EF8081CDEF800108A
:1040D00021F00101CEF8001041684EF8041C017B6C
:1040E000C37A827A447B1B0643EA0171837B41EAEF
:1040F000C241C27B41EA8441447A41EA4341007AA9
:1041000041EA024141EA042141EA400040EA0C0050
:10411000CEF8000010BD00004EF62450CEF2000094
:10412000BFF35F8F016821F48031016000210167D6
:1041300070470000000000004EF6245140F00100DE
:10414000CEF200010867086840F480300860BFF3D1
:104150004F8FBFF36F8F704781B044F2F440C5F6C4
:104160000200016841F002010160006800F00200F5
:104170000090009801B07047002848BF704700F0D9
:104180001F01012202FA01F14EF200124009CEF2A3
:10419000000242F82010704770B54EF60C5C4FF0EC
:1041A000FF36CEF2000C00F16045DCF80030C3F3BE
:1041B000022E8EF00703042B28BF0423BEF1030454
:1041C00006FA03F321EA030100F00F0338BF0024CD
:1041D000043BB0F1FF3F634406FA04F003F10C0323
:1041E00001FA04F1C8BF05F5644322EA0000084360
:1041F0000001187070BD00004EF60C514FF6FF0321
:10420000CEF200010A681A4060F30A2242F0806090
:1042100040F0FD7008607047B0B544F60C05C5F677
:10422000020529684907296806D401F00701081A20
:1042300018BF0120B0BD00BF21F00701084328606E
:10424000FFF7C6FE044600BF55F8080C800407D4EB
:10425000FFF7BEFE001BB0F57A7FF5D90120B0BD97
:104260000020B0BD0000000080B501F0ADFA44F2BE
:1042700020414AF6AC72C5F60201C0F60002096898
:10428000C1F30211515C01F01F01C84080BD000064
:1042900080B544F2304EC5F6020E5EF8083C5EF87A
:1042A000081CC1F3051C5EF8041CBCF1000FDEF80D
:1042B000042017D0C2F3CC0201F00101514303F0F6
:1042C0000303022B00EE101AB8EE400A10D0012BA7
:1042D00012D01BB95EF8301C890611D49FED361A36
:1042E0001CE000BF00218160C0E9001180BD00BF5B
:1042F0009FED301A12E000BF9FED2D1A0EE000BFB7
:104300005EF8301C49F20002C0F2D032C1F3C101A4
:1043100022FA01F101EE101AB8EE411ADEF800108F
:104320009FED263A6FF35F2102EE101ADEF80010BF
:10433000C1F34621B8EE422A00EE032A00EE10CA6D
:10434000B7EE003AB8EE400A81EE000A32EE031AE8
:1043500002EE101AB8EE422A20EE010A32EE031ADB
:1043600080EE011ABCEEC11A80ED001ADEF80010D2
:10437000C1F3064101EE101AB8EE411A31EE031AEC
:1043800080EE011ABCEEC11A80ED011ADEF80010B1
:10439000C1F3066101EE101AB8EE411A31EE031AAC
:1043A00080EE010ABCEEC00A10EE101A816080BDDA
:1043B0000024744A20BCBE4B0024744C0000003919
:1043C00080B544F2384EC5F6020E5EF8103C5EF839
:1043D000101CC1F3053C5EF80C1CBCF1000FDEF8AC
:1043E000042015D0C1F30011C2F3CC02514300EEFA
:1043F000101A03F003010229B8EE400A0ED089B961
:104400005EF8381C890611D49FED361A1CE000BFF7
:1044100000218160C0E9001180BD00BF9FED301A0E
:1044200012E000BF9FED2D1A0EE000BF5EF8381CB1
:1044300049F20002C0F2D032C1F3C10122FA01F107
:1044400001EE101AB8EE411ADEF800109FED263A80
:104450006FF35F2102EE101ADEF80010C1F346215F
:10446000B8EE422A00EE032A00EE10CAB7EE003A78
:10447000B8EE400A81EE000A32EE031A02EE101A7C
:10448000B8EE422A20EE010A32EE031A80EE011A3B
:10449000BCEEC11A80ED001ADEF80010C1F306412F
:1044A00001EE101AB8EE411A31EE031A80EE011A2D
:1044B000BCEEC11A80ED011ADEF80010C1F30661EE
:1044C00001EE101AB8EE411A31EE031A80EE010A1D
:1044D000BCEEC00A10EE101A816080BD0024744A40
:1044E00020BCBE4B0024744C0000003900000000CA
:1044F00080B544F2404EC5F6020E5EF8183C5EF8F8
:10450000181CC1F3055C5EF8141CBCF1000FDEF84A
:10451000042015D0C1F30021C2F3CC02514300EEB8
:10452000101A03F003010229B8EE400A0ED089B92F
:104530005EF8401C890611D49FED361A1CE000BFBE
:1045400000218160C0E9001180BD00BF9FED301ADD
:1045500012E000BF9FED2D1A0EE000BF5EF8401C78
:1045600049F20002C0F2D032C1F3C10122FA01F1D6
:1045700001EE101AB8EE411ADEF800109FED263A4F
:104580006FF35F2102EE101ADEF80010C1F346212E
:10459000B8EE422A00EE032A00EE10CAB7EE003A47
:1045A000B8EE400A81EE000A32EE031A02EE101A4B
:1045B000B8EE422A20EE010A32EE031A80EE011A0A
:1045C000BCEEC11A80ED001ADEF80010C1F30641FE
:1045D00001EE101AB8EE411A31EE031A80EE011AFC
:1045E000BCEEC11A80ED011ADEF80010C1F30661BD
:1045F00001EE101AB8EE411A31EE031A80EE010AEC
:10460000BCEEC00A10EE101A816080BD0024744A0E
:1046100020BCBE4B0024744C000000390000000098
:1046200010B584B0024641F6FF7300209B1A70EB70
:1046300001032DDA47F6FF739B1A70EB010380F23A
:10464000798082F400430B4300F0A08082F4803331
:104650000B4300F0E38082F40022114340F01E81FE
:1046600044F20040C5F60200816D01F44031B1F51D
:10467000003F00F01F81B1F5803F00F0FD80002970
:1046800040F0E1810068000100F17D81DBE100BFC5
:1046900040F2FF739B1A70EB010325DB82F48073F9
:1046A0000B4300F0878082F48062114340F0F68073
:1046B00044F20041C5F60201886DC0F34252042A5B
:1046C00000F2C18148F20000C0F2BB00DFE812F046
:1046D000060000010601E6000C0100BF0868800129
:1046E00040F1B181E0E000BF82F400630B4300F0D1
:1046F0007B8082F48052114340F0D08044F200412C
:10470000C5F60201086DC0F30232042A00F29B8153
:1047100048F20000C0F2BB00DFE812F00600F8002B
:10472000FE00C000040100BF0868800140F18B81D9
:10473000BAE000BF82F400530B4300F07B8082F4A8
:104740008042114340F0AA8044F20044C5F60204BE
:10475000A06DC0F30270052800F27581DFE810F04B
:104760000600420146014A015001520101F02CF8B5
:10477000216A4AF6AC72C0F60002C1F30211515C24
:1047800001F01F01C84004B010BD00BF44F200405A
:10479000C5F60200016D01F04051B1F1005F00F07B
:1047A0007580B1F1805F00F07B80002940F04B8183
:1047B00060E000BF44F20041C5F60201086D00F060
:1047C0000702042A00F23F8148F20000C0F2BB0059
:1047D000DFE802F004BAC064C40000BF08688001CA
:1047E00040F1318160E000BF44F20041C5F60201B2
:1047F000886DC0F30262042A00F2258148F20000AD
:10480000C0F2BB00DFE802F004BCC64AD00000BF23
:104810000868800140F1178146E000BF44F2004083
:10482000C5F60200C16C0068C90319D4800140F1CB
:104830000A8139E044F20040C5F60200016DC1F37F
:104840000241052900F2FF80DFE811F00600E600D2
:10485000F000FA000001140000F0DEFF04B010BD0B
:10486000000140F1F08001A8FFF7AAFD039804B011
:1048700010BD00BF0068C6E00068800040F1E38022
:1048800001A8FFF735FE039804B010BD00680001D1
:1048900040F1D98001A8FFF793FD029804B010BD44
:1048A0000068800140F1CF8001A8FFF7F1FC029879
:1048B00004B010BDC16C036811F04051026840F0B3
:1048C000CF8013F0040300F0CB80C2F3C100D6E028
:1048D0000868000140F1B78055E000BF086880001B
:1048E00040F1B18059E000BFC86C0B6810F0405235
:1048F000086803D113F0040340F0BF80B2F1805F79
:1049000061D110F4807040F0B1805CE00868000173
:1049100040F1998037E000BF0868800040F1938043
:104920003BE000BFC86C0B6810F04052086803D130
:1049300013F0040340F0A180B2F1805F43D110F482
:10494000807040F093803EE00868000140F17B8079
:1049500019E000BF0868800075D51EE0C86C0B68C0
:1049600010F04052086803D113F0040340F0858032
:10497000B2F1805F27D110F4807077D123E000BFBF
:10498000086800015FD501A8FFF71AFD019804B07F
:1049900010BD00BF0868800055D501A8FFF7A8FD2D
:1049A000019804B010BD00BFC86C0B6810F04052F5
:1049B000086802D113F004035FD1B2F1805F02D125
:1049C00010F4807052D1086810F400301CBF47F614
:1049D0004000C0F27D10B2F1005F18BF002004B0AB
:1049E00010BD00BF206800012DD518E020688000B0
:1049F00029D51EE02068400725D520683DE000BF8E
:104A0000206824E0206847F640018003C0F27D1151
:104A100001EAE07004B010BD0068000113D501A8E0
:104A2000FFF7CEFC029804B010BD00BF0068800004
:104A300009D501A8FFF75CFD029804B010BD00BFC6
:104A40000168490718D4002004B010BD006840F682
:104A50000011C005C0F23D0101EAE07004B010BDD4
:104A6000B1F1805F14D112F4807211D040F60010C1
:104A7000C0F23D0004B010BD0068C0F3C10049F2AF
:104A80000001C0F2D03121FA00F004B010BD00BF27
:104A9000006810F400301CBF47F64000C0F27D10E3
:104AA000B1F1005F18BF002004B010BD000000008D
:104AB0002DE9F0470446C07844F22C480007C5F6BB
:104AC000020833D5606E4FEA305103290CD8DFE875
:104AD00001F003111D2600BFD8F8001041F4003189
:104AE000C8F800101BE000BF01266078C0070BD09B
:104AF00020E000BF04F10800022102F0B9FC0646E4
:104B000060B16078C00715D1354646E004F1280051
:104B1000022102F041FD06460028F2D1606ED8F86D
:104B2000241021F440110843C8F8240000266078BE
:104B3000C007E9D0A06D04280ED83546DFE800F0A4
:104B40000412181E1E0000BFD8F80000354640F4BD
:104B50000030C8F8000011E0012501276078400707
:104B60001FD453E004F10800002102F081FC04E0AE
:104B700004F12800002102F00FFD05462F461DB16B
:104B8000607840070DD441E0D8F82400A16D20F0F2
:104B9000070000250843C8F824003746607840071E
:104BA00034D5D4F8A4004FEA705005280CD8DFE8BB
:104BB00000F00311171D1D1DD8F8000040F400304F
:104BC000C8F8000012E000BF012501266078000748
:104BD00020D455E004F10800002102F049FC04E073
:104BE00004F12800002102F0D7FC05462E461DB135
:104BF000607800070ED443E0D8F82C00D4F8A41055
:104C000020F4600000250843C8F82C003E46607878
:104C1000000735D5D4F8A8004FEA306005280DD834
:104C2000DFE800F00412181E1E1E00BFD8F80000B6
:104C300040F40030C8F8000012E000BF0125012751
:104C4000E078800720D44EE004F10800002102F053
:104C50000FFC04E004F12800002102F09DFC054651
:104C60002F461DB1E07880070ED43CE0D8F82C0028
:104C7000D4F8A81020F0E06000250843C8F82C0004
:104C80003746E07880072ED5E06C4FEA30100328D5
:104C90000ED8DFE800F00903130900BFD8F80000C0
:104CA00040F40030C8F800002E467DB912E000BF85
:104CB000012501266078C00619D44CE004F10800F3
:104CC000022102F0D5FB05462E461DB16078C006D4
:104CD0000DD440E0D8F82000E16C20F03000002531
:104CE0000843C8F820003E466078C00633D5E06D22
:104CF0004FEA303004280DD8DFE800F00412181E07
:104D00001E0000BFD8F8000040F40030C8F80000D2
:104D100012E000BF01250127607880061FD44EE015
:104D200004F10800002102F0A3FB04E004F12800D4
:104D3000002102F031FC05462F461DB16078800647
:104D40000DD43CE0D8F82400E16D20F4E0400025CB
:104D50000843C8F824003746607880062FD5206EB7
:104D60004FEA3040052809D8DFE800F0040E1404AB
:104D7000040400BF2E46ADB918E000BF012501268E
:104D8000607840061FD44FE004F10800012102F0D2
:104D90006FFB04E004F12800012102F0FDFB054651
:104DA0002E461DB1607840060DD43DE0D8F82400B1
:104DB000216E20F4E02000250843C8F824003E4678
:104DC0006078400630D5D4F8AC004FEA3070052842
:104DD00008D8DFE800F0030D130303032F46ADB935
:104DE00018E000BF012501276078000620D442E0CA
:104DF00004F10800012102F03BFB04E004F128006B
:104E0000012102F0C9FB05462F461DB1607800065E
:104E10000ED430E0D8F82C00D4F8AC1020F0E040EC
:104E200000250843C8F82C0037466078000622D5D4
:104E3000E06E58B1B0F1005F0CD0B0F1805F2FD1BF
:104E4000D8F8000040F40030C8F800002E469DB9A4
:104E500008E000BF04F10800012102F009FB05464B
:104E60002E464DB9D8F82400E16E20F040500025C0
:104E70000843C8F824003E46E078C00733D0A06C51
:104E8000032813D8DFE800F008021A08D8F8000059
:104E900040F40030C8F80000A946BDB91AE000BFD0
:104EA00001250126E078C007E9D11CE001254FF07B
:104EB0000109A07840061AD51CE000BF04F10800E3
:104EC000022102F0D5FA0546A9461DB1A078400698
:104ED0000DD50FE0D8F82000A16C20F003000025CC
:104EE0000843C8F82000B146A078400602D44F46D7
:104EF00018E000BFD8F8D40340F48070C8F8D40399
:104F0000FFF766F8064600BFD8F8D403C00507D4FB
:104F1000FFF75EF8801B6428F6D90325032701E01C
:104F20002F468DB12078C00761D0A06F4FEAF00006
:104F300005283BD8DFE800F004404604040400BF25
:104F4000002D2E4646D149E0D8F84410D4F8B000E0
:104F5000414011F4407F11D0D8F84410D8F84420D3
:104F600042F48032C8F84420D8F8442021F440713B
:104F700022F48032C8F84420C8F84410B0F5807F8D
:104F800040F0D082FFF724F8064641F2883A032524
:104F9000032700BFD8F84400800700F1C182FFF763
:104FA00017F8801B5045F5D9BCE700BF0125012645
:104FB000207880071FD44CE004F10800012102F0A2
:104FC00057FA04E004F12800012102F0E5FA054651
:104FD0002E461DB1207880070DD43AE0D8F828007D
:104FE000A16F20F0380000250843C8F828003E468D
:104FF000207880072DD5606F052809D8DFE800F0FC
:10500000040E1404040400BF2F46ADB918E000BF1D
:1050100001250127207840071FD44DE004F1080046
:10502000012102F025FA04E004F12800012102F038
:10503000B3FA05462F461DB1207840070DD43BE05A
:10504000D8F82800616F20F0070000250843C8F851
:1050500028003746207840072ED5D4F89000052840
:1050600008D8DFE800F0030D130303032E46ADB9A3
:1050700018E000BF012601252078800620D451E0E9
:1050800004F10800012102F0F3F904E004F1280022
:10509000012102F081FA05462E461DB120788006D6
:1050A0000ED43FE0D8F82C00D4F8901020F0070080
:1050B00000250843C8F82C003E462078800631D5EC
:1050C000D4F88C004FEA3070052809D8DFE800F0EA
:1050D000040E1404040400BF2F46ADB918E000BF4D
:1050E000012701252078400620D451E004F1080072
:1050F000002102F0BDF904E004F12800022102F0D1
:105100004BFA05462F461DB1207840060ED43FE0ED
:10511000D8F82800D4F88C1020F0E040002508438F
:10512000C8F8280037462078400631D5D4F89800D2
:105130004FEAB020052809D8DFE800F0040E140477
:10514000040400BF2E46ADB918E000BF01260125BA
:105150002078000620D454E004F10800002102F079
:1051600087F904E004F12800022102F015FA05464F
:105170002E461DB1207800060ED442E0D8F82C004F
:10518000D4F8981020F4E05000250843C8F82C000B
:105190003E462078000634D5D4F89C004FEA7030A3
:1051A00005280FD8DFE800F004141A04040400BF37
:1051B0002F46E5B12068010727D4C1063ED400037D
:1051C00055D475E00127012520680107F5D51CE0BD
:1051D00004F10800002102F04BF904E004F128007A
:1051E000022102F0D9F90546002D2F46E2D1D8F868
:1051F0002C00D4F89C1020F4604000250843C8F827
:105200002C00374620680107D7D5D4F88010B1F5B7
:10521000805F0AD104F12800022102F0BDF90028C4
:1052200018BF01272068D4F88010D8F8282022F46D
:1052300040521143C8F82810C106C0D5D4F89410C4
:10524000B1F5807F0AD104F12800022102F0A4F90F
:10525000002818BF01272068D4F89410D8F82C2013
:1052600022F440721143C8F82C10000320D5D4F862
:10527000A000B0F5003F0FD0B0F5803F06D078BB5E
:1052800004F10800002102F0F3F804E004F1280022
:10529000022102F081F905462E4655B9D8F82C00B6
:1052A000D4F8A01020F4403000250843C8F82C00A2
:1052B0003E46A07840072BD5D4F88400B0F5401FB7
:1052C0000BD0B0F5001F11D0B0F5801F2AD1D8F84F
:1052D000000040F40030C8F800002F46CDB90DE0C2
:1052E00001260125A0784007E6D411E004F128004A
:1052F000012102F051F905462F4655B9D8F828008A
:10530000D4F8841020F4401000250843C8F8280081
:105310003746A078C0070AD13E462168880016D5D6
:1053200033E000BF01270125A078C007F4D0206D2D
:10533000B0F5803F10D018BBD8F8000040F4003022
:10534000C8F800002E4685B1216888001DD4606829
:105350008A0326D467E000BF04F10800022102F0AE
:1053600087F80546002D2E46EED1D8F82000216D95
:1053700020F4803000250843C8F82000CCE700BFA7
:105380000126012521688800E1D504F128000221C9
:1053900002F002F9002818BF0126D4E900108A03A0
:1053A00041D5E26F6FF0010303EB3223022B0BD3E5
:1053B0004FEA322343B1012B40F0AC80D8F80030E3
:1053C00043F40033C8F8003035B3CA022ED48A0241
:1053D00036D44A003ED4B1F1FF3F4BDD090253D42D
:1053E000C1075CD1810765D441076ED4010778D429
:1053F000C10600F18280800607D504F12800022151
:1054000002F0CAF8002818BF0125002D18BF012599
:105410002846BDE8F08700BFD8F8283023F4407351
:105420001A43C8F828203546CA02D0D5D8F8242017
:10543000236F22F000421A43C8F824208A02C8D5FC
:10544000D8F82420A36E22F080721A43C8F82420D2
:105450004A00C0D558F81C2C22F4004248F81C2CF5
:10546000D4F8B42058F81C3C1A4348F81C2CB1F16D
:10547000FF3FB3DCD8F82020636D22F040521A437E
:10548000C8F820200902ABD5D8F82810D4F8882015
:1054900021F440011143C8F82810C107A2D004F13B
:1054A0000800002101F0E4FF002818BF05466068ED
:1054B000810799D504F10800012101F0D9FF0028E6
:1054C00018BF05466068410790D504F10800022125
:1054D00001F0CEFF002818BF0546606801077FF580
:1054E00087AF04F12800002102F056F8002818BF09
:1054F00005466068C1067FF57EAF04F128000121F2
:1055000002F04AF8002818BF0546606880067FF55B
:105510007CAF72E70125CA027FF559AF86E700BF6D
:10552000D4F8B0004FF6CF7358F81C2CC0F2FF032C
:1055300000F4407122F47C5203EA10136FF31F3021
:10554000B1F5407F08BF1A43002548F81C2CD8F855
:1055500044100843C8F84400FFF7C9BC000000002D
:105560002DE9F04381B0002800F02A8142F20008C2
:105570000446C5F200288946D8F8000000F00F0064
:1055800088420ED2D8F8000020F00F0040EA09004F
:10559000C8F80000D8F8000000F00F00484540F0BF
:1055A0000F81206844F218474107C5F602070AD563
:1055B00021693A6802F07002914204D93A6822F0F7
:1055C00070021143396001070AD561697A6802F0F7
:1055D0007002914204D97A6822F070021143796016
:1055E000C1060AD5A1697A6802F4E062914204D941
:1055F0007A6822F4E0621143796081060AD5E16994
:10560000BA6802F07002914204D9BA6822F07002BE
:105610001143B96010F002010AD0E2683B6803F060
:105620000F039A4204D93B6823F00F031A433A60F0
:10563000C20746D0386820F47061D4E9010201281D
:1056400041EA0201396009D003280DD0022811D1A6
:1056500057F8181C890340F1B38010E057F8181C64
:10566000C90540F1AD800AE057F8181C890140F1E6
:10567000A78004E057F8181C490740F1A18057F8AB
:10568000081C21F00701084347F8080CFEF7A0FCAE
:10569000064641F2883500BF57F8080C616800F0F3
:1056A0003800B0EBC10F09D0FEF792FC801BA84276
:1056B000F2D9032001B0BDE8F08300BF206800F0FC
:1056C000020151B1E1683A6802F00F02914204D23E
:1056D0003A6822F00F0211433960D8F8001001F047
:1056E0000F0149450DD9D8F8001021F00F0141EA0A
:1056F0000901C8F80010D8F8001001F00F01494561
:105700005ED141070AD521693A6802F070029142E0
:1057100004D23A6822F070021143396001070AD5B9
:1057200061697A6802F07002914204D27A6822F0CC
:10573000700211437960C1060AD5A1697A6802F442
:10574000E062914204D27A6822F4E0621143796007
:1057500080060AD5E069B96801F07001884204D278
:10576000B96821F070010843B86000F0B5F83968F5
:105770004AF6AC733A68C0F60003C1F3032102F0A5
:105780000F02595C9A5C01F01F0120FA01F102F04E
:105790001F0040F20C0221FA00F0C2F20042106039
:1057A00040F2040040F20802C2F20040C2F200429D
:1057B0000068116001B0BDE8F043FEF755BC00BFC2
:1057C000012001B0BDE8F08380B500F085F844F217
:1057D00018414AF6AC73C5F60201C0F600030A6828
:1057E000096801F00F01C2F30322595C9A5C02F0D0
:1057F0001F0220FA02F201F01F0040F20C0122FA0F
:1058000000F0C2F20041086040F20801C2F200411B
:105810000A6080BD0000000080B500F05DF844F231
:10582000184C4AF6AC71C5F6020CC0F60001DCF863
:105830000020DCF8003003F00F03C2F30322CB5C3E
:105840008A5C02F01F02D04003F01F0240F20C03FA
:1058500020FA02F2C2F200431A6040F20803C2F2D8
:1058600000431860DCF80400C0F30210085C00F08C
:105870001F0022FA00F080BD80B500F02DF844F240
:10588000184C4AF6AC71C5F6020CC0F60001DCF803
:105890000020DCF8003003F00F03C2F30322CB5CDE
:1058A0008A5C02F01F02D04003F01F0240F20C039A
:1058B00020FA02F2C2F200431A6040F20803C2F278
:1058C00000431860DCF80400C0F30220085C00F01C
:1058D0001F0022FA00F080BD44F20041C5F602012B
:1058E0000869C0F3C200032810D002282CD088BB5E
:1058F0000868800649F20000C0F2D03058BF7047F7
:105900000968C1F3C101C840704700BF8A6A886A4C
:10591000C0F3051CC86ABCF1000F4B6B20D0C3F369
:10592000CC0300F00100584302F00302022A00EE0B
:10593000100AB8EE400A15D0C2B90868800619D41A
:105940009FED281A23E000BF47F64000C0F27D100B
:10595000704700BF40F60010C0F23D00704700BF26
:10596000002070479FED1E1A11E000BF9FED1B1A2B
:105970000DE000BF086849F20002C0F2D032C0F367
:10598000C10022FA00F001EE100AB8EE411A086BCD
:105990009FED153A6FF35F2002EE100A086BC0F31B
:1059A0004620B8EE422A013000EE032A00EE10CA6B
:1059B000B7EE003AB8EE400A81EE000A32EE031A62
:1059C00020EE010A01EE100AB8EE411A80EE010A3B
:1059D000BCEEC00A10EE100A704700BF0024744AE3
:1059E00020BCBE4B0024744C0000003900000000B5
:1059F000F0B581B0002800F0D5800446007844F26C
:105A00000046C007C5F6020622D12078800768D577
:105A1000306910F03801B06A42D0182908BF5FEA37
:105A200080703DD0E0683168002800F0258121F0C9
:105A3000190108433060FEF7CBFA0546306840078D
:105A400048D4FEF7C5FA401B0228F7D977E100BF1A
:105A5000306900F03801B06A102905D018290BD13F
:105A600000F00300022807D130688003CDD56068BC
:105A70000028CAD196E000BF6068002800F032819B
:105A8000B0F5A02F00F04681B0F5803F00F04681D0
:105A9000306820F480303060306820F4802040E1AD
:105AA00030684007E06801D500287BD0316821F0DC
:105AB000190108433060FEF78BFA0546306840074D
:105AC00008D4FEF785FA401B02284FF00300F5D9F1
:105AD00001B0F0BD7068216920F0FE4040EA01602D
:105AE00070602078C00619D5306900F03801B06ABE
:105AF000082906D0182940F0818000F00300012811
:105B00007CD13068C00502D5E06980284AD1F068B0
:105B1000216A20F07C5040EA0160F06020780007A4
:105B200044D42078800655D42078400700F17E8048
:105B3000656A9DB3306900F03800182840F0148180
:105B4000012DB16A306B2DD001F00302A36A9A4295
:105B500028D1C1F30511E26A914223D10146226B9B
:105B60006FF35F21013A91421CD1C0F34622616B71
:105B700001398A4216D1C0F30642A16B01398A422B
:105B800010D1C0F30660E16B013988420AD1706B15
:105B9000A16CC0F3CC00814240F09C81002001B098
:105BA000F0BD00BF012001B0F0BD00BF606900285A
:105BB000706F4FD040F001007067FEF709FA05469C
:105BC000706F8007ADD4FEF703FA401B0228F7D9A7
:105BD000B5E000BFA0690028306871D040F4805063
:105BE0003060FEF7F5F90546306880049CD4FEF776
:105BF000EFF9401B0228F7D9A1E000BFE0690028B7
:105C0000306800F09F8040F080003060FEF7E0F9DF
:105C1000054600BF3068C0053FF579AFFEF7D8F9FB
:105C2000401B02284FF00300F4D951E7D6F80004D6
:105C300040F48070C6F80004FEF7CAF9054600BFBC
:105C4000D6F80004C00529D4FEF7C2F9401B642829
:105C5000F6D974E020F001007067FEF7B9F9054647
:105C6000706F80077FF55DAFFEF7B2F9401B022829
:105C70004FF00300F4D92BE721F001003060FEF76C
:105C8000A7F90546306840077FF52BAFFEF7A0F96E
:105C9000401B02284FF00300F4D919E7A068002840
:105CA00000F08480052800F09B80012800F09C8093
:105CB000306F20F001003067306F20F0040096E074
:105CC00020F480503060FEF783F905463068800488
:105CD0007FF52AAFFEF77CF9401B02284FF0030046
:105CE000F4D9F5E6306820F480303060306820F474
:105CF00080203060FEF76CF9054600BF30688003F5
:105D00007FF583AEFEF764F9401B64284FF0030073
:105D1000F4D9DDE6306840F480203060306840F42B
:105D200080303060FEF754F9054600BF30688003CC
:105D30003FF56BAEFEF74CF9401B6428F6D9032003
:105D400001B0F0BD20F080003060FEF741F905465B
:105D50003068C0057FF5E2AEFEF73AF9401B022835
:105D60004FF00300F4D9B3E6306820F08070306063
:105D7000FEF72EF9022D05460CD100BF30688001D8
:105D800048D5FEF725F9401B02284FF00300F5D94E
:105D90009EE600BF306880017FF500AFFEF718F97E
:105DA000401B02284FF00300F4D991E6306F20F039
:105DB00001003067306F20F004003067FEF708F90B
:105DC000054641F28837306F80077FF5B1AEFEF7A8
:105DD000FFF8401BB8424FF00300F4D978E600BF4B
:105DE000306F40F004003067306F40F001003067E2
:105DF000FEF7EEF8054641F2883700BF306F8007A6
:105E00003FF596AEFEF7E4F8401BB8424FF00300B2
:105E1000F4D95DE604F12807B06A40F2F331884313
:105E20008ECF0843591E40EA02104FF47E426FF3B2
:105E30005F21B06202EB47204FF4FE0280B2E36BB9
:105E40000844A16B02EB01414FF0FE4201F4FE0158
:105E500002EB0362084402F0FE4108443063F06A3A
:105E60004FF6F87120F00100F062706BA26C88436D
:105E700040EAC2007063F06A216C20F00C00084315
:105E8000F062F06A616C20F002000843F062F06A90
:105E900040F48030F062F06A40F40030F062F06A62
:105EA00040F48020F062F06A40F00100F062306857
:105EB00040F080703060FEF78BF804463068800157
:105EC0003FF56CAEFEF784F8001B02284FF003008C
:105ED000F4D9FDE5F06A20F00100F062FEF778F8F1
:105EE0000546FEF775F8A842FBD0706B4FF6F871C7
:105EF000A26C884340EAC2007063F06A40F001007F
:105F0000F062002001B0F0BD411E0020B0EB116F27
:105F100002D00120704700BF4EF21002F023CEF2F3
:105F2000000251604EF62351CEF200010B700721A2
:105F30009060116070470000B0B590F83C20012AD5
:105F40004FF0020263D080F83D2040F2004C02681E
:105F5000C4F2010C42F4806363455368D2F808E050
:105F600002BF23F470034C6823434DF6FF740D68A1
:105F7000C4F2000423F07003A24243EA0503536015
:105F800014DC40F2FF73C4F200039A4222DD40F6B3
:105F90000003C4F200039A422ED040F60043C4F23C
:105FA00000039A4228D041F6000321E04FF6FF7328
:105FB000C4F200039A4213DD0023C4F201039A42A3
:105FC0001AD044F20003C4F201039A4214D062458D
:105FD00012D016E0B2F1804F0ED040F2004307E03D
:105FE0004EF20003C4F200039A4205D04EF2004381
:105FF000C4F200039A4204D12EF080038968194349
:1060000091600022012180F83D1080F83C2010466C
:10601000B0BD00000000000060B310B5044690F869
:106020003D0028B9002084F83C00204600F024F808
:10603000022084F83D002068211D01F021FC012090
:1060400084F8480084F83E0084F83F0084F840005B
:1060500084F8410084F8420084F8430084F8440046
:1060600084F8450084F8460084F8470084F83D0031
:10607000002010BD0120704781B00068B0F1804F52
:1060800002D001B0704700BF44F2E840C5F60200FC
:10609000016841F001010160006800F0010000901A
:1060A000009801B07047000090F83D1001291FD101
:1060B000022180F83D1001684DF6FF70C4F2000027
:1060C000814217DC40F2FF70C4F20000814227DDFC
:1060D00040F60000C4F20000814233D040F6004098
:1060E000C4F2000081422DD041F6000026E000BF3E
:1060F000012070474FF6FF70C4F20000814215DDA9
:106100000020C4F2010081421CD044F20000C4F21D
:106110000100814216D040F20040C4F201000FE0BD
:10612000B1F1804F0ED040F2004007E04EF2000087
:10613000C4F20000814205D04EF20040C4F20000DB
:1061400081420BD107228868C0F201020240002080
:10615000062A18BFB2F5803F00D17047086840F0AA
:1061600001000860002070470146006841F21113E9
:10617000026A1A4204D00020012281F83D207047B3
:10618000026A40F244431A42F5D1026822F0010249
:1061900002600020012281F83D20704700000000CD
:1061A00080B590F83C20012A4FF0020200F0A78051
:1061B00080F83D208822D0F800C0CFF6CE72DCF8FF
:1061C00008301A40CCF808200B686F2B0EDDB3F1B5
:1061D000101F37DAB3F5005F46DA702B00F09280BB
:1061E000B3F5805F00F08480D6E000BF2F2B33DD55
:1061F0004F2B3FDC302B6FD0402B40F0CD80D1F8BF
:1062000004E0C968DCF82030DCF8202022F001022C
:10621000CCF82020DCF8182022F0F00242EA01112C
:1062200023F00A02CCF8181042EA0E01CCF8201034
:106230004FF68872DCF80810CFF6CF721140473164
:1062400054E000BF2F21C0F210018B423ADCB3F1C1
:10625000101F41D020213BE0002B18BF102B3BD05A
:10626000202B39D098E000BF60D0B3F5801F33D029
:1062700092E000BF502B6DD0602B40F08D80D1F8A4
:1062800004E0C968DCF82030DCF8202022F010029D
:10629000CCF82020DCF8182022F4704242EA0131C8
:1062A00023F0A002CCF8181042EA0E11CCF820100E
:1062B0004FF68872DCF80810CFF6CF7211406731C4
:1062C00014E000BF3021C0F210018B4204D0402105
:1062D000C0F210018B425FD14FF68872DCF80810D3
:1062E000CFF6CF721140194341F00701CCF80810E6
:1062F0000022012180F83D10002180F83C1010465A
:1063000080BD00BFD1E901E3C968DCF8082043EA99
:106310000E0322F47F4243EA01211143CCF8081016
:10632000DCF8081041F07701E0E700BFD1E901E3B4
:10633000C968DCF8082043EA0E0322F47F4243EAEE
:1063400001211143CCF80810DCF8081041F4804119
:10635000CCE700BFD1F804E0C968DCF82030DCF8F5
:10636000202022F00102CCF82020DCF8182022F0B6
:10637000F00242EA011123F00A02CCF8181042EAB6
:106380000E01CCF820104FF68872DCF80810CFF61A
:10639000CF7211405731A9E70122AAE7000000009F
:1063A00090F88410012901D1022070472421C0F8FF
:1063B000881002681368116823F0005321F001016E
:1063C00011600021416613602022C0F8882080F807
:1063D000841008467047000070470000000000006D
:1063E000704700000000000070B590F88420012A7A
:1063F00002D1022070BD00BF2422C0F888200268AC
:10640000D0F864E0BEF1000FD2F800C0136823F0AA
:1064100001031360936823F0606341EA0301916014
:106420001AD091684AF6D47E9368C0F6000E5B0FCE
:106430004AF6DC75C1F34266C0F600051EF803405B
:10644000E95C2301B3FBF1F11EF80630AE5D1B01E0
:10645000B3FBF6F302E000BF01210123A0F86A10AC
:106460002021A0F86830C2F800C0C0F888100021D0
:1064700080F88410084670BD70B590F88420012A19
:1064800002D1022070BD00BF2422C0F8882002681B
:10649000D0F864E0BEF1000FD2F800C0136823F01A
:1064A00001031360936823F0604341EA03019160A4
:1064B0001AD091684AF6D47E9368C0F6000E5B0F3E
:1064C0004AF6DC75C1F34266C0F600051EF80340CB
:1064D000E95C2301B3FBF1F11EF80630AE5D1B0150
:1064E000B3FBF6F302E000BF01210123A0F86A101C
:1064F0002021A0F86830C2F800C0C0F88810002140
:1065000080F88410084670BD70470000000000004D
:10651000704700000000000010B50446206850E8F5
:10652000000F216820F4907041E80002002A1FBF8C
:10653000206850E8000F216820F490701CBF41E8EB
:106540000002002A12D0206850E8000F216820F4D1
:10655000907041E800024AB1206850E8000F2168BD
:1065600020F4907041E80002002AD7D14FF6FE7067
:10657000CEF6FF70216851E8021F2268014042E810
:106580000213002B1FBF216851E8021F226801403F
:106590001CBF42E80213002B10D0216851E8021FF3
:1065A0002268014042E8021343B1216851E8021F0A
:1065B0002268014042E80213002BDBD1E06E012883
:1065C00028D100BF206850E8000F216820F010009B
:1065D00041E80002002A1FBF206850E8000F216830
:1065E00020F010001CBF41E80002002A12D02068F1
:1065F00050E8000F216820F0100041E800024AB185
:10660000206850E8000F216820F0100041E80002E7
:10661000002AD7D12068816849063BD550E8020F8F
:10662000216820F0400041E80202FAB1206850E8F9
:10663000020F216820F0400041E80202002A1FBF3B
:10664000206850E8020F216820F040001CBF41E89C
:106650000202002A0AD0206850E8020F216820F0C8
:10666000400041E802020AB12068D7E7D4F8800070
:1066700080B100210165FBF75BFC58B1D4F88000C4
:10668000FCF716FA202805D11020C4F8900003204A
:1066900010BD00BF0020A4F85E0021680F220A622E
:1066A0008A6942F008028A612021C4F88C10E066F1
:1066B00010BD00000000000003F04EBE000000000E
:1066C000B0B50446006840F62F01C2690568114064
:1066D000D0F808E020290BD105F020010EF08053FE
:1066E000C91823D0616FD1B32046BDE8B040084738
:1066F00040F60F010A4219D0012140F22013C1F2E5
:106700000001C0F200430EEA010C05EA030111EB9F
:106710000C010BD0D10718BF15F4807140F0C68171
:1067200091070EF0010300F1CD81D4E105EA0203E7
:10673000D906E16E14D5012912D1102101628168B8
:10674000490600F19D80B4F85C10B4F85E20B4F8FE
:106750005E30002B1CBF891A5FEA01422FD1B0BD09
:10676000D10240F159811EF4800100F055814FF4AF
:10677000801101622046BDE8B040FFF7C9BE00BFEE
:10678000206850E8000F226820F4907042E800036F
:10679000002B1FBF206850E8000F226820F4907083
:1067A0001CBF42E80003002B12D0206850E8000F05
:1067B000226820F4907042E800034BB1206850E852
:1067C000000F226820F4907042E80003002BD7D11C
:1067D0004FF6FE70CEF6FF70226852E8022F236853
:1067E000024043E80225002D1FBF226852E8022F15
:1067F000236802401CBF43E80225002D10D0226808
:1068000052E8022F2368024043E8022545B122687E
:1068100052E8022F2368024043E80225002DDBD115
:106820002020C4F88C000020E0666067206850E8F3
:10683000000F226820F0100042E80003002B1FBF69
:10684000206850E8000F226820F010001CBF42E8CA
:106850000003002B12D0206850E8000F226820F0BF
:10686000100042E800034BB1206850E8000F226896
:1068700020F0100042E80003002BD7D189B227E2B4
:10688000D4F8803019684A68B4F85CC091B2002925
:1068900000F01682614580F01382A4F85E20D96969
:1068A000B1F5807F00F0AC8050E8000F216820F443
:1068B000807041E80002FAB1206850E8000F2168BA
:1068C00020F4807041E80002002A1FBF206850E8D1
:1068D000000F216820F480701CBF41E80002002AEC
:1068E0000AD0206850E8000F216820F4807041E849
:1068F00000020AB12068D7E7206850E8020F21683B
:1069000020F0010041E80202002A1FBF206850E881
:10691000020F216820F001001CBF41E80202002A9A
:1069200026D0206850E8020F216820F0010041E8DD
:106930000202EAB1206850E8020F216820F001004D
:1069400041E80202002AD7D112E000BF206850E8D7
:10695000020F216820F0400041E80202EAB12068FD
:1069600050E8020F216820F0400041E80202A2B185
:10697000206850E8020F216820F0400041E8020240
:10698000002A1FBF206850E8020F216820F0400055
:106990001CBF41E80202002AD8D12020C4F88C0094
:1069A0000020E066206850E8000F216820F0100009
:1069B00041E80002002A1FBF206850E8000F21684C
:1069C00020F010001CBF41E80002002A12D020680D
:1069D00050E8000F216820F0100041E800024AB1A1
:1069E000206850E8000F216820F0100041E8000204
:1069F000002AD7D1D4F88000FBF79AFAB4F85CC02B
:106A000002202067B4F85E00ACEB000081B22046A3
:106A1000BDE8B040FFF7E0BC11060BD505F0800CD7
:106A20000EF4000111EB0C0104D0A16F00297FF4DA
:106A30005BAE94E659060BD4100240F17D8115F04F
:106A4000804000F079812046BDE8B040FFF75CBD92
:106A500050E8000F216820F0400041E80002002AC1
:106A600000F04681206850E8000F216820F04000C7
:106A700041E80002002A1FBF206850E8000F21688B
:106A800020F040001CBF41E80002002A00F03081E5
:106A9000206850E8000F216820F0400041E8000223
:106AA000002A00F025812068D2E700BF01210162A1
:106AB000D4F8901041F00101C4F8901091070EF045
:106AC000010308D53BB102210162D4F8901041F0D6
:106AD0000401C4F89010510708D53BB104210162AC
:106AE000D4F8901041F00201C4F8901011070CD5B1
:106AF00005F0200151EA0C0107D008210162D4F809
:106B0000901041F00801C4F8901011050BD515F054
:106B1000806108D04FF400610162D4F8901041F018
:106B20002001C4F89010D4F8901000293FF417AE5B
:106B300012F020010AD005F020010EF080528918D1
:106B400004D0616F11B1204688472068D4F89010B6
:106B5000826802F0400201F02801891800F0C0802C
:106B600050E8000F216820F4907041E80002FAB16B
:106B7000206850E8000F216820F4907041E800027E
:106B8000002A1FBF206850E8000F216820F4907091
:106B90001CBF41E80002002A0AD0206850E8000F1C
:106BA000216820F4907041E800020AB12068D7E71C
:106BB0004FF6FE70CEF6FF70216851E8021F226882
:106BC000014042E80213002B1FBF216851E8021F59
:106BD000226801401CBF42E80213002B10D021683C
:106BE00051E8021F2268014042E8021343B12168C4
:106BF00051E8021F2268014042E80213002BDBD15A
:106C0000E06E012828D100BF206850E8000F2168FD
:106C100020F0100041E80002002A1FBF206850E861
:106C2000000F216820F010001CBF41E80002002A7C
:106C300012D0206850E8000F216820F0100041E8D1
:106C400000024AB1206850E8000F216820F01000CF
:106C500041E80002002AD7D12020C4F88C0000218E
:106C6000E16620686167816849065FD550E8020FD8
:106C7000216820F0400041E80202002A42D020684A
:106C800050E8020F216820F0400041E80202002A8B
:106C90001FBF206850E8020F216820F040001CBF91
:106CA00041E80202002A2DD0206850E8020F216836
:106CB00020F0400041E8020222B32068D6E700BF7E
:106CC0008C457FF44CADD869B0F5807F7FF447AD3B
:106CD000022020672046BDE8B040FFF77DBB00BF23
:106CE0002046FFF7E9FC0020C4F89000B0BD00BFCB
:106CF0002020C4F888000020A0672046BDE8B040EE
:106D000000F0FAB9D4F8800080B147F65141C0F6DE
:106D100000010165FBF7A8FB00283FF420ADD4F883
:106D20008000016DBDE8B040084700BF2046BDE8C7
:106D3000B040FFF7C1BC00BFD0017FF510ADB5F189
:106D4000FF3FC8BFB0BD2046BDE8B040FFF748BB1D
:106D500010B5E0B10446D0F8880028B9002084F8C6
:106D60008400204600F028F82420C4F88800206819
:106D7000A16A0268002922F00101016002D02046C8
:106D800000F03AFE204601F097FC012802D10120D4
:106D900010BD00BF2068416821F4904141608168C6
:106DA00021F02A018160016841F001010160204663
:106DB000BDE8104000F090BEB0B5B6B0044602A8E1
:106DC000B8210025CDE93455CDE932553195F9F793
:106DD000D5FA44F600012068C4F2000188422DD0A3
:106DE00041F20001C4F20101884259D10020039010
:106DF000209002A801210291FDF75AFE08B1F9F78F
:106E00004FFF44F2E040C5F60200016941F0100175
:106E10000161016901F0100101910199016841F0DE
:106E200001010160006800F00100019001984FF439
:106E3000C06031900020C5F6020027E002200290D9
:106E400002A803951F95FDF733FE08B1F9F728FF57
:106E500044F2E040C5F60200816841F4802181607F
:106E6000816801F4802101910199016841F00801D4
:106E700001600068002100F008000190C5F60201E1
:106E800001984FF44070319001F540600221329139
:106E90000021CDE933110721359131A9FCF7A4FF79
:106EA00036B0B0BD0000000080B5D0F88C30202B8B
:106EB00006D10123002918BF002A03D1184680BD3E
:106EC000022080BD0023C36640F60043D0F800C016
:106ED000C5F600039C4503D0DCF804301B0205D442
:106EE00001F00AFF0023184680BD00BF5CE800CF18
:106EF000D0F800E04CF080634EE8003CBCF1000F9D
:106F0000EED0036853E800CFD0F800E04CF0806387
:106F10004EE8003CBCF1000F1FBF036853E800CFF0
:106F2000D0F800E04CF080631CBF4EE8003CBCF1A0
:106F3000000FD5D0036853E800CFD0F800E04CF044
:106F400080634EE8003CBCF1000FC9D0036853E8F1
:106F500000CFCDE70000000003F046BA00000000BB
:106F60002DE9F0410446D0F8880020282CD10F46A6
:106F700000294FF0010000F0BD801646002A08BF2E
:106F8000BDE8F0811D464FF00008C4F89080212034
:106F9000C4F88800FDF71CF8A4F85460A4F8566003
:106FA0000646A168B1F5805F05D12069002814BFAD
:106FB0003846B8460746B4F85600F8B1681C1FD0EA
:106FC000002D67D1206811E00220BDE8F08100BFEC
:106FD00038F8021B00276FF35F218162B4F8561066
:106FE0000139A4F85610B4F8561061B3C169090606
:106FF00072D5002FECD017F8011BEEE7206822E0D5
:10700000206802E0C169090609D4C16909065FBFA9
:10701000C1695FEA0161C1695FEA0161F2D51FB12F
:1070200017F8011B05E000BF38F8021B00276FF3BB
:107030005F218162B4F856100139A4F85610B4F8F3
:1070400056100029E1D1C169490610D4002D4BD05A
:10705000691C18D1C16949065FBFC1695FEA416116
:10706000C1695FEA416102D4C1694906F2D52020B5
:10707000C4F888000020BDE8F08100BF20680168E6
:10708000C0694006F3D4FCF7A3FF801BA842F5D9E2
:107090002CE000BF206800BFC169090608D4FCF7D6
:1070A00097FF801BA84219D820680168F4E700BF49
:1070B00017B117F8011B04E038F8021B00276FF323
:1070C0005F218162B4F856100139A4F85610B4F863
:1070D00056100029E0D1B6E7FCF77AFF2020C4F86B
:1070E00088000320BDE8F081FCF772FF2020C4F87F
:1070F00088000320BDE8F081704700000000000018
:10710000FEE700000000000010B58CB068462421A6
:1071100000240B94CDE90944F9F730F940F2AC00B2
:1071200042F20001C2F20040C4F202014FF4AC622C
:10713000C0E90014846004210461416101210483D9
:10714000C16180F8204082624FF48062C0E90B2464
:10715000C0E90F4480F844408164FAF709FA08B1A5
:10716000F9F79EFD40F2AC0009A9C2F20040099473
:10717000F9F722FE08B1F9F793FD40F200406946A5
:10718000C2F600200090062001900320029040F2F9
:10719000FF70039004200490002005908DF82100DA
:1071A00040F2AC00C2F20040F9F762FE08B1F9F714
:1071B00077FD0CB010BD000010B58AB040F21C1075
:1071C00047F20041C2F200400024CDE90844CDE975
:1071D0000644C4F200010160FAF78EFD08B1F9F728
:1071E0005FFD0A2001A9CDE9020401200022CDE9BA
:1071F000040440F21C100194C2F20040FAF7B8FCFB
:1072000008B1F9F74DFD0AB010BD00000000000004
:1072100080B582B044F2D8400022C5F60200016871
:1072200041F0010101600068002100F001000190BF
:1072300001980B20FCF7B0FF0B20FCF79DFF0C2002
:1072400000210022FCF7A8FF0C2002B0BDE880401E
:10725000FCF792BF0000000080B540F2202044F20D
:107260000001C2F20040C4F602010160FCF758FDC3
:10727000002808BF80BDBDE88040F9F711BD0000BF
:1072800081B044F2E040C5F60200016841F004011B
:107290000160016801F0040100910099016841F06A
:1072A00080010160016801F080010091009901688E
:1072B00041F001010160016801F0010100910099B4
:1072C000016841F008010160006800F008000090CA
:1072D000009801B07047000080B588B040F2582097
:1072E0000021C2F200400791CDE9051103914FF052
:1072F0008042CDE90111C0E9002181604FF0FF32E9
:10730000C0E9032180218161FEF786FE08B1F9F70B
:10731000C7FC4FF48050049040F2582004A9C2F2F8
:107320000040FEF73DFF08B1F9F7BAFC20200190BC
:107330000020039040F2582001A9C2F20040FEF75D
:10734000FBFD08B1F9F7ACFC08B080BD00000000FF
:1073500080B540F2A42041F20001C2F20040C4F224
:1073600001010C2201604FF4E13141600021C0E9CC
:1073700002110161C0E90521C0E90711C0E9091145
:10738000FFF7E6FC08B1F9F78BFC40F2A4200021DE
:10739000C2F20040FFF770F808B1F9F781FC40F243
:1073A000A4200021C2F20040FFF71EF808B1F9F74F
:1073B00077FC40F2A420C2F20040FEF7F1FF002863
:1073C00008BF80BDBDE88040F9F76ABC000000003E
:1073D00080B540F2383044F60001C2F20040C4F2F9
:1073E00000010C2201604FF4E13141600021C0E94D
:1073F00002110161C0E90521C0E9071141620821BC
:1074000081624FF400418163FFF7A2FC08B1F9F7F4
:1074100047FC40F238300021C2F20040FFF72CF860
:1074200008B1F9F73DFC40F238300021C2F20040CB
:10743000FEF7DAFF08B1F9F733FC40F23830C2F258
:107440000040FEF7ADFF002808BF80BDBDE88040CA
:10745000F9F726BC00000000FEE700000000000075
:10746000FEE7000000000000704700000000000080
:10747000F0B581B044F22C47C5F6020757F8042C4A
:1074800002F00302032A03D1012001B0F0BD00BFC6
:10749000054657F82C0C0C4620F0806047F82C0C61
:1074A000FCF796FD064600BF57F82C0C000105D5E9
:1074B000FCF78EFD801B0228F6D964E057F8040C17
:1074C000EE6895E80E0020F47C30012C40EA013093
:1074D000A2F101016FF35F214FF47E4202EB4322E0
:1074E00047F8040C92B24FF0FE4302EB01004FF458
:1074F000FE012A6901EB064101F4FE0103EB026281
:10750000084402F0FE410844F8603868696920F0D8
:10751000C00040EA010038603868A96920F0200006
:1075200040EA0100386038684FF6F87120F010002A
:1075300038603869EA6920EA01004FF4001140EA36
:10754000C2003861386808BF4FF4801140F0100065
:10755000002C386008BF4FF40021386808433860B9
:1075600057F82C0C40F0806047F82C0CFCF730FDED
:10757000044600BF57F82C0C000107D4FCF728FD87
:10758000001B0328F6D3032001B0F0BD002001B09A
:10759000F0BD000000000000F0B581B044F22C47BF
:1075A000C5F6020757F8042C02F00302032A03D1A0
:1075B000012001B0F0BD00BF054657F82C0C0C4669
:1075C00020F0805047F82C0CFCF702FD064600BF67
:1075D00057F82C0C800005D5FCF7FAFC801B02281C
:1075E000F6D964E057F8040CEE6895E80E0020F038
:1075F0007C70012C40EA0150A2F101016FF35F2180
:107600004FF47E4202EB432247F8040C92B24FF053
:10761000FE4302EB01004FF4FE012A6901EB064133
:1076200001F4FE0103EB0262084402F0FE4108444B
:1076300078613868696920F4406040EA0100386088
:107640003868A96920F4007040EA010038603868A1
:107650004FF6F87120F480703860B869EA6920EA62
:1076600001004FF0807140EAC200B861386808BF7D
:107670004FF4000140F48070002C386008BF4FF4D4
:10768000800138680843386057F82C0C40F080506F
:1076900047F82C0CFCF79CFC044600BF57F82C0C58
:1076A000800007D4FCF794FC001B0328F6D30320CA
:1076B00001B0F0BD002001B0F0BD000000000000EE
:1076C0007047000000000000FCF78ABC00000000CA
:1076D000B0B59CB044F61804022000250895CDE909
:1076E0001055CDE90E55CDE90C55CDE90A55CDE93A
:1076F0000655CDE90455CDE90255C5F602040195BC
:10770000FCF78AFD0095206820F440402060206846
:1077100000F4404000900098206880045FBF20681B
:107720005FEA804020685FEA804002D420688004DD
:10773000F2D50220099012900025CDE917000C2007
:107740000121CDE919054FF440601B9009A80C9167
:1077500040240D941395042214922222CDE9152180
:10776000FEF746F920B1EFF3108072B6FEE700BFD6
:107770003F20019003200321CDE902050820069453
:10778000CDE904044FF48060CDE9070401A8FDF7BA
:10779000E7FE28B1EFF3108072B600BFFEE700BF2E
:1077A0001CB0B0BD000000004EF6885042F2000C44
:1077B000CEF20000C5F2002C026842F470020260B2
:1077C000DCF8000000F00F00062806D8DCF8000006
:1077D000072262F30300CCF8000044F200404EF6AA
:1077E0007F51C5F60200CEF6F621026842F0010292
:1077F000026000220261036819400160DCF8001099
:10780000090706D5DCF80010072363F30301CCF861
:10781000001040F200218261C261C0F202210262C6
:1078200081620021C0F2FF11C16240F28021C0F2EA
:107830000111016342638163C263016442640168B0
:1078400021F4802101600266D0F8D410C90448BF39
:107850007047D0F8D41043F2D20241F48051C0F8FE
:10786000D41044F20001C5F200210A60D0F8D4100F
:1078700021F48051C0F8D4107047000000000000CF
:1078800010B540F6FF32D0F800E0C4F2000290429A
:1078900010DCB0F1804F1ED040F20043C4F2000370
:1078A000984218D040F60003C4F20003984212D068
:1078B00016E000BF40F60043C4F2000398420AD02D
:1078C00040F20043C4F20103984204D00023C4F202
:1078D0000103984204D12EF070024B6843EA020E75
:1078E0004EF2FF3343F6FF7CC4F20003C4F2010CF6
:1078F000984213DD60452BDC4EF20043C4F20003D6
:10790000984242D00023C4F2010398423DD040F295
:107910000043C4F20103984237D03BE040F2FF73CA
:10792000C4F20003984227DD40F60003C4F20003CE
:1079300098422AD040F60043C4F20003984224D073
:107940004EF20003C4F2000398421ED022E000BFB2
:1079500044F20003C4F20103984216D044F6000337
:10796000C4F20103984210D044F20043C4F2010370
:1079700098420AD00EE000BFB0F1804F05D040F22F
:107980000043C4F20003984204D12EF44072CB6845
:1079900043EA020E4B6960450A688C68C4628262E1
:1079A00012DD44F20002C4F20102904217D044F604
:1079B0000002C4F20102904211D044F20042C4F22B
:1079C000010290420BD00CE00022C4F2010290426E
:1079D00005D040F20042C4F20102904201D109698F
:1079E0000163016841F004010160012141612EF051
:1079F00080011943016010BD816A0A070CD4CA07CF
:107A000015D18A071ED44A0727D4CA0630D48A065D
:107A100039D44A0655D541E00268D0F838C05368D9
:107A200023F4004343EA0C035360CA07E9D0026819
:107A3000D0F82CC0536823F4003343EA0C0353609E
:107A40008A07E0D50268D0F830C0536823F4803349
:107A500043EA0C0353604A07D7D50268D0F834C014
:107A6000536823F4802343EA0C035360CA06CED53F
:107A70000268D0F83CC0936823F4805343EA0C03B7
:107A800093608A06C5D50268D0F840C0936823F495
:107A9000005343EA0C0393604A0612D50268D0F8FB
:107AA00044C0BCF5801F536823F4801343EA0C03E1
:107AB000536006D1536823F4C00C836C43EA0C0373
:107AC0005360090658BF70470168C06C4A6822F4C9
:107AD0000022104348607047B0B582B004460020D1
:107AE000C4F89000FCF774FA216805460A6812078A
:107AF00037D54FF4001100226FF07E4000902046F1
:107B00002B4601F035FA58B3206850E8000F216881
:107B100020F0800041E80002002A1FBF206850E8E2
:107B2000000F216820F080001CBF41E80002002AFD
:107B300012D0206850E8000F216820F0800041E852
:107B400000024AB1206850E8000F216820F0800050
:107B500041E80002002AD7D12020C4F8880063E061
:107B600021680868400765D54FF4800100226FF056
:107B70007E40009020462B4601F0FAF9002859D0AB
:107B8000206850E8000F216820F4907041E800025E
:107B9000002A1FBF206850E8000F216820F4907071
:107BA0001CBF41E80002002A26D0206850E8000FE0
:107BB000216820F4907041E80002EAB1206850E8A2
:107BC000000F216820F4907041E80002002AD7D10C
:107BD00012E000BF206850E8020F216820F0010089
:107BE00041E80202EAB1206850E8020F216820F063
:107BF000010041E80202A2B1206850E8020F2168AA
:107C000020F0010041E80202002A1FBF206850E86E
:107C1000020F216820F001001CBF41E80202002A87
:107C2000D8D12020C4F88C000320002184F88410CF
:107C300002B0B0BD2020C4F88800C4F88C00002039
:107C4000E0662067002184F8841002B0B0BD000017
:107C5000806B0021A0F85E10FEF72EBD0000000032
:107C6000B0F860200168D0F88C30222B40F0D28030
:107C7000D1F824C0836D02EA0C0223F8022B83653D
:107C8000B0F85E20013AA0F85E20B0F85E20002A2D
:107C900018BF704751E8001F026821F4907142E854
:107CA00000138BB3016851E8001F026821F4907142
:107CB00042E80013002B1FBF016851E8001F026853
:107CC00021F490711CBF42E80013002B1CD0016806
:107CD00051E8001F026821F4907142E800139BB143
:107CE0000168D7E7016851E8021F026821F001012D
:107CF00042E80213EBB1016851E8021F026821F06B
:107D0000010142E80213A3B1016851E8021F0268B1
:107D100021F0010142E80213002B1FBF016851E866
:107D2000021F026821F001011CBF42E80213002B70
:107D3000D8D12021C0F88C1000214167016740F69E
:107D400000420168C5F60002914202D04A68120260
:107D500036D4C16E012963D10021C166016851E8A2
:107D6000001F026821F0100142E80013002B1FBF22
:107D7000016851E8001F026821F010011CBF42E8B1
:107D80000013002B12D0016851E8001F026821F097
:107D9000100142E800134BB1016851E8001F02686E
:107DA00021F0100142E80013002BD7D10168CA6905
:107DB000D20601D510220A62B0F85C10FEF70CBBA7
:107DC00051E8001F026821F0806142E80013002B97
:107DD000BFD0016851E8001F026821F0806142E8CD
:107DE0000013002B1FBF016851E8001F026821F03B
:107DF00080611CBF42E80013002BAAD0016851E843
:107E0000001F026821F0806142E80013002BA0D01F
:107E10000168D5E7886940F008008861704700BFB5
:107E2000FFF79AB8000000002DE9F04F81B004463A
:107E30000268B0F86050D66910689168D4F88C3048
:107E4000222B40F06181B4F86820002A00F0FD8008
:107E500000F4807801F001074FF000094FF0020BA9
:107E60004FF0010A04E000BFB4F85E00002863D0C0
:107E7000B00640F1EA802068A16D426A2A4021F8EC
:107E8000022BA165B4F85E100139A4F85E10C66932
:107E90007107E9D0B8F1000F18BF16F001010DD13C
:107EA000002F18BF16F0020115D1002F18BF16F0D1
:107EB00004011DD1D4F8900030BBD5E7C0F820A054
:107EC000D4F8901041F00101C4F89010002F18BFB1
:107ED00016F00201E9D0C0F820B0D4F8901041F0BB
:107EE0000401C4F89010002F18BF16F00401E1D06F
:107EF00004210162D4F8900040F00200C4F8900020
:107F0000D4F890000028AFD02046FEF7D5FBC4F887
:107F10009090A9E7206850E8000F216820F4807055
:107F200041E80002EAB1206850E8000F216820F41F
:107F3000807041E80002A2B1206850E8000F21687B
:107F400020F4807041E80002002A1FBF206850E83A
:107F5000000F216820F480701CBF41E80002002A55
:107F6000D8D14FF6FE70CEF6FF7000BF216851E801
:107F7000021F2268014042E80213002B1FBF216844
:107F800051E8021F226801401CBF42E80213002B87
:107F900010D0216851E8021F2268014042E8021314
:107FA00043B1216851E8021F2268014042E80213F0
:107FB000002BDBD12020C4F88C00002060672067F4
:107FC00040F600412068C5F60001884203D04168B0
:107FD000090200F1A180E06E012840F0CB80002072
:107FE000E06600BF206850E8000F216820F0100014
:107FF00041E80002002A1FBF206850E8000F2168F6
:1080000020F010001CBF41E80002002A12D02068B6
:1080100050E8000F216820F0100041E800024AB14A
:10802000206850E8000F216820F0100041E80002AD
:10803000002AD7D12068C169C90601D51021016283
:10804000B4F85C102046FEF7C7F9B4F85E000028CB
:108050005ED0B4F8681088425AD200BF206850E859
:10806000020F216820F0805041E80202002A1FBF61
:10807000206850E8020F216820F080501CBF41E8C2
:108080000202002A12D0206850E8020F216820F076
:10809000805041E802024AB1206850E8020F21688E
:1080A00020F0805041E80202002AD7D147F6614013
:1080B000C0F600006067206850E8000F216840F0BB
:1080C000200041E800021AB3206850E8000F216840
:1080D00040F0200041E80002002A1FBF206850E85D
:1080E000000F216840F020001CBF41E80002002A78
:1080F0000ED0206850E8000F216840F0200041E8D1
:108100000002002AD7D103E0906940F00800906196
:1081100001B0BDE8F08F00BF50E8000F216820F0EB
:10812000806041E80002002A3FF455AF206850E823
:10813000000F216820F0806041E80002002A1FBF84
:10814000206850E8000F216820F080601CBF41E8E3
:108150000002002A3FF43FAF206850E8000F21687A
:1081600020F0806041E80002002A3FF434AF20682C
:10817000D2E700BF2046FEF7EFFEB4F85E0000280D
:108180007FF467AFC4E70000B0F860100268D0F871
:108190008C30222B40F0D480526A836D11401970CC
:1081A000816D01318165B0F85E100139A0F85E1073
:1081B000B0F85E10002918BF704700BF016851E891
:1081C000001F026821F4907142E80013002B1FBFCA
:1081D000016851E8001F026821F490711CBF42E859
:1081E0000013002B12D0016851E8001F026821F42F
:1081F000907142E800134BB1016851E8001F02681A
:1082000021F4907142E80013002BD7D1016851E8A6
:10821000021F026821F0010142E80213002B1FBF78
:10822000016851E8021F026821F001011CBF42E809
:108230000213002B12D0016851E8021F026821F0DE
:10824000010142E802134BB1016851E8021F0268C4
:1082500021F0010142E80213002BD7D12021C0F800
:108260008C1000214167016740F600420168C5F6A5
:108270000002914202D04A68120237D4C16E01292D
:1082800064D10021C16600BF016851E8001F026887
:1082900021F0100142E80013002B1FBF016851E8D4
:1082A000001F026821F010011CBF42E80013002BE0
:1082B00012D0016851E8001F026821F0100142E865
:1082C00000134BB1016851E8001F026821F0100152
:1082D00042E80013002BD7D10168CA69D20601D544
:1082E00010220A62B0F85C10FEF776B851E8001F61
:1082F000026821F0806142E80013002BBED00168C3
:1083000051E8001F026821F0806142E80013002B51
:108310001FBF016851E8001F026821F080611CBF87
:1083200042E80013002BA9D0016851E8001F026841
:1083300021F0806142E80013002B9FD00168D5E74F
:10834000906940F008009061704700BFFEF704BEDE
:108350002DE9F04F81B004460268B0F86050D6694C
:1083600010689168D4F88C30222B40F06381B4F807
:108370006820002A00F0FF8000F4807A01F00107F5
:108380004FF000084FF0020B4FF0010904E000BF6E
:10839000B4F85E00002865D0B00640F1EC8020689B
:1083A000A16D406A28400870A06D0130A06520686A
:1083B000B4F85E100139A4F85E10C6697107E7D001
:1083C000BAF1000F18BF16F001010DD1002F18BF30
:1083D00016F0020115D1002F18BF16F004011DD1AF
:1083E000D4F8900030BBD3E7C0F82090D4F89010B8
:1083F00041F00101C4F89010002F18BF16F00201DF
:10840000E9D0C0F820B0D4F8901041F00401C4F8CD
:108410009010002F18BF16F00401E1D00421016272
:10842000D4F8900040F00200C4F89000D4F8900016
:108430000028ADD02046FEF73FF9C4F89080A7E7AA
:10844000206850E8000F216820F4807041E80002A5
:10845000EAB1206850E8000F216820F4807041E8FC
:108460000002A2B1206850E8000F216820F480705B
:1084700041E80002002A1FBF206850E8000F216871
:1084800020F480701CBF41E80002002AD8D14FF6CA
:10849000FE70CEF6FF7000BF216851E8021F22680F
:1084A000014042E80213002B1FBF216851E8021F60
:1084B000226801401CBF42E80213002B10D0216843
:1084C00051E8021F2268014042E8021343B12168CB
:1084D00051E8021F2268014042E80213002BDBD161
:1084E0002020C4F88C0000206067206740F600411F
:1084F0002068C5F60001884203D04168090200F1F6
:10850000A180E06E012840F0CB800020E06600BF33
:10851000206850E8000F216820F0100041E80002B8
:10852000002A1FBF206850E8000F216820F01000CB
:108530001CBF41E80002002A12D0206850E8000F5A
:10854000216820F0100041E800024AB1206850E89C
:10855000000F216820F0100041E80002002AD7D166
:108560002068C169C90601D510210162B4F85C1008
:108570002046FDF731FFB4F85E0000285ED0B4F865
:10858000681088425AD200BF206850E8020F216864
:1085900020F0805041E80202002A1FBF206850E806
:1085A000020F216820F080501CBF41E80202002A1F
:1085B00012D0206850E8020F216820F0805041E876
:1085C00002024AB1206850E8020F216820F0805072
:1085D00041E80202002AD7D148F28910C0F6000013
:1085E0006067206850E8000F216840F0200041E8F3
:1085F00000021AB3206850E8000F216840F0200004
:1086000041E80002002A1FBF206850E8000F2168DF
:1086100040F020001CBF41E80002002A0ED0206874
:1086200050E8000F216840F0200041E80002002AD5
:10863000D7D103E0906940F00800906101B0BDE837
:10864000F08F00BF50E8000F216820F0806041E803
:108650000002002A3FF455AF206850E8000F21685F
:1086600020F0806041E80002002A1FBF206850E827
:10867000000F216820F080601CBF41E80002002A42
:108680003FF43FAF206850E8000F216820F0806081
:1086900041E80002002A3FF434AF2068D2E700BF6F
:1086A0002046FEF759FCB4F85E0000287FF467AF5F
:1086B000C4E700000000000070B584B00446006804
:1086C00004F1080340F6004EE669C5F6000E0ECB35
:1086D000194363690B4346F6F3110568CCF6FF7145
:1086E000334329401943016041684FF2FF4321F4AD
:1086F0004051704541EA02014160A269C1F2FF1395
:108700001CBF216A0A43816844F2544C1940C5F6E3
:10871000020C1143816047F6FF32C16AC4F20002C5
:1087200021F00F01656A90424FF0800341EA050194
:10873000C1622BDD41F2FF71C4F20101884251DCBC
:1087400047F60041C4F20001884200F08B8041F2FC
:108750000001C4F20101884200F0948041F200411E
:10876000C4F20101884240F00E81DCF80010C1F330
:10877000C202052A00F2EE800123DFE812F00401B4
:10878000E300F300FB000301AB0100BF44F6FF313F
:10879000C4F20001884247DD44F60041C4F2000102
:1087A000884200F07F8045F20001C4F20001884257
:1087B00000F0888047F60001C4F20001884240F0D2
:1087C000E280DCF8001001F00702052A00F2C28006
:1087D0000023DFE812F0D800B700C700CF00D700B1
:1087E0007F0100BF41F60001C4F20101884200F0A0
:1087F000798041F60041C4F20101884200F0828094
:10880000704540F0C080DCF8041001F00702052A32
:1088100000F2A0800223DFE812F0B6009500A50068
:10882000AD00B5005D0100BF44F20041C4F200019B
:10883000884200F0778044F60001C4F200018842CB
:1088400040F0A180DCF8001001F00702052A00F2D8
:1088500081800023DFE812F09700760086008E000A
:1088600096003E01DCF8001001F00702052A00F234
:1088700071800023DFE812F08700660076007E003A
:1088800086002E01DCF80010C1F3C202052A00F2B6
:1088900061800123DFE812F07700560066006E0069
:1088A00076001E01DCF8001001F00702052A00F234
:1088B00051800023DFE812F06700460056005E009A
:1088C00066000E01DCF8001001F00702052A41D80D
:1088D0000023DFE812F05800370047004F00570030
:1088E000FF0000BFDCF80010C1F3C202052A31D836
:1088F0000123DFE812F04800270037003F0047005F
:10890000EF0000BFDCF80010C1F3C202052A21D835
:108910000123DFE812F03800170027002F0037008E
:10892000DF0000BFDCF8001001F00702052A11D8B3
:108930000023DFE812F02800070017001F002700BF
:10894000CF0000BF0423704540F60010C0F23D0088
:1089500020D1C7E08023704540F60010C0F23D00F2
:1089600018D1BFE00823704540F60010C0F23D006A
:1089700010D1B7E01023704540F60010C0F23D0062
:1089800008D1AFE02023704540F60010C0F23D0052
:1089900000F0A880B6F5004F40F04E80402B4FF01D
:1089A000010100F29E81DFE813F0410017019C01F4
:1089B0009C011D019C019C019C0125019C019C01C5
:1089C0009C019C019C019C019C012D019C019C012E
:1089D0009C019C019C019C019C019C019C019C01AF
:1089E0009C019C019C019C019C013D019C019C01FE
:1089F0009C019C019C019C019C019C019C019C018F
:108A00009C019C019C019C019C019C019C019C017E
:108A10009C019C019C019C019C019C019C019C016E
:108A20009C019C019C019C019C013B01FCF7F4FE14
:108A3000002840F0D480E3E0402B4FF0010100F229
:108A40005081DFE813F041000F014E014E01150186
:108A50004E014E014E011D014E014E014E014E01CF
:108A60004E014E014E0125014E014E014E014E01B7
:108A70004E014E014E014E014E014E014E014E017E
:108A80004E014E014E0135014E014E014E014E0187
:108A90004E014E014E014E014E014E014E014E015E
:108AA0004E014E014E014E014E014E014E014E014E
:108AB0004E014E014E014E014E014E014E014E013E
:108AC0004E014E014E013301FCF7A6FE002840F096
:108AD000CC80DBE04023704540F60010C0F23D0042
:108AE0007FF458AF9A1E01211E2A27D8DFE812F022
:108AF0002000F9002C00F900F900F9003400F90019
:108B0000F900F900F900F900F900F9003C00F9005A
:108B1000F900F900F900F900F900F900F900F9008D
:108B2000F900F900F900F900F900F900490000BF67
:108B3000FBF79AFBB0B1656A23E000BF402B40F021
:108B4000D0804FF400401CE001A8FBF739FC0298EC
:108B50000028F0D106E000BF01A8FBF7C9FC02988D
:108B60000028E8D10021BCE05CF8540C800649F2F2
:108B70000000C0F2D03004D55CF8541CC1F3C10130
:108B8000C8404AF6BC716268C0F6000131F81510A1
:108B9000B0FBF1F002EB420188424FF00101C0F05E
:108BA000A0801303984200F29C80010E0023000273
:108BB00010EB520041F10001F7F7A8FB4FF6FF421E
:108BC000A0F54071C0F20F02914203D82168C8603D
:108BD000002186E0012184E0FCF74EFE80B1656A49
:108BE00020E000BF01A8FBF7EBFB02980028F6D1BC
:108BF00006E000BF01A8FBF77BFC02980028EED13D
:108C000000216EE05CF8540C800649F20000C0F2CE
:108C1000D03007D55CF8541CC1F3C101C84001E055
:108C20004FF400404AF6BC71C0F6000131F815104F
:108C3000B0FBF1F061684A0802EB40004FF6EF72BA
:108C4000B0FBF1F0A0F11001914209D84FF6F0719C
:108C500022680140C0F342000844D060002140E097
:108C600001213EE0FCF708FE80B1656A20E000BF0C
:108C700001A8FBF7A5FB02980028F6D106E000BF8B
:108C800001A8FBF735FC02980028EED1002128E06E
:108C90005CF8540C800649F20000C0F2D03007D5D1
:108CA0005CF8541CC1F3C101C84001E04FF400401E
:108CB0004AF6BC716268C0F6000131F81510B0FBCD
:108CC000F1F000EB5200B0FBF2F0A0F110014FF612
:108CD000EF72914204D82168C860002101E000BF12
:108CE00001214FF00110A0660020C4E91D000846D4
:108CF00004B070BD0000000081650023A0F85C2076
:108D0000A0F85E208168436751B1B1F1805F0BD05C
:108D1000B1F5805F0CD1016921B940F2FF110AE081
:108D2000016939B9FF2106E0016919B13F2102E06B
:108D3000002100E07F21A0F860100021C0F8901011
:108D40002221C0F88C1000BF016851E8021FD0F842
:108D500000C041F001014CE80213002B1FBF016865
:108D600051E8021FD0F800C041F001011CBF4CE8DF
:108D70000213002B14D0016851E8021FD0F800C084
:108D800041F001014CE8021353B1016851E8021FA0
:108D9000D0F800C041F001014CE80213002BD3D100
:108DA000416EB1F1005F03D1B0F86810914241D932
:108DB0008168B1F5805F016908D1002948D048F287
:108DC0008911C0F60001416707E000BF48F289122F
:108DD0000029C0F6000242673FD0016851E8001F39
:108DE000026841F4907142E80013002B00F0BE804D
:108DF000016851E8001F026841F4907142E80013D5
:108E0000002B1FBF016851E8001F026841F49071F8
:108E10001CBF42E80013002B00F0A880016851E855
:108E2000001F026841F4907142E80013002BD4D176
:108E30009CE000BF8168B1F5805F016938D10029ED
:108E400066D048F25131C0F60001416736E000BFFC
:108E500047F66141C0F600014167016851E8001F13
:108E6000026841F0200142E80013002B00F07E80F0
:108E7000016851E8001F026841F0200142E8001338
:108E8000002B1FBF016851E8001F026841F020015C
:108E90001CBF42E80013002B68D0016851E8001F96
:108EA000026841F0200142E80013002BD5D15DE0BB
:108EB00048F25132C0F60002426779B3016851E8C6
:108EC000001F026841F4807142E80013002B1FBFAD
:108ED000016851E8001F026841F480711CBF42E83C
:108EE0000013002B1AD0016851E8001F026841F4FA
:108EF000807142E800138BB1016851E8001F0268DD
:108F000041F4807142E80013002BD7D106E000BF86
:108F100047F62961C0F60001416700BF016851E8CA
:108F2000021F026841F0805142E80213002B1FBF6C
:108F3000016851E8021F026841F080511CBF42E8FD
:108F40000213002B12D0016851E8021F026841F0A1
:108F5000805142E802134BB1016851E8021F0268D8
:108F600041F0805142E80213002BD7D10020704716
:108F70002DE9F041804600680D46C7693940491B1C
:108F8000B1FA81F14909914225D1069C34B31646C4
:108F9000611C29D1C1692940491BB1FA81F14909F4
:108FA000B14218D1C1692940491BB1FA81F149097F
:108FB000B14201BFC1692940491BB1FA81F104BF27
:108FC0004909B14207D1C1692940491BB1FA81F170
:108FD0004909B142DED00020BDE8F081FAF7F8FF80
:108FE0000320BDE8F08100BF1F4607E0C0692840AC
:108FF000401BB0FA80F04009B042ECD1FAF7E8FF2C
:10900000C01BA04244D8D8F8000001684907EDD53C
:10901000402D18BF802DE9D0C16909073CD4C16932
:109020000905E3D54FF40061016250E8000FD8F85C
:10903000001020F4907041E80002002A62D0D8F8B5
:10904000000050E8000FD8F8001020F4907041E8BC
:109050000002002A1FBFD8F8000050E8000FD8F81F
:10906000001020F490701CBF41E80002002A49D093
:10907000D8F8000050E8000FD8F8001020F49070E5
:1090800041E80002002A3DD0D8F80000CDE700BF3B
:109090000320BDE8F08100BF0821016250E8000F05
:1090A000D8F8001020F4907041E80002002A00F087
:1090B0009D80D8F8000050E8000FD8F8001020F488
:1090C000907041E80002002A1FBFD8F8000050E865
:1090D000000FD8F8001020F490701CBF41E8000287
:1090E000002A00F08380D8F8000050E8000FD8F87C
:1090F000001020F4907041E80002002A76D0D8F8E1
:109100000000CBE74FF6FE70CEF6FF70D8F80010E7
:1091100051E8021FD8F80020014042E80213002B5A
:109120001FBFD8F8001051E8021FD8F800200140F6
:109130001CBF42E80213002B14D0D8F8001051E8ED
:10914000021FD8F80020014042E8021353B1D8F8BA
:10915000001051E8021FD8F80020014042E8021335
:10916000002BD3D1D8F86C0001282FD1D8F80000FB
:1091700050E8000FD8F8001020F0100041E800027D
:10918000002A1FBFD8F8000050E8000FD8F80010E0
:1091900020F010001CBF41E80002002A16D0D8F8C9
:1091A000000050E8000FD8F8001020F0100041E84F
:1091B00000025AB1D8F8000050E8000FD8F80010AB
:1091C00020F0100041E80002002ACFD12020C8F88A
:1091D0008C000021C8F86C10C8F87410C8F8900012
:1091E000032088F88410BDE8F08100BF4FF6FE70C0
:1091F000CEF6FF70D8F8001051E8021FD8F8002012
:10920000014042E80213002B1FBFD8F8001051E8BC
:10921000021FD8F8002001401CBF42E80213002BB7
:1092200014D0D8F8001051E8021FD8F800200140EF
:1092300042E8021353B1D8F8001051E8021FD8F8E1
:109240000020014042E80213002BD3D1D8F86C0073
:1092500001282FD1D8F8000050E8000FD8F80010EE
:1092600020F0100041E80002002A1FBFD8F80000DB
:1092700050E8000FD8F8001020F010001CBF41E8A3
:109280000002002A16D0D8F8000050E8000FD8F8E5
:10929000001020F0100041E800025AB1D8F8000098
:1092A00050E8000FD8F8001020F0100041E800024C
:1092B000002ACFD12020C8F88C000020C8F86C000C
:1092C000C8F874000821C8F8901088F884000120BC
:1092D000BDE8F0810000000040F2A420C2F200408E
:1092E000FDF7EEB90000000040F23830C2F2004055
:1092F000FDF7E6B900000000FEE7000000000000F6
:109300002DE9F04F89B006680696002E3746059184
:1093100000F00681002B00F0F980D0E901E0039015
:10932000581E029003F0030023F00303002701906E
:10933000A2F110000090049213E000BFB0EE605A5A
:10934000B0EE476A0898013784ED006AC0ED002A44
:10935000079885ED005AC0ED001A0698874200F084
:10936000DF8007EB870003990EEB0716904601EBB1
:109370008000002F4FEA071196ED007A01F10405F5
:1093800090ED002A90ED011A90ED020A90ED034A4B
:109390000EEB050490ED043A01F1080001F10C0117
:1093A00070440EEB0105059994ED006A08BF8846EC
:1093B0000299D0ED000A032995ED005ACDE9070680
:1093C00002D24FF0000946E0A8F1100C4FF000095E
:1093D000DDF800A0DCED041A09F1040962EE212A8F
:1093E0000AF1100B4B4541EE072A40EE062A44EEE7
:1093F000202A43EE052ACAED042ADCED053A62EE86
:10940000234A41EE214A40EE074A44EE224A43EE07
:10941000204ACAED054A9CED066A22EE065A01EE84
:10942000235A00EE215A04EE245A03EE225A8AED02
:10943000065A9CED077A0CF1100C62EE070A41EE19
:10944000060A40EE230A44EE050A43EE240ACAED5A
:10945000070ADA46BED1F0EE472AF0EE601A01980C
:10946000049A00283FF46EAF08EB89010128D1ED82
:10947000002A02EB890162EE221A41EE071A40EE41
:10948000061A44EE201A43EE051AC1ED001A3FF405
:1094900055AF09F10101022808EB810602EB8101B9
:1094A000D6ED003A62EE234A41EE224A40EE074AE8
:1094B00044EE214A43EE204AC1ED004A08D1B0EE05
:1094C000615AB0EE626AF0EE632AF0EE641A39E790
:1094D00009F10201B0EE645AB0EE636A08EB81064E
:1094E00002EB810196ED007A22EE072A01EE232A93
:1094F00000EE222AF0EE472A04EE242A03EE212A67
:1095000081ED002AF0EE421A1CE700BF06980138F0
:10951000032805D3069820F0030040420430FDD113
:1095200009B0BDE8F08F000080B500298260C0E975
:10953000001308BF80BD09011846F6F71FFF80BD64
:109540002DE9F04F81B04EF65C7B4FF6B851CEF26C
:10955000000BCFF6FF71814640F2E0305BF801105E
:10956000C2F20040C90323D500EB4902BFF34F8F7D
:1095700002F01E0101F580612029CBF8002013DDE7
:10958000412902F12002CBF800200DDB612902F114
:109590002002CBF8002007DB02F12003803902F122
:1095A0004002CBF80030E7DCBFF34F8FBFF36F8F83
:1095B00041F2004800EB490CC2F20048002208F1D9
:1095C0001C014FF6FF779FEDE20A00259FEDE11A9F
:1095D000BBB23CF80260ACB29E420CEB020338BF57
:1095E0003746A64202EE106A88BF3546BCB25E8896
:1095F000B8EE422A1032A64203EE106AACB238BF6F
:109600003746A642B8EE433A88BF3546BEB29C887C
:10961000A8B232EE002AB44204EE104A38BF274600
:10962000844233EE003A88BF2546BEB2D888ACB239
:1096300022EE012A05EE100AB04238BF0746A042CA
:1096400023EE013A88BF05461889B8EE455ABEB2E6
:10965000B8EE444AACB2B04238BF0746A04206EE6C
:10966000100A88BF05465E8935EE005AB8B201ED92
:10967000072AACB201ED063A8642B8EE466A38BF18
:109680003746A64225EE012A88BF3546BCB29889E6
:1096900005EE106A36EE003AAEB2A04238BF074679
:1096A000B04206EE100A88BF0546DB8934EE004A58
:1096B000BEB2B8EE455A07EE103AB8EE466AACB202
:1096C00024EE014A35EE005AB342B8EE477A23EE53
:1096D000013A38BF1F46A34288BF1D4601ED054A27
:1096E00036EE004A01ED033A37EE003A01ED042A66
:1096F00025EE012A01ED022A24EE012A01ED012ABC
:1097000023EE012AB2F5806F81ED002A01F12001DC
:109710007FF45EAF40F2340A4FF40073C2F2004AA5
:1097200041460AF158004246FFF7EAFD40F6004084
:10973000B6EE002AC2F20040002600EB490C40F6CB
:10974000FF700CF104039FED840A9FED841A002141
:109750009FED833A9FED834A9FED835A16E000BF49
:1097600082B237EE026A1036BCEEC66A16EE104AB6
:10977000A2428AB288BF2046A24238BF2146B6F52F
:10978000006F5C8003F1080300F0948008EB060E84
:10979000B0EE437A9EED006A26EE006A06EE017A8C
:1097A000B0EE446AB5EE407AF1EE10FA08DBB0EEA6
:1097B000476AB4EE457AF1EE10FA01DDB0EE456A83
:1097C0009EED017A36EE026A82B267EE000AB0EED2
:1097D000437ABCEEC66A00EE817A16EE104AB0EE0D
:1097E000446AA2428AB2B5EE407A88BF2046A242BD
:1097F00038BF2146F1EE10FA23F8044C08DBB0EE36
:10980000476AB4EE457AF1EE10FA01DDB0EE456A32
:109810009EED027A36EE026A82B267EE000AB0EE80
:10982000437ABCEEC66A00EE817A16EE104AB0EEBC
:10983000446AA2428AB2B5EE407A88BF2046A2426C
:1098400038BF2146F1EE10FA23F8024C08DBB0EEE7
:10985000476AB4EE457AF1EE10FA01DDB0EE456AE2
:109860009EED037A76EE020A27EE007AB0EE436AA6
:1098700082B207EE016ABCEEE07A17EE104AB0EE53
:10988000447AB5EE406AA2428AB288BF2046A2421C
:1098900038BF2146F1EE10FA1C80FFF661AFB0EE42
:1098A000467AB4EE456AF1EE10FA7FF759AFB0EEA2
:1098B000457A55E74FF6B852CFF6FF725BF80230A3
:1098C000DB0321D5BFF34F8F0CF01E0202F580633E
:1098D000202BCBF80CC013DD412B0CF12002CBF870
:1098E0000C200DDB612B02F12002CBF80C2007DBF2
:1098F000803B02F1400C02F12006CBF80C60E7DC63
:10990000BFF34F8FBFF36F8FBBB2BAF80A209342F9
:1099100038BFAAF80A70ABB2BAF80C20934288BFDD
:10992000AAF80C5083B2BAF80E20934201D2AAF8DA
:109930000E008AB2BAF81000824288BFAAF810104E
:10994000DAF854000130CAF8540001B0BDE8F08FD5
:10995000000000C70000003800E0FF44CDCC4C3FC1
:10996000000000450000000000F07F4500000000FE
:1099700084B001200090FAF7CFFB0020019048F25C
:109980001F70029040F2011003906846FAF794FBB2
:109990000420FAF7D1FBFAF733FBFDF799FEFDF748
:1099A0006FFCFDF735FCFDF7AFFBFDF705FCFDF7A0
:1099B00093FCFDF7CDFCFDF70BFDFDF74DFC00F032
:1099C00007F800BF00F030F8FCE7000000000000DE
:1099D00080B500F049FE00F00FFC00F061FE00F0E1
:1099E0006FFF00F055FE38B140F2A9000221C2F22B
:1099F0000040017080BD00BF40F2A90104A0C2F286
:109A0000004100220A70BDE8804000F0CDBB00BFDD
:109A10004155544F5F46494C5445525F4641494C6D
:109A200045440D0A0000000010B500F089FC78B133
:109A300040F2A904C2F200442078022801D101F0CA
:109A400063FA0120207000F02BFE0020207010BD72
:109A500000F06AFC78B140F2A904C2F20044207818
:109A6000022808D000F02CFF00F012FE002818BFDA
:109A7000012040002070BDE8104001F065BA0000F0
:109A80002DE9F04F81B02DED028B84B040F210042F
:109A9000C2F200442178002900F0FB80B0EE408A39
:109AA000B5EE400A8246F1EE10FA10DA207860B185
:109AB00040F2A4204AF6E771C2F20040C0F600016D
:109AC00001224FF0FF33FDF74BFAB1EE488A00EE6A
:109AD00010AAB6EE001A2078B8EE400A002808EE68
:109AE000001ABDEEC10A10EE109AB9FBFAF800F0A8
:109AF0009880D14512D22078002800F0928040F260
:109B0000A4204AF6E971C2F20040C0F60001012229
:109B10004FF0FF33FDF724FA83E000BF4CF6CD424F
:109B200048F21F5B41F2597C0020CCF6CC420DF18B
:109B3000050E4546C5F2EB1BCDF2B71CCDF80080F3
:109B4000A5FB0236092D4FEAD60303EB8306A5EBEE
:109B5000460646F030060EF8006045D9A3FB0267C2
:109B6000642D4FEAD70606EB86070EEB0006A3EB43
:109B7000470343F03003737038D3A5FB0B37072836
:109B80004FEA5713A3FB02744FEAD40404EB840496
:109B9000A3EB440343F0300400F10303B47027D86F
:109BA000B5F57A7F24D344F6D351092BC1F2620173
:109BB00000F10400A5FB01474FEA9714A4FB0271D2
:109BC0004FEAD10101EB8101A4EB4101A5FB0C4857
:109BD00041F03001F1700CD842F20F718D424FEA22
:109BE0005835ADD805E000BF013002E0023000E09A
:109BF000184640F2A42540F21004AEF10106C2F26C
:109C00000045C2F20044DDF8008000BF471E311855
:109C100001224FF0FF332846FDF7A2F9002F384606
:109C2000F4D1BAF1020F34D3207848B140F2A42025
:109C30001BA1C2F2004001224FF0FF33FDF790F963
:109C4000BAF10A0F25D308FB1A974CF6CD4540F21E
:109C5000A428CCF6CC45C2F2004801AEAAFB05010F
:109C60004FF0FF33CC08B7FBF4F0A0FB0512D1088E
:109C7000012201EB8101A0EB4100314640F03000B0
:109C80008DF804004046FDF76BF9BAF1630FA24668
:109C9000E4D804B0BDEC028B01B0BDE8F08F00BF8A
:109CA0002E000000000000002DE9F0472DED028B92
:109CB00084B040F21005C2F200452878002800F078
:109CC000C681B0EE408AB5EE400AF1EE10FA10DA25
:109CD000287860B140F2A4204AF6E771C2F2004051
:109CE000C0F6000101224FF0FF33FDF739F9B1EE64
:109CF000488AB5EE408AF1EE10FA13D12878002890
:109D000000F0A58140F2A420D6A1C2F200400B22AF
:109D10004FF0FF3304B0BDEC028BBDE8F047FDF718
:109D20001FB900BFB2EE040AB4EE408AF1EE10FA99
:109D300002DA002427E000BF01249FEDC71A00BF0C
:109D400028EE018AB4EE408AF1EE10FA1BDB28EE11
:109D5000018AB4EE408AF1EE10FA11DB28EE018A96
:109D6000B4EE408AF1EE10FA0CDB28EE018A0434DE
:109D7000B4EE408AF1EE10FAE2DA013C03E000BFF3
:109D8000013400E00234B7EE001AB4EE418AF1EE7D
:109D900010FA22DA28EE008AB4EE418AF1EE10FAC7
:109DA00016DA28EE008AB4EE418AF1EE10FA11DAE2
:109DB00028EE008AB4EE418AF1EE10FA0CDA28EEB1
:109DC000008A043CB4EE418AF1EE10FAE2DB04E0D2
:109DD000013C02E0023C00E0033CB0EE480A44F2E1
:109DE0004020C0F20F00FFF74BFE2878002C79D4FA
:109DF00048B140F2A4209AA1C2F2004002224FF0E2
:109E0000FF33FDF7ADF82878002800F02081002C02
:109E100000F0DC804CF6CD4248F21F5944F6D35C8A
:109E200041F259780020CCF6CC420DF1050AC5F27A
:109E3000EB19C1F2620CCDF2B71842F20F7E00BFEF
:109E4000A4FB0256092C4FEAD60707EB8705A4EBC3
:109E5000450545F030050AF8005040F2C980A7FBDF
:109E60000256642C4FEAD6050AEB000605EB850581
:109E7000A7EB450545F030057570C0F0BB80A4FB2D
:109E8000095707284FEA5715A5FB027300F103078E
:109E90004FEAD30303EB8303A5EB430343F0300303
:109EA000B37000F2A980B4F57A7FC0F0A580A4FB5E
:109EB0000C35092F00F104004FEA9513A3FB025162
:109EC0004FEAD10101EB8101A3EB4101A4FB08356D
:109ED00041F03001F17000F2908074454FEA553442
:109EE000AED88AE048B140F2A4205CA1C2F20040A2
:109EF00002224FF0FF33FDF733F82878002800F0F6
:109F0000A6804CF6CD4348F21F5944F6D35C41F28B
:109F1000597862420020CCF6CC430DF1050AC5F217
:109F2000EB19C1F2620CCDF2B71842F20F7E00BFFE
:109F3000A2FB0346092A4FEAD60707EB8704A2EBE8
:109F4000440444F030040AF8004069D9A7FB0346F2
:109F5000642A4FEAD6040AEB000604EB8404A7EB5C
:109F6000440444F0300474705CD3A2FB0947072812
:109F70004FEA5714A4FB037500F103074FEAD50518
:109F800005EB8505A4EB450444F03004B4704BD8D0
:109F9000B2F57A7F48D3A2FB0C45092F00F10400EB
:109FA0004FEA9514A4FB03514FEAD10101EB810163
:109FB000A4EB4101A2FB085441F03001F17034D808
:109FC00072454FEA5432B3D82FE000BF28780028FA
:109FD0003DD040F2A4204AF6E971C2F20040C0F63A
:109FE000000101224FF0FF33FCF7BAFF2FE000BF62
:109FF000013002E0023000E0384640F2A424AAF129
:10A000000105C2F2004400BF461E291801224FF08C
:10A01000FF332046FCF7A4FF002E3046F4D116E0B3
:10A02000013002E0023000E0384640F2A424AAF1F8
:10A030000105C2F2004400BF461E291801224FF05C
:10A04000FF332046FCF78CFF002E3046F4D104B0DD
:10A05000BDEC028BBDE8F087CDCCCC3D652D00007A
:10A06000652B0000302E303030303030652B300022
:10A070002DE9F04784B040F21001C2F200410A78A5
:10A08000002A00F08E80002862D04CF6CD4348F2C2
:10A090001F5844F6D35C41F2597E0021CCF6CC43E4
:10A0A0000DF1050AC5F2EB18C1F2620CCDF2B71E34
:10A0B00042F21079A0FB034609284FEAD60707EBC6
:10A0C0008704A0EB440444F030040AF8014051D95D
:10A0D000A7FB034664284FEAD6040AEB010604EB0B
:10A0E0008404A7EB440444F03004747044D3A0FB10
:10A0F0000847B0F57A7F4FEA5714A4FB037501F1C6
:10A1000003074FEAD50505EB8505A4EB450444F0AC
:10A110003004B47032D3072930D8A0FB0C45484531
:10A1200001F104014FEA9514A4FB03524FEAD20255
:10A1300002EB8202A4EB4202A0FB0E5442F030027A
:10A14000F2701CD30A2F4FEA5430B3D317E000BF8C
:10A15000087830B340F2A4204AF6E971C2F2004018
:10A16000C0F6000101224FF0FF33FCF7F9FE04B006
:10A17000BDE8F087013102E0023100E0394640F2EB
:10A18000A424AAF10105C2F2004400BF4E1E2944D6
:10A1900001224FF0FF332046FCF7E2FE002E31464D
:10A1A000F4D104B0BDE8F08740F21001C2F20041E2
:10A1B0000978002908BF704701464FF0FF3000BF03
:10A1C0000A18537843B1937843B1D37843B11279E5
:10A1D0000430002AF4D104E0013002E0023000E053
:10A1E000033082B240F2A420C2F200404FF0FF33AD
:10A1F000FCF7B6BE0000000070B540F2200500205C
:10A20000C2F2004540F2A424C2F2004401212860B9
:10A2100028716871A87140F21000C2F2004001700C
:10A220002046FCF779F920680F2600220662816932
:10A2300041F00801816125200121F9F7ADFF2520BA
:10A24000F9F79AFFE91D01222046FCF72DFE40F2A6
:10A250003834C2F200442046FCF75EF92068002240
:10A260000662816941F00801816127200121F9F727
:10A2700093FF2720F9F780FF05F10801012220460E
:10A28000BDE87040FCF710BEB0B5044640F238306F
:10A29000C2F200401BA108224FF0FF334FF0FF3500
:10A2A000FCF75EFE6019417841B1817841B1C17817
:10A2B00041B1007904350028F4D104E0013502E011
:10A2C000023500E00335AAB240F23835C2F200454B
:10A2D0004FF0FF3328462146FCF742FE0CA1012235
:10A2E0004FF0FF332846FCF73BFE4AF6E4710322A9
:10A2F000C0F600014FF0FF332846BDE8B040FCF740
:10A300002FBE00BF74302E7478743D220000000010
:10A31000220000000000000040F21001C2F20041E3
:10A32000087070470000000040F22001EFF3108039
:10A3300072B6C2F20041002288798A7162B6704713
:10A3400040F22001EFF3108072B6C2F20041002209
:10A3500048794A7162B6704780B5D0F800E044F69B
:10A360000000C4F20000864520D041F20000C4F293
:10A370000100864518BF80BD41F220000F21C4F2C4
:10A3800001000122016040F22000C2F20040DEF82C
:10A3900018C0C11D40F2A420C2F200404CF00803D6
:10A3A000CEF81830BDE88040FCF77EBD44F62000B2
:10A3B0000F21C4F200000122016040F22000C2F22D
:10A3C0000040DEF8183000F1080140F23830C2F2E7
:10A3D000004043F00803CEF81830BDE88040FCF799
:10A3E00063BD000000000000B0B544F60001006845
:10A3F000C4F20001884219D041F20001C4F2010107
:10A40000884218BFB0BD40F220004DA3C2F2004008
:10A410000278C1799B5C8B422AD101320270D3B29F
:10A42000072B2BD301228271002226E040F2200567
:10A4300040F2A420C2F20045C2F2004005F1080437
:10A44000012201232146FCF78BFDE9784AF6EB72E5
:10A45000C0F60002287A525C824249D10131E9708B
:10A46000CAB20B2A4AD301216971002145E000BF1D
:10A47000A1F15302B2FA82F25209027042784AF60E
:10A48000EB73C0F600039B5C8B4209D10132427032
:10A49000D3B20B2B0AD301224271002205E000BF88
:10A4A000A1F17302B2FA82F25209427082784AF63E
:10A4B000F773C0F600039B5C8B4209D1511C81707D
:10A4C000CAB20C2A09D301218171002104E000BF26
:10A4D0007339B1FA81F149098170C11D40F2A4209C
:10A4E000C2F200400122BDE8B040FCF7DDBC00BF75
:10A4F000A0F17301B1FA81F14909E97029794AF6AD
:10A50000F772C0F60002525C824209D1481C2871E1
:10A51000C1B20C2909D30120A871002004E000BFBA
:10A520007338B0FA80F04009287140F238300122C7
:10A53000C2F200402146BDE8B040FCF7B5BC00BF08
:10A5400053746172745F320042F200010068C4F219
:10A550000201884218BF704740F23400C2F2004046
:10A56000017869B14169013141614179890701D5BA
:10A5700001218171417941F002014171704700BFB1
:10A580000121C1717047000042F200010068C4F26D
:10A590000201884200D0704740F23400C2F200400D
:10A5A0000178002908BF70478169013181614179D3
:10A5B000C90701D001218171417941F00101417147
:10A5C000704700000000000042F200010068C4F281
:10A5D0000201884218BF704740F2A8000121C2F270
:10A5E000004001707047000047F200410068C4F26B
:10A5F0000001884200D0704740F23400C2F20040AF
:10A60000C1690131C1610178002908BF7047016A41
:10A61000013101627047000047F200410068C4F256
:10A620000001884200D0704740F23400C2F200407E
:10A630000178002908BF7047416A013141627047C3
:10A6400047F200410068C4F20001884218BF704719
:10A6500040F23400C2F20040826A013282624FF45A
:10A66000005048637047000080B540F2AC00002104
:10A67000C2F2004040F2FF72F6F732FB002808BF3A
:10A6800080BDBDE88040F6F70BBB00000000000075
:10A6900040F23400C2F20040007870470000000031
:10A6A000B0B540F23404C2F200442078A0B140F2C8
:10A6B0005820C2F20040FBF757FD40F2AC00C2F256
:10A6C0000040F7F7F9F940F21C100021C2F20040F7
:10A6D0000025F7F701FC257001200125FFF71CFE7E
:10A6E0004FF07E5045F69941E06244F21D30C5F2CC
:10A6F0000401C4F29360C4E90C104BF20700A1639B
:10A70000C0F60000257225716570FFF7BDFD4CA0F5
:10A71000FFF74AFD207A94ED0B0A94ED0C3A94ED84
:10A720000D1A94ED0E2A01284FF00000607217D127
:10A730009FED4D4A21EE044A9FED4C5A9FED4C6A25
:10A7400034EE051A32EE011AB4EE461AF1EE10FAA2
:10A750000CDD9FED486AB4EE461AF1EE10FA05DA08
:10A76000607252A0BDE8B040FFF71EBD30EE006A37
:10A7700040F6E03233EE037AC2F2004200EE053AD0
:10A7800004F1580035EE440A04F1640332EE024A43
:10A79000012106EE457A012532EE000A9FED362AA8
:10A7A00034EE022A83EE013A80EE010A84ED0F3A7C
:10A7B00082EE012A84ED130A87EE014A84ED113AF4
:10A7C000B1EE400A84ED104AB1EE421A84ED122A2D
:10A7D00082ED003A82ED014A82ED023A82ED031ADF
:10A7E00082ED040AFEF7A0FE24A06572FFF7DCFCF0
:10A7F00094ED0F0AFFF758FA24A0FFF7D5FC94ED6B
:10A80000100AFFF751FA23A0FFF7CEFC94ED110ACE
:10A81000FFF74AFA21A0FFF7C7FC94ED120AFFF7F1
:10A8200043FA20A0FFF7C0FC94ED130AFFF73CFAAF
:10A830004BF20400C0F60000BDE8B040FFF7B4BC26
:10A8400053494D5F42414E4453544F505F31354B55
:10A85000485A2C66305F487A2C31353030302C51D4
:10A860002C352E300D0A0000001B374A9DF702558B
:10A870005F7089B05F7089309DF782D54949525F1A
:10A88000434F4546462C62302C0000002C62312C90
:10A89000000000002C62322C000000002C61312CE2
:10A8A000000000002C61322C000000004949525F7A
:10A8B000434F4546465F4552524F520D0A00000035
:10A8C0002DE9F04182B040F23408C2F2004898F815
:10A8D000010001280CD198F804104BF20702C0F6D1
:10A8E00000020FF29050002918BF1046FFF7CCFC71
:10A8F0000120FFF711FD98F80900012840F022829D
:10A9000098F8000090B140F25820C2F20040FBF7E6
:10A910002BFC40F2AC00C2F20040F7F7CDF840F259
:10A920001C100021C2F20040F7F7D6FA444640F668
:10A93000E0320026C2F2004244F8646FA4F10C0039
:10A9400001212346C4E90166E660FEF7EDFD40F211
:10A95000E03C40F6004204F85F6C4FF6FF7004F8EC
:10A960005E6CC2F2004C44F84C6C4FF0802144F80D
:10A97000506CC2F2004244F8406C4FF4006344F85B
:10A98000446C4FF4004544F83C6C44F8146C44F8B3
:10A99000106C44F85A0C40F6FF7044F8560C4FF017
:10A9A000082400BF4CF8061097190CEB06009353CF
:10A9B0002036C7F80240B6F5006F8580C0F8061053
:10A9C000C7F80640C0F80A10C7F80A40C0F80E10D1
:10A9D000C7F80E40C0F81210C7F81240C0F81610A1
:10A9E000C7F81640C0F81A10C7F81A40C583FB8391
:10A9F000D8D14EF668714FF6AC53CEF20001CFF6C7
:10AA0000FF73CB58DB0340F18981BFF34F8F0A609E
:10AA100002F12000086002F14000086002F16000CD
:10AA2000086002F18000086002F1A000086002F1F5
:10AA3000C000086002F1E000086002F58070086064
:10AA400002F59070086002F5A070086002F5B07021
:10AA5000086002F5C070086002F5D070086002F569
:10AA6000E070086002F5F070086002F500700860A0
:10AA700002F50870086002F51070086002F51870A1
:10AA8000086002F52070086002F52870086002F581
:10AA90003070086002F53870086002F54070086098
:10AAA00002F54870086002F55070086002F55870B1
:10AAB000086002F56070086002F56870086002F5D1
:10AAC0007070086002F57870086002F580600860B8
:10AAD00002F58460086002F58860086002F58C6009
:10AAE000086002F59060086002F59460086002F565
:10AAF0009860086002F59C60086002F5A06008603C
:10AB000002F5A460086002F5A860086002F5AC6078
:10AB1000086002F5B060086002F5B460086002F5F4
:10AB2000B860086002F5BC60086002F5C0600860AB
:10AB300002F5C460086002F5C860086002F5CC60E8
:10AB4000086002F5D060086002F5D460086002F584
:10AB5000D860086002F5DC60086002F5E06008601B
:10AB600002F5E460086002F5E860086002F5EC6058
:10AB7000086002F5F060086002F5F460086002F514
:10AB8000F860086002F5FC6008600CF12000BFF37B
:10AB90004F8FBFF36F8FBFF34F8FC1F808C088602E
:10ABA0000CF1400088600CF1600088600CF18000BE
:10ABB00088600CF1A00088600CF1C00088600CF186
:10ABC000E00088600CF5807088600CF590708860FB
:10ABD0000CF5A07088600CF5B07088600CF5C07042
:10ABE00088600CF5D07088600CF5E07088600CF51A
:10ABF000F07088600CF5007088600CF50870886053
:10AC00000CF5107088600CF5187088600CF52070D9
:10AC100088600CF5287088600CF5307088600CF541
:10AC2000387088600CF5407088600CF5487088605A
:10AC30000CF5507088600CF5587088600CF56070E9
:10AC400088600CF5687088600CF5707088600CF591
:10AC5000787088600CF5806088600CF5846088608E
:10AC60000CF5886088600CF58C6088600CF590604D
:10AC700088600CF5946088600CF5986088600CF52D
:10AC80009C6088600CF5A06088600CF5A46088600A
:10AC90000CF5A86088600CF5AC6088600CF5B060BD
:10ACA00088600CF5B46088600CF5B86088600CF5BD
:10ACB000BC6088600CF5C06088600CF5C46088607A
:10ACC0000CF5C86088600CF5CC6088600CF5D0602D
:10ACD00088600CF5D46088600CF5D86088600CF54D
:10ACE000DC6088600CF5E06088600CF5E4608860EA
:10ACF0000CF5E86088600CF5EC6088600CF5F0609D
:10AD000088600CF5F46088600CF5F86088600CF5DC
:10AD1000FC608860BFF34F8FBFF36F8F40F2301439
:10AD2000C2F20044E069B0F5807F13D02046F7F707
:10AD3000FBFC4FF48070E0612046F8F7D9FA18B1B7
:10AD400053A088E04EA086E040F2AC00C2F2004082
:10AD5000A063846540F2A814C2F200442046F7F7CD
:10AD6000E3FC4FF4006060614FF40050A0614FF4C9
:10AD70008070E0614FF4003020622046F8F7B8FAA6
:10AD800010B148A067E000BF40F21C10C2F20040C2
:10AD9000A063846040F25824C2F200442046FBF7CE
:10ADA000E3F920680026B621032286624FF480531F
:10ADB000C162E16001214662416140F2AC00C2F231
:10ADC000004002630268C363D36843F00303D360A7
:10ADD000D36843F48053D36088F8001040F2E03128
:10ADE000C2F200414FF48062F6F7B6FD90B133A095
:10ADF00088F80060FFF7D8F940F2AC00C2F20040DA
:10AE0000F6F7B2FBFFF734F94BF20400C0F600008E
:10AE100021E000BF40F21C1040F60042C2F20040A8
:10AE2000C2F2004200214FF480630096F6F7D0FF93
:10AE300020B1002088F8000026A00CE02068002542
:10AE40006FF00101456201612046FBF72DF920B149
:10AE500026A088F80050FFF7A7F998F8000028B15D
:10AE6000002002B0BDE8F041FFF756BA02B0BDE8DD
:10AE7000F08100BF42414E44504153530000000056
:10AE80004949525F4E4F5F434F4546460D0A000009
:10AE90004949525F4641494C2C444D415F494E4916
:10AEA000540D0A004949525F4641494C2C444143E4
:10AEB0005F444D415F494E49540D0A004949525F74
:10AEC0004641494C2C4144435F53544152542C65F4
:10AED00072722C004949525F4641494C2C4441430F
:10AEE0005F53544152540D0A000000004949525F1B
:10AEF0004641494C2C54494D5F53544152540D0A1C
:10AF0000000000000000000010B540F25820C2F21E
:10AF10000040FBF729F940F2AC00C2F20040F6F71E
:10AF2000CBFD40F21C100021C2F200400024F6F7D5
:10AF3000D3FF40F234010120C2F200410C704C7189
:10AF4000BDE81040FFF7E8B940F23401EFF310809C
:10AF500072B6C2F20041487930B1C20706D180070B
:10AF60000CD462B6704700BF62B67047487900F0F3
:10AF7000FE0200204A7162B6FEF7E2BA487900F09C
:10AF8000FD024FF400704A7162B6FEF7D9BA02E0D2
:10AF900008C8121F08C1002AFAD170477047002064
:10AFA00001E001C1121F002AFBD170470000000020
:10AFB000010203040102030406070809010002005C
:10AFC0000400060008000A000C00100020004000E9
:10AFD00080000001010101030701000008040204D0
:10AFE00008010101FFFFFF2D0030007374617274CE
:10AFF0005F6C6561726E0073746172745F66696C18
:10B00000746572000D0A0042414E4453544F500083
:10B0100040B0000800000024200000008EAF0008AF
:10B0200060B0000820000024E81F00009EAF000868
:10B030000000000000000000000000000000000010
:10B0400001000000100000000090D0030090D00329
:10B0500001000000000000000000000000000000EF
:04000005080002CD20
:00000001FF
