:020000040800F2
:1000000010470020E1020008719A00086991000879
:100010006D9A0008610F000845B10008000000005B
:10002000000000000000000000000000759F0008B4
:100030008515000800000000A99B0008779F0008B4
:10004000FF020008FF020008FF020008FF0200088C
:10005000FF020008FF020008FF020008FF0200087C
:10006000FF020008FF020008FF020008D90F000885
:10007000E90F0008F90F000809100008FF02000846
:10008000FF020008FF020008010C0008FF02000840
:10009000FF020008FF020008FF020008FF0200083C
:1000A000FF020008FF020008FF020008FF0200082C
:1000B000FF020008FF020008FF020008FF0200081C
:1000C000FF020008FF020008FF020008FF0200080C
:1000D000FF02000835AF0008FF0200083DB000082D
:1000E000FF020008FF02000800000000FF020008F5
:1000F000FF020008FF020008FF020008FF020008DC
:10010000FF020008FF020008FF020008FF020008CB
:10011000FF020008FF0200084DA10008FF020008CE
:10012000FF020008FF020008FF020008FF020008AB
:10013000FF020008FF020008FF020008FF0200089B
:1001400000000000000000000000000000000000AF
:10015000FF020008FF020008FF020008FF0200087B
:10016000FF020008FF020008FF020008FF0200086B
:10017000FF020008FF020008FF0200080000000064
:10018000FF020008FF020008FF020008FF0200084B
:10019000FF020008FF020008FF020008FF0200083B
:1001A000FF020008FF020008FF0200080000000034
:1001B000FF020008FF020008FF020008FF0200081B
:1001C000FF020008FF02000800000000000000001D
:1001D0000000000000000000FF0200080000000016
:1001E000000000000000000000000000000000000F
:1001F0000000000000000000FF020008FF020008ED
:10020000FF020008FF02000800000000FF020008D3
:10021000FF020008FF020008FF020008FF020008BA
:10022000FF02000800000000FF02000800000000BC
:10023000FF020008FF02000800000000FF020008A3
:10024000FF020008FF020008FF020008FF0200088A
:10025000FF020008FF020008FF020008FF0200087A
:10026000FF020008FF020008FF020008FF0200086A
:10027000FF020008FF020008FF0200080000000063
:10028000FF020008FF020008FF020008FF0200084A
:1002900000000000FF020008FF020008000000004C
:1002A00000000000FF020008FF020008FF02000833
:1002B000FF020008FF020008FF020008FF0200081A
:1002C000FF020008FF020008FF020008DFF80CD060
:1002D00000F094FA0048004771C100081047002060
:1002E000074880470748804707480047FEE7FEE782
:1002F000FEE7FEE7FEE7FEE7FEE7FEE7FEE7FEE7D6
:10030000A115000841A00008CD0200082DE9F05F0A
:100310000546002092469B46884606468146402474
:100320001BE0284641464746224600F09EF85346C9
:100330005A46C01A914110D311461846224600F081
:1003400016F82D1A67EB01084F46224601200021BE
:1003500000F00DF817EB00094E41201EA4F1010436
:10036000DFDC484631462A464346BDE8F09F202A56
:1003700004DB203A00FA02F1002070479140C2F1FC
:10038000200320FA03F3194390407047202A06DB2C
:10039000CB17203A41FA02F043EAE07306E041FA53
:1003A00002F3D040C2F12002914008431946704741
:1003B00010B5431A934209D28318881803E010F845
:1003C000011D03F8011D521EF9D210BD40EA0103C0
:1003D0009B0703D009E008C9121F08C0042AFAD2FB
:1003E00003E011F8013B00F8013B521EF9D210BDA9
:1003F000D2B201E000F8012B491EFBD27047002267
:10040000F6E710B513460A4604461946FFF7F0FF13
:10041000204610BD421C10F8011B0029FBD1801A98
:10042000704710B5002200E0521C835C8C5CA34234
:1004300001D1002BF8D1D8B2E1B2401A10BD30B5CD
:100440000B46014600202022012409E021FA02F592
:100450009D4205D303FA02F5491B04FA02F528442C
:10046000151EA2F10102F1DC30BD202A04DB203A86
:1004700021FA02F00021704721FA02F3D040C2F1C4
:10048000200291400843194670472DE9FE4F8046EF
:1004900081EA0300C00F0C46009021F0004123F0D8
:1004A0000045B8EB0200A94105D2404621469046DE
:1004B0001C460B46024623F00040104347D0270D50
:1004C000C7F30A00C3F30A510290401A0190402872
:1004D0006BDAC3F3130040F4801B0098924620B1FE
:1004E0000023D2EB030A63EB0B0B01985946C0F1D2
:1004F00040025046FFF73BFF06460D465046594620
:10050000019AFFF743FF10EB08006141002487EADE
:10051000115284EAE7731A4340D0009A62B3019AF9
:10052000012A4FEA075215DC001B61EB02014FF074
:10053000004202EA0752CDE90042001C41F5801159
:1005400032462B4600F07BF903B0BDE8F08F404601
:100550002146F9E7001B61EB0201001C41F5801305
:1005600000185B412018A2F5001747EB030140EA91
:10057000D570B6196D4111E06D084FEA360645EAAF
:10058000C0754FEA0752001B61EB0201001C41F5E8
:10059000801149084FEA30000019514132462B467C
:1005A00003B0BDE8F04F00F03BB9009801224000D5
:1005B0000023D0EB020263EBE073009821464FEA80
:1005C000E074B8EB000061EB0401E9E783F000435D
:1005D0005BE781F0004158E72DE9FE4F81EA030413
:1005E00004F0004421F0004100944FF0000B23F090
:1005F000004350EA01045ED052EA03045BD0C3F327
:100600000A54C1F30A552C44A4F2F3340194A0FB1C
:100610000254C1F3130141F48011C3F3130343F4F3
:10062000801301FB024400FB034E840A970A44EA4C
:10063000815447EA8357A4FB076802958D0A05FB9E
:1006400007854FEA932C04FB0C542705029D4FEAC3
:10065000065847EA1637B5EB08056EEB070C870E10
:10066000920E47EA811742EA8312A7FB0201B6EB1A
:100670000B0164EB00042B0D43EA0C335E1844EBD2
:100680001C50DA465146E7FB0201C5F313044FEA5A
:100690000B3343EA14534FEA0432019C43EA060346
:1006A000A4F10C040294009CCDE900B400F0C7F85A
:1006B00003B0BDE8F08F00200146F9E72DE9F04DC9
:1006C00081EA030404F0004B21F0004514464FF08A
:1006D000000A23F0004150EA050220D054EA01024A
:1006E0001DD0C5F30A570246C5F31303C1F3130027
:1006F000C1F30A5640F4801543F48013A7EB0608B3
:10070000101BD64608F2FD3873EB050002D308F142
:10071000010801E092185B41B8F1000F03DA0020F4
:100720000146BDE8F08D00204FF480110646844656
:100730000EE0171B73EB050705D3121B63EB0503D4
:1007400006434CEA010C49084FEA300092185B411D
:1007500050EA0107EDD152EA030012D082EA040008
:1007600083EA0501084305D0101BAB4106D20122E4
:10077000002306E000224FF0004302E06FF0010288
:1007800053101AEB06004CEB085110EB0A0041EB3A
:100790000B01BDE8F04D00F043B8C1F30A52C1F3BC
:1007A000130140F2FF3341F480119A4202DA002033
:1007B0000146704740F233439A42A2F2334202DCD0
:1007C0005242FFF752BEFFF7D2BD000030B5041E03
:1007D00071F1000404DB4FF00044404264EB01017E
:1007E000141E73F1000405DB1C464FF00043524217
:1007F00063EB0403994208BF904230BD064C074D9D
:1008000006E0E06840F0010394E8070098471034E0
:10081000AC42F6D3FFF75EFD38C6000878C6000884
:1008200010B5141E73F1000408DA401C41F10001F8
:1008300092185B411A4301D120F0010010BD2DE94F
:10084000F04D92469B4611B1B1FA81F202E0B0FA46
:1008500080F220329046FFF78AFD04460F4640EAB8
:100860000A0041EA0B0153465A46084313D0114689
:1008700053EA010019D0C8F140025046FFF7F5FDD8
:1008800005460E46504659464246FFF770FD08435E
:1008900005D0012004E020463946BDE8F08D002057
:1008A000054346EAE0762C4337430A986305E40A99
:1008B000A0EB08000022FD0A44EA47540A3002D5A2
:1008C00000200146E9E7010510196941DDE9084505
:1008D00000196941BDE8F04DA2E770B58C1810F819
:1008E000015B15F0070301D110F8013B2A1106D175
:1008F00010F8012B03E010F8016B01F8016B5B1E8F
:10090000F9D12B0705D40023521E0DD401F8013B69
:10091000FAE710F8013BCB1A921C03E013F8015BD5
:1009200001F8015B521EF9D5A142D8D3002070BD59
:1009300040F26F0CC0F2000C604740F2151CC0F290
:10094000000C604770B5044643492068884203D0D4
:1009500042492068884208D14148006800F440308C
:1009600008B1012009E0002007E03E48006800F4DB
:10097000403008B1012000E00020B8B106F0C8FF07
:1009800005466068B0F5803F06D0B0F5003F04D062
:10099000B0F5403F08D105E000BF6068000CB5FB32
:1009A000F0F502E0AD0800E000BF2BE04FF40020BE
:1009B000002105F0E3FB05466068C0F31101F9B9B9
:1009C00080140C281CD2DFE800F01B060708090A77
:1009D0000B111315171900BF00BF00BF00BF00BFE8
:1009E0006068800C4000B5FBF0F50AE02D0908E0D6
:1009F0006D0906E0AD0904E0ED0902E02D0A00E012
:100A000000BF00BF6D081848854206D8206880687E
:100A100020F44070216888601DE01448854208D8A1
:100A20002068806820F4407040F4807021688860FD
:100A300011E00F48854208D82068806820F4407093
:100A400040F400702168886005E02068806840F408
:100A500040702168886070BD002002400021024083
:100A60000823024008630258105E5F0020BCBE00ED
:100A700040787D0170B50546AC6B206E00F05000EB
:100A800098BB206E40F4007020662068006800F07B
:100A90000800A8B1206808F0ACFB10B32068C0685B
:100AA00000F40050E8B9206E20F480702066206EBB
:100AB00000F48050A8B9206E40F00100206610E0DC
:100AC0002068C06800F0030058B9206E20F48070E0
:100AD0002066206E00F4805018B9206E40F00100AE
:100AE0002066204601F006FB0CE0FFE7206E00F0D8
:100AF000100018B1204601F015FB03E0A06DC16C99
:100B00002846884770BD70B50546AC6B206E40F036
:100B100040002066606E40F004006066204601F0F0
:100B200001FB70BD70B50446A56B284601F0EEFAD6
:100B300070BD000070B50446206808F041FB002835
:100B400051D1206880682949084048B1206E40F0A2
:100B500010002066606E40F001006066012070BDEC
:100B6000206808F00DFB04F09FF90546204A216833
:100B7000914203D01F4A2168914201D11E4900E0F1
:100B80001E49084608F009FB06461A4920688842B3
:100B900001D1174800E020682168884200D00EBBD0
:100BA0001AE0206808F00CFB10B9206808F0E8FA99
:100BB00004F07AF9401B02280ED92068006800F082
:100BC000010048B9206E40F010002066606E40F0D1
:100BD000010060660120C2E72068006800F00100A3
:100BE0000028DED000BF0020B9E700003F000080F1
:100BF000002002400021024000230240006302580E
:100C000010B5024801F090FA10BD00005802002013
:100C100070B503460C46002012E033F81060A6F5CC
:100C200000652901B1F5004F02DB47F6FF7103E0D3
:100C300011F5004F00DA04490EB224F81060401C90
:100C40009042EAD370BD00000080FFFFB0EE401B71
:100C50009FED182B21EE022BB0EE420B9FED172BD0
:100C6000B4EEC20BF1EE10FA02DD6FF000407047F7
:100C70009FED142BB4EEC20BF1EE10FA02D24FF03E
:100C80000040F4E7B5EEC00BF1EE10FA06DBB6EE6D
:100C9000002B30EE022BB0EE420B05E0B6EE002B3F
:100CA00030EE422BB0EE420BBDEEC02B12EE100A1E
:100CB000DDE70000000000000000B0410000C0FFC0
:100CC000FFFFDF41000000000000E0C110B5044656
:100CD00000200C4908704FF480710B48FFF78FFB20
:100CE0004FF480710948FFF78AFB14210848FFF789
:100CF00086FB0848002101604160204600F026F88C
:100D000010BD00001C020020000000200001002097
:100D1000000200201402002070B503460C4600209B
:100D200010E033F91060351105F50061002901DA92
:100D3000002104E0B1F5805F01D340F6FF7124F893
:100D40001010401C9042ECD370BD000010B52DED8A
:100D5000108B8AB0044624B900200AB0BDEC108B79
:100D600010BD94ED00AB94ED020BB0EE40BBB5EEC0
:100D7000C0ABF1EE10FA01D80020EEE7B5EEC0BB33
:100D8000F1EE10FA08DDB6EE000B2AEE000BB4EE21
:100D9000CB0BF1EE10FA01DC0020DEE79FED460BF5
:100DA0008DED040B9FED460B2BEE001B81EE0A0B25
:100DB0008DED080B9DED080B0AF066FA8DED060B24
:100DC0009DED080B0AF008FAB0EE409B9DED040B78
:100DD000B0EE001B20EE011B9DED060B80EE01CB5B
:100DE000B7EE000B30EE490BB6EE001B20EE01DB38
:100DF000B7EE000B30EE49EBB7EE000B30EE490BCF
:100E0000B6EE001B20EE01FBB7EE000B3CEE008BB4
:100E1000B8EE000B29EE000B8DED020BB7EE000BC8
:100E200030EE4C0B8DED000BB0EEC80B9FED261B8A
:100E3000B4EEC10BF1EE10FA01D200208DE78DEE79
:100E4000080BB0EE40DB8EEE080BB0EE40EB8FEE01
:100E5000080BB0EE40FB9DED020B80EE081B8DED04
:100E6000021B9DED000B80EE081B8DED001BB0EE0C
:100E70004D0BFFF7EBFE16490860B0EE4E0BFFF787
:100E8000E5FE13494860B0EE4F0BFFF7DFFE104957
:100E900088609DED020BFFF7D9FE0D49C8609DEDFE
:100EA000000BFFF7D3FE0A490861012009490870C9
:100EB00000F012F8012050E7CD3B7F669EA0E63F90
:100EC000182D4454FB21194011EA2D819997713D49
:100ED000000200201C020020024800210160416045
:100EE000704700001402002002460B4647F6FF71CF
:100EF0000020891A984102DA47F6FF7070470449CA
:100F0000511A73F1FF3001DA0148F7E710B2F5E743
:100F10000080FFFF1FB59FED070B8DED000B9FEDD0
:100F2000070B8DED020B6846FFF7D0FE08B900F005
:100F30002BFB1FBD0000000080841E41000000004C
:100F4000006AF840002005E04FF40061034A22F8EF
:100F50001010401CFF28F7D9704700000002002441
:100F600000BFFEE770B50446A56B284601F046FEBB
:100F70000120287170BD70B50446A56B284601F0AC
:100F800051FD0120287170BD70B50546AC6B20691C
:100F900040F004002061204601F049FE012020714C
:100FA00070BD70B50546AC6B206940F0040020614F
:100FB000204601F03AFD0120207170BD70B5044655
:100FC000A56B284601F026FE70BD70B50446A56BE2
:100FD000284601F028FD70BD10B5024802F0BCFBA8
:100FE00010BD0000C802002010B5024802F0B4FB9A
:100FF00010BD00001C06002010B5024802F0ACFB3A
:1010000010BD00009406002010B5024802F0A4FBB9
:1010100010BD0000540300200146374A0868904282
:1010200049D0354A18320868904244D0324A3032AA
:10103000086890423FD0304A4832086890423AD01F
:101040002D4A60320868904235D02B4A78320868C1
:10105000904230D0284A9032086890422BD0264ADD
:10106000A8320868904226D0244A0868904222D0CC
:10107000224A1832086890421DD0204A303208684F
:10108000904218D01D4A48320868904213D01B4A3B
:101090006032086890420ED0184A78320868904250
:1010A00009D0164A90320868904204D0134AA832F8
:1010B0000868904201D1012000E00020B0B10A7818
:1010C000103A1823B2FBF3F000F007020C4B9A5CC5
:1010D000CA65032805D90A686FF30902121D8A65DB
:1010E00003E00A686FF309028A6503E0086820F0EC
:1010F000FF008865886D70471000024010040240B0
:10110000D4C4000810B502682B4C0368A34222D057
:10111000294C14340368A3421DD0274C283403689B
:10112000A34218D0244C3C340368A34213D0224C71
:1011300050340368A3420ED01F4C64340368A342AA
:1011400009D01D4C78340368A34204D01A4C8C3467
:101150000368A34201D1012300E000238BB103788F
:10116000083B1424B3FBF4F1144B03EB8103036637
:10117000124B8033436601F01F040123A3408366B2
:1011800018E00378103B1824B3FBF4F10C4B9A429F
:1011900004D80B4BA83B9A4200D30831094B03EB10
:1011A00081030366074B8033436601F01F0401236C
:1011B000A340836610BD000008540258005802582E
:1011C000B8040240000802400179A9B3082940D8B8
:1011D000204B02689A4222D01E4B143302689A4276
:1011E0001DD01C4B283302689A4218D0194B3C334F
:1011F00002689A4213D0174B503302689A420ED0BD
:10120000144B643302689A4209D0124B7833026857
:101210009A4204D00F4B8C3302689A4201D10122CA
:1012200000E000224AB14A1E0B4B03EB8202C26669
:10123000094A4032026708E00BE04A1E074B03EB05
:101240008202C266054A403202674A1E0123934069
:101250004367704708540258005902580009024079
:10126000014600208A69D2B98A6A32B1012A0DD0BA
:10127000022A03D0032A10D10EE000BFCA6A02F08E
:101280008072B2F1807F00D1012007E0CA6AB2F11A
:10129000C07F00D1012001E000E000BF36E08A6994
:1012A000B2F5005F1BD18A6A32B1012A07D0022A47
:1012B00003D0032A11D10AE000BF01200EE0CA6A60
:1012C00002F08072B2F1807F00D1012006E0CA6A8C
:1012D000B2F1C07F00D1012000E000BF16E08A6AB1
:1012E00032B1012A05D0022A04D0032A0CD103E02E
:1012F00000BF00BF012008E0CA6A02F08072B2F1AC
:10130000807F00D1012000E000BF00BF70470000D7
:10131000F0B5856D846D984F0668BE4270D0964FCB
:1013200018370668BE426BD0934F30370668BE420E
:1013300066D0914F48370668BE4261D08E4F603705
:101340000668BE425CD08C4F78370668BE4257D0E4
:10135000894F90370668BE4252D0874FA83706683B
:10136000BE424DD0854F0668BE4249D0834F1837E4
:101370000668BE4244D0814F30370668BE423FD037
:101380007E4F48370668BE423AD07C4F60370668C9
:10139000BE4235D0794F78370668BE4230D0774F9D
:1013A00090370668BE422BD0744FA8370668BE42FD
:1013B00026D0734F0668BE4222D0714F143706689C
:1013C000BE421DD06E4F28370668BE4218D06C4F03
:1013D0003C370668BE4213D0694F50370668BE429C
:1013E0000ED0674F64370668BE4209D0644F783725
:1013F0000668BE4204D0624F8C370668BE4201D1F7
:10140000012600E000263EB1D0E919767E60C66E66
:1014100016B1D0E91C767E60574F0668BE4249D0AF
:10142000554F18370668BE4244D0534F30370668D0
:10143000BE423FD0504F48370668BE423AD04E4F6A
:1014400060370668BE4235D04B4F78370668BE42DB
:1014500030D0494F90370668BE422BD0464FA83750
:101460000668BE4226D0454F0668BE4222D0434F92
:1014700018370668BE421DD0404F30370668BE425E
:1014800018D03E4F48370668BE4213D03B4F6037F6
:101490000668BE420ED0394F78370668BE4209D082
:1014A000364F90370668BE4204D0344FA8370668DE
:1014B000BE4201D1012600E00026DEB190F85C605A
:1014C00006F01F073F26BE40AE600668366826F469
:1014D000802607683E60066873608668402E04D1E7
:1014E0000668B2600668F16044E00668B1600668AC
:1014F000F2603FE0224F0668BE4222D0204F1437F0
:101500000668BE421DD01E4F28370668BE4218D05E
:101510001B4F3C370668BE4213D0194F5037066840
:10152000BE420ED0164F64370668BE4209D0144F33
:1015300078370668BE4204D0114F8C370668BE4229
:1015400001D1012600E00026A6B190F85C6006F00B
:101550001F070126BE406660066873608668402EDD
:1015600004D10668B2600668F16003E00668B16005
:101570000668F260F0BD0000100002401004024056
:10158000085402587047000006E00121034803F0A8
:101590007BFC642003F0D6FAF7E700000004025851
:1015A0000748006840F002000549086000BF044891
:1015B0000838006800F400500028F8D07047000098
:1015C0000C48025802460868B0B9D1E90103184333
:1015D000CB6818430B6918434B6918438B69184350
:1015E000CB6918430B6A18434B6A184313686FF3AF
:1015F0000E031843106019E0D1E9070318434B6A42
:101600001843136823F4F84318431060D1E9010329
:101610001843CB6818430B6918434B6918438B690F
:10162000184353686FF30E0318435060002070474F
:101630000246506943F6FE73984340EA4100506108
:101640000020704710B50346D1E9000420438C68A0
:10165000641E40EA4410CC6840EA44201C696FF3E1
:10166000150420431861002010BD000030B503466A
:10167000FAB90868401E4C68641E40EA0414886881
:10168000401E44EA0024C868401E44EA0034088A28
:10169000401E44EA0044888A401E44EA0054087E02
:1016A000401E44EA00609C6804F070442043986047
:1016B00022E0C868401E0403888A401E44EA0050A5
:1016C0009C680E4D2C40204398600868401E4C6872
:1016D000641E40EA04148868401E44EA0024088A14
:1016E000401E44EA0044087E401E44EA0060DC6874
:1016F00004F070442043D860002030BDFF0F0FFF7E
:101700007047704770477047704700002DE9F043FD
:101710009DB004460E464FF00008306800B100BF8F
:1017200000BF94F85C00012803D102201DB0BDE881
:10173000F083012084F85C0000BF002019901A900B
:1017400046492068884202D14548019001E00020C6
:101750000190019850B9206E40F02000206600BF33
:10176000002084F85C0000BF0120DFE7019807F04B
:101770003BFD0746206807F037FD002861D1002FA8
:101780005FD136492068884203D0354920688842B5
:1017900001D1344800E034480546306858B3A868A1
:1017A00020F4404071680843A8602C4920688842B2
:1017B00003D02B492068884201D12A4800E02A48FA
:1017C0002849884209D1254807F0FFFC8146244872
:1017D00007F0FBFC49EA000002E0244807F0F5FCB2
:1017E00070BBB16830680843A96840F61F72914326
:1017F0000843A8602BE0A86820F44040A86017497F
:101800002068884203D016492068884201D11548D3
:1018100000E015481349884209D1104807F0D5FC6B
:1018200081460F4807F0D1FC49EA000002E00F486A
:1018300007F0CBFC20B9A86840F61F718843A86068
:1018400005E0206E40F0200020664FF0010800BF48
:10185000002084F85C0000BF404667E7002002409B
:101860000021024000230240006302580060025839
:101870002DE9F84F04460D464FF0000A0020009075
:1018800094F84400012800D105E0F9492068884215
:1018900000D100E000BFF749E868884200D00EE0C0
:1018A000F5492068884200D100BFF4492068884289
:1018B00000D100BFEE492068884200D100BF00BFC0
:1018C00094F85C00012802D10220BDE8F88F0120C5
:1018D00084F85C0000BF206807F081FC002871D10B
:1018E000286800F00040C8B9E1492068884215D056
:1018F0002068C1692868C0F3130018B92868C0F3CC
:10190000846004E0286890FAA0F0B0FA80F000F05B
:101910001F020120904001432068C1612168D5E980
:10192000002001F1300CC0F3012B0CEB8B03D3F83A
:1019300000C000F01F0E4FF01F0B0BFA0EFB2CEA3D
:101940000B0C00F01F0BC2F3846E0EFA0BFE4CEA78
:101950000E0CC3F800C000BF206807F040FC8146B1
:10196000206807F028FC0746B9F1000F7ED1002F50
:10197000FCD12168AA68286801F1140CC0F3406BFF
:101980000CEB8B03D3F800C0C0F3045E4FF0070BE1
:101990000BFA0EFB2CEA0B0CC0F3045B02FA0BFBF8
:1019A0004CEA0B0CC3F800C000BFB1492068884264
:1019B00009D168692168C968C1F3C101490000FA09
:1019C00001F825E04BE3AE48006800F07040B0F14C
:1019D000805F07D168692168C968C1F38201490045
:1019E000884014E02068C06800F0100038B96869C9
:1019F0002168C968C1F382014900884007E068692D
:101A00002168C96801F010018908490088408046B2
:101A1000286904287CD021684346D5F810C02A687C
:101A200001F1600B0BEB8C00DFF844B259450AD191
:101A3000D0F800B002F0F84E4EF0004E4EEA030E21
:101A4000C0F800E00BE0D0F800B00BF0004B02F063
:101A5000F84E4EEA030E4BEA0E0BC0F800B000BF82
:101A600083492068884231D1206800E016E1EA69A4
:101A700029697F4B98420CD100F1600C0CEB81037B
:101A8000D3F800C02CF0807C4CEA020CC3F800C0F4
:101A900000BF00BF206895F820202969012A01D1E4
:101AA000520600E000221346714A90420CD100F128
:101AB000600C0CEB8102D2F800C02CF0007C4CEAE8
:101AC000030CC2F800C000BF00BF20E1206895F8F9
:101AD00021202969012A01D1D20700E00022134602
:101AE000634A90420CD000F1600C0CEB8102D2F8FA
:101AF00000C02CF0004C4CEA030CC2F800C000BF40
:101B000000BF20682B7E2969012B02D1DB0201E096
:101B10000DE000231A46036923F4F04301F01F0C83
:101B200002FA0CFC43EA0C03036100BFEFE05049EA
:101B30002068884271D10021206807F033FBC0F390
:101B4000130030B90021206807F02CFBC0F384603B
:101B500007E00021206807F025FB90FAA0F0B0FA1A
:101B600080F02968C1F3130119B92968C1F38461B0
:101B700004E0296891FAA1F1B1FA81F1884204D117
:101B800000221146206807F04BFB0121206807F076
:101B900009FBC0F3130030B90121206807F002FBF4
:101BA000C0F3846007E00121206807F0FBFA90FA97
:101BB000A0F0B0FA80F02968C1F3130119B92968BF
:101BC000C1F3846104E0296891FAA1F1B1FA81F1CD
:101BD000884204D100220121206807F021FB022164
:101BE000206807F0DFFAC0F3130030B90221206843
:101BF00007F0D8FAC0F3846007E00221206807F0FC
:101C0000D1FA90FAA0F0B0FA80F02968C1F313017C
:101C100021B92968C1F3846105E040E0296891FA9F
:101C2000A1F1B1FA81F1884204D100220221206899
:101C300007F0F6FA0321206807F0B4FAC0F31300A6
:101C400030B90321206807F0ADFAC0F3846007E0E3
:101C50000321206807F0A6FA90FAA0F0B0FA80F00D
:101C60002968C1F3130169B92968C1F384610EE0E1
:101C7000006002580000FF4700200240002102409F
:101C80000010005C296891FAA1F1B1FA81F1884253
:101C90003DD100220321206807F0C2FA37E0206816
:101CA000006E00F0F8402978B0EB816F05D1206814
:101CB000006E20F00040216808662068406E00F049
:101CC000F8402978B0EB816F05D12068406E20F094
:101CD0000040216848662068806E00F0F84029784E
:101CE000B0EB816F05D12068806E20F00040216844
:101CF00088662068C06E00F0F8402978B0EB816FEC
:101D000005D12068C06E20F000402168C8662068B8
:101D100007F056FA00286FD12068EA682968D64B88
:101D2000984212D1D0F8B030C1F3130C23EA0C035F
:101D300002F0180BDFF844C32CFA0BFC0CEA010C80
:101D400043EA0C03C0F8B03011E0D0F8C030C1F362
:101D5000130C23EA0C0302F0180BDFF820C32CFA53
:101D60000BFC0CEA010C43EA0C03C0F8C03000BFC6
:101D7000C349E868884270D1C24B206898423ED17E
:101D8000C14B2A689A4201D10122B2E0BF4B2A68B6
:101D90009A4201D1BE4AACE0BE4B2A689A4201D1B8
:101DA000BD4AA6E0BD4B2A689A4201D1BC4AA0E0D8
:101DB000BC4B2A689A4201D1BB4A9AE0BB4B2A68C5
:101DC0009A4201D1BA4A94E0B94B2A689A4201D1A9
:101DD000B84A8EE0B74B2A689A4201D1B64A88E0E9
:101DE000B64B2A689A4201D1B54A82E0B54B2A68BF
:101DF0009A4202D1B44A7CE0D6E0002279E0B34BAB
:101E000022689A4238D1A04B2A689A4201D1012215
:101E10006FE09E4B2A689A4201D19D4A69E09D4B32
:101E20002A689A4201D19C4A63E09C4B2A689A42F4
:101E300001D19B4A5DE09B4B2A689A4201D19A4AA4
:101E400057E09A4B2A689A4201D1994A51E0984B3F
:101E50002A689A4202D1974A4BE062E0954B2A6881
:101E60009A4201D1944A44E0964B2A689A4201D1A1
:101E7000954A3EE000223CE07F4B22689A4237D1EF
:101E8000814B2A689A4201D1012232E07F4B2A68B5
:101E90009A4201D17E4A2CE07E4B2A689A4201D1B7
:101EA0007D4A26E07D4B2A689A4201D17C4A20E097
:101EB0007C4B2A689A4201D17B4A1AE07B4B2A6804
:101EC0009A4201D17A4A14E0794B2A689A4201D1A8
:101ED000784A0EE0784B2A689A4201D17C4A08E0A1
:101EE0007B4B2A689A4201D17A4A02E0002200E044
:101EF00000221146604A904211D0C369C1F3130217
:101F000012B9C1F3846203E091FAA1F2B2FA82F24B
:101F100002F01F0C012202FA0CF21343C36100BF4E
:101F200000BF286800F00040F0B3564A2168914293
:101F300003D0664A2168914201D1674900E06749B0
:101F40000846816801F0E07600BF4E49206888426B
:101F500003D05E492068884201D15F4800E05F48B5
:101F60005D49884209D1474807F02AF98346574816
:101F700007F026F94BEA000002E03F4807F020F99D
:101F8000F0BB57492868884228D106F4000028BBD6
:101F900039492068884268D13A4B22689A4205D074
:101FA0004A4B22689A4200E035E001D14A4A00E0FB
:101FB0004A4A104646F4000107F02CF949480068E7
:101FC0004949B0FBF1F0401C4000009002E000984D
:101FD000401E009000980028F9D146E04349286847
:101FE000884219D106F08070B0B923492068884230
:101FF0003BD1244B22689A4205D0344B226800E042
:1020000026E09A4201D1344A00E0344A104646F0B4
:10201000807107F0FFF828E035492868884224D10C
:1020200006F4800008BB1449206888421DD1154B76
:1020300022689A4203D0254B22689A4201D1264A4F
:1020400000E0264A104646F4800107F0E3F80CE071
:10205000206E40F0200020664FF0010A05E0206E5F
:1020600040F0200020664FF0010A00BF002084F8F5
:102070005C0000BF504628E400600258FFFF0F00DC
:102080000000FF4700200240020030040400600806
:10209000400020190800900C8000501D1000C01056
:1020A000000180212000F0140002B0250004002A65
:1020B0000008302E001060320020903600002143CE
:1020C000000052470000844B0000B84F002102403E
:1020D0000040C03A0080F03E0023024000630258F6
:1020E000000052C738020020400D0300000021C349
:1020F000000084CB034A0168914202D10121024AC7
:1021000011707047002002401E020020034A01683F
:10211000914202D10121024A117070470020024011
:102120001D020020704700002DE9F84F04460020F2
:1021300000902068056820684668CD4A2168914271
:1021400003D0CC4A2168914201D1CB4900E0CB4970
:10215000084607F022F8074605F00200022811D1D0
:1021600006F0020002280DD1206E00F0100018B910
:10217000206E40F4006020662046FFF7C1FA02207E
:102180002168086005F00400042803D106F004006B
:10219000042807D005F0080008285DD106F00800E3
:1021A000082859D1206E00F0100018B9206E40F4B4
:1021B00000702066206807F01CF8002846D0AD4962
:1021C0002068884201D1AA4800E02068216888423E
:1021D00004D01FB1052F01D0092F03D12068D0F8FA
:1021E0000C8009E0A3492068884201D1A04800E0A2
:1021F00020688346DBF80C8008F40050B0F5005FDF
:1022000024D02068006800F0080008281ED120684B
:1022100006F0E5FF90B92068406820F00C002168C6
:102220004860206E20F480702066206E00F480509C
:1022300060B9206E40F00100206607E0206E40F09B
:1022400010002066606E40F0010060662046FFF7D7
:1022500051FF0C202168086005F02000202803D1E0
:1022600006F02000202807D005F04000402870D15B
:1022700006F0400040286CD1206E00F0100018B924
:10228000206E40F4005020662068C16C01F4C071DB
:1022900009B9012100E000218A4600BF206806F04C
:1022A000A8FF814673492068884201D1704800E048
:1022B00020682168884204D01FB1062F01D0072F63
:1022C00003D12068D0F80C8009E06A492068884270
:1022D00001D1674800E020688346DBF80C80BAF142
:1022E000000F30D008F0007028B1B9F1000F2AD0EB
:1022F00008F4005038BB2068006800F04000402817
:1023000021D108F40010F0B9206806F054FF90B90C
:102310002068406820F0600021684860206E20F44A
:1023200080502066206E00F4807060B9206E40F00E
:102330000100206607E0206E40F010002066606E0D
:1023400040F0010060662046FFF7DBF9602021685D
:10235000086005F0800080280DD106F080008028FC
:1023600009D1206E40F480302066204600F028FA23
:1023700080202168086005F48070B0F5807F0FD15F
:1023800006F48070B0F5807F0AD1206E40F40030F2
:1023900020662046FFF7B7F94FF480702168086087
:1023A00005F40070B0F5007F0FD106F40070B0F5B1
:1023B000007F0AD1206E40F4802020662046FFF77F
:1023C000A3F94FF400702168086005F01000102890
:1023D00033D106F0100010282FD1E06B10B9012086
:1023E000009019E08FB1224A2168914203D0214A1E
:1023F0002168914201D1204900E02049084606F0B9
:10240000C7FE48B10120009006E02068C06800F0D7
:10241000030008B101200090009801280AD1206E25
:1024200040F480602066606E40F0020060662046E6
:10243000FFF778FE10202168086005F48060B0F591
:10244000806F13D106F48060B0F5806F0ED1206EDE
:1024500040F480402066606E40F0080060664FF4F3
:102460008060216808602046FFF74CF9BDE8F88FCE
:102470000020024000210240002302400063025875
:102480002DE9F84F04464FF000090020009014B9E0
:102490000120BDE8F88F206920B12020005D0128CF
:1024A00000D100BF206E30B9204600F08BF900202B
:1024B000606684F85C0020688168C1F3407131B1C6
:1024C00020688168B24A1140816000BF00BF206867
:1024D00006F080FEA8B920688168AE4A114041F03C
:1024E0008051816000BFAC480068AC49B0FBF1F09E
:1024F000401C009002E00098401E009000980028C8
:10250000F9D1206806F066FE48B9206E40F0100050
:102510002066606E40F0010060664FF0010920689F
:1025200006F05DFE0646206E00F0100000287DD10A
:10253000002EFCD1206E20F4807040F00200206656
:10254000206806F03DFE78BB95492068884203D09C
:1025500094492068884201D1934800E09348924909
:10256000884209D18E4806F02BFE82468D4806F03F
:1025700027FE4AEA000002E08D4806F021FE98B9E5
:10258000874B22689A4203D0864B22689A4201D137
:10259000854A00E0854A10466168826822F47C1210
:1025A0000A43826000BF00BF81492068884223D16E
:1025B000607EE16B41EA4030E1680843A168082988
:1025C00001D100210FE0A1680C2901D104210AE00A
:1025D000A1681C2901D1082105E0A168182901D1B1
:1025E0001C2100E0002101F00C0140EA4101202003
:1025F000005D41EA004509E0607EE16B41EA403060
:10260000A16808432021095D40EA01452020005DC2
:10261000012803D1A08C401E45EA4045A06A38B18C
:10262000208D00F47870E16A084300E0A7E00543DC
:102630005F49206888420FD12068C0685D49084022
:1026400028432168C8602068006920F04060616B01
:1026500008432168086106E02068C06856490840C0
:1026600028432168C860206806F0B9FD80462068CC
:1026700006F0A1FD0746B8F1000F66D1002F64D126
:102680004B492068884206D1207E810394F83800A7
:1026900041EA400503E0207E216B41EA8035206855
:1026A000C06844F20301884328432168C86094F855
:1026B0004400012834D13E492068884200D100E01E
:1026C00000BFA06A08B1E06A00B900BF38492068BD
:1026D000884210D1A06C40F00101E06C0843216DEC
:1026E0000843616D084321680969344A1140084371
:1026F000216808611AE0B4F84800401E012141EA4F
:102700000041E06C0843216D0843616D0843216876
:1027100009692A4A521E114008432168086105E0F0
:102720002068006920F001002168086120680069C4
:1027300020F07040216C0843216808611C49206822
:10274000884202D02046FEF7FDF82069012809D111
:102750002068006B20F00F00E169491E08432168E2
:10276000086305E02068006B20F00F002168086313
:10277000206E20F0020040F00100206605E0206E8F
:1027800040F0100020664FF00109484681E6000045
:10279000C0FFFF5FC0FFFF7F38020020400D030035
:1027A0000020024000210240002302400063025842
:1027B000006002580740F0FF03C0F0FF1FF800FC64
:1027C0007047000010B5B6B00446142130A8FDF7DC
:1027D00016FEB82102A8FDF712FE31492068884292
:1027E0005CD14FF400210020CDE9021088102A901E
:1027F00002A804F099F808B1FEF7C6FE00BF294808
:10280000006840F02000274908600846006800F092
:102810002000019000BF00BF00BF224808300068C0
:1028200040F004001F49083108600846006800F0C5
:102830000400019000BF00BF2020309003203190A1
:102840000020329030A9184802F026FA174818499B
:10285000086009204860002115488160C1604FF47C
:102860008061016149004161890081614911C16153
:10287000490201620021416201F0EAFC08B1FEF761
:1028800083FE00BF0A48A065846300BF0022114692
:10289000122002F001FC122002F0EAFB36B010BD5B
:1028A00000200240D844025800080258100002409C
:1028B000C80200202DE9F04104460F469046514AD7
:1028C0002168914203D0504A2168914201D14F4979
:1028D00000E04F49084606F060FC0646206806F016
:1028E0007EFC00287CD100BF94F85C00012802D156
:1028F0000220BDE8F081012084F85C0000BF1EB119
:10290000052E01D0092E73D12046FEF713F9054696
:10291000002D68D1206E40F60161884340F480703C
:10292000206639492068884201D1364800E0206895
:102930002168884200D01EB9206E20F480102066E5
:10294000206E00F4805020B1606E20F006006066BA
:1029500001E0002060662F48A16DC8632E48A16D7C
:1029600008642E48A16DC8641C202168086000BF5F
:10297000002084F85C0000BF2068406840F0100030
:102980002168486026492068884213D194F838208D
:1029900051002068224A904204D1C26822F003020A
:1029A0000A43C26000BF2068C16841F00101C160F4
:1029B00000BF08E0216B2068C26822F003020A43CE
:1029C000C26000BF00BF226802F1400143463A46A0
:1029D000A06D01F0C7FE0546206806F013FC0EE06E
:1029E0000CE005E0FFE700BF002084F85C0006E093
:1029F000012500BF002084F85C0000E00225284685
:102A000077E700000020024000210240002302403E
:102A100000630258750A0008250B0008070B000820
:102A20000060025870477047704770472DE9F05FAB
:102A300004460D4616464FF0000B04B115B90120AF
:102A4000BDE8F09F2869012800D100BF286804284C
:102A500000D103E0A868022800D100BF00BF607960
:102A6000012801D10220EBE70120607100BF0220A4
:102A700020712868042859D102F016FA8246E6B976
:102A800011E002F011FAA0EB0A0001280BD920682E
:102A9000406B5949084030B1206940F0080020617E
:102AA00003202071CCE72068406B53490840002880
:102AB000E7D1A869216808641BE011E002F0F4F98D
:102AC000A0EB0A0001280BD92068406B00F0004001
:102AD00030B1206940F00800206103202071AFE789
:102AE0002068406B00F000400028E7D1A869216809
:102AF00048642068806C06F0100240F2FF3191407B
:102B0000884306F01002E96991400843216888640F
:102B10002068C06C06F01002FF219140884306F047
:102B20001002296A914008432168C8642869012875
:102B30000FD12068876B06F010011F208840874363
:102B4000D5F8149006F0100009FA00F00743206849
:102B500087632068C76B06F0100107208840874311
:102B6000E868012802D14FF000080CE0E86802286C
:102B700002D14FF0010806E0A86810B94FF0010833
:102B800001E04FF00008A9682868084340EA0809F6
:102B900006F0100109FA01F007432068C7632068B6
:102BA000006806F010024FF480419140884321688C
:102BB00008602068076806F0100140F6FE70884043
:102BC0008743D5F8049006F0100109FA01F0074395
:102BD000206807602068006806F01002C02191405C
:102BE0008843216808600120207100BF00206071C7
:102BF00000BF584624E7000000800020034A016817
:102C0000914202D10121024A1170704700740040C4
:102C100020020020034A0168914202D10121024AA8
:102C200011707047007400401F0200207047704709
:102C300070B50446206805682068466B05F40050AE
:102C4000B0F5005F17D106F40050B0F5005F12D167
:102C500004202071206940F0010020614FF40050F1
:102C6000216848632068006820F48050216808606B
:102C70002046FFF7DBFF05F00050B0F1005F17D1F1
:102C800006F00050B0F1005F12D1042020712069DD
:102C900040F0020020614FF0005021684863206836
:102CA000006820F08050216808602046FFF7BCFED5
:102CB00070BD10B504460CB9012010BD207920B9B3
:102CC00000206071204600F009F8022020710020E9
:102CD0002061012020710020EFE7000010B586B0D0
:102CE0000446142101A8FDF78AFB2B49206888427D
:102CF00050D100BF2948006840F0005027490860C3
:102D00000846006800F00050009000BF00BF00BF00
:102D100022480838006840F001002049083908605E
:102D20000846006800F00100009000BF00BF1020BE
:102D30000190032002900020039001A9184801F09F
:102D4000ABFF1848184908604320486040211648E6
:102D500081600021C1604FF48061016149004161DF
:102D6000890081614911C16149020162002141620A
:102D700001F06EFA08B1FEF707FC00BF0A48A06038
:102D8000846300BF00221146362002F085F9362008
:102D900002F06EF906B010BD00740040E84402581D
:102DA0000000025858000240540300202DE9F0476B
:102DB00004460E4690469A46DDF8209014B901204C
:102DC000BDE8F08700BF6079012801D10220F7E754
:102DD0000120607100BF0220207116BB3B48A16832
:102DE000C8633B48A16808643A48A168C864206881
:102DF000006840F4805021680860B9F1000F03D0EA
:102E0000B9F1040F08D103E0206800F1080507E0DC
:102E1000206800F10C0503E0206800F1100500BFF8
:102E200022E02D48E168C8632C48E16808642C481A
:102E3000E168C8642068006840F08050216808603C
:102E4000B9F1000F03D0B9F1040F08D103E02068F5
:102E500000F1140507E0206800F1180503E0206880
:102E600000F11C0500BF00BF6EB92068006840F487
:102E700000502168086053462A464146A06801F088
:102E800071FC07460CE02068006840F000502168A3
:102E9000086053462A464146E06801F063FC074655
:102EA00000BF0020607100BF4FB92068006806F0C5
:102EB00010020121914008432168086003E0206965
:102EC00040F00400206138467AE70000650F0008F2
:102ED000BD0F0008890F0008770F0008CB0F00080E
:102EE000A30F00082DE9F041044601F0DDFF804604
:102EF00014B90120BDE8F08194F83500022808D00B
:102F00008020606500BF002084F8340000BF0120ED
:102F1000F0E7FE492068884249D0FC491831206812
:102F2000884244D0F9493031206888423FD0F7497F
:102F30004831206888423AD0F4496031206888429C
:102F400035D0F24978312068884230D0EF4990314D
:102F5000206888422BD0ED49A8312068884226D0CD
:102F6000EB492068884222D0E9491831206888421C
:102F70001DD0E74930312068884218D0E4494831F3
:102F80002068884213D0E2496031206888420ED020
:102F9000DF4978312068884209D0DD4990312068C6
:102FA000884204D0DA49A8312068884201D1012042
:102FB00000E0002068B12068006820F01E00216851
:102FC00008602068406920F0800021684861256819
:102FD00006E02068006820F00E002168086025687F
:102FE000CA492068884270D0C84918312068884290
:102FF0006BD0C64930312068884266D0C349483119
:103000002068884261D0C1496031206888425CD024
:10301000BE4978312068884257D0BC499031206839
:10302000884252D0B949A831206888424DD0B84969
:103030002068884249D0B64918312068884244D077
:10304000B3493031206888423FD0B14948312068C7
:1030500088423AD0AE4960312068884235D0AC49C8
:1030600078312068884230D0A94990312068884260
:103070002BD0A749A8312068884226D0A5492068CE
:10308000884222D0A3491431206888421DD0A1492A
:1030900028312068884218D09E493C3120688842F7
:1030A00013D09C495031206888420ED09949643130
:1030B0002068884209D0974978312068884204D036
:1030C00094498C312068884201D1012000E0002021
:1030D00028B1206E006820F48070216E08608B4952
:1030E0002068884249D0894918312068884244D0F4
:1030F00086493031206888423FD084494831206871
:1031000088423AD0814960312068884235D07F4971
:1031100078312068884230D07C49903120688842DC
:103120002BD07A49A8312068884226D07849206877
:10313000884222D076491831206888421DD07449CF
:1031400030312068884218D071494831206888425F
:1031500013D06F496031206888420ED06C497831B5
:103160002068884209D06A4990312068884204D09A
:103170006749A8312068884206D12068006820F09D
:1031800001002168086005E02068006820F0010067
:103190002168086011E001F087FEA0EB0800052817
:1031A0000BD920206065032084F8350000BF002083
:1031B00084F8340000BF01209CE6286800F001007C
:1031C0000028E8D151492068884249D04F49183138
:1031D0002068884244D04D493031206888423FD031
:1031E0004A494831206888423AD0484960312068CD
:1031F000884235D0454978312068884230D04349EB
:103200009031206888422BD04049A83120688842FC
:1032100026D03F492068884222D03D491831206895
:1032200088421DD03A4930312068884218D0384948
:1032300048312068884213D035496031206888427F
:103240000ED0334978312068884209D03049903116
:103250002068884204D02E49A8312068884201D1D4
:10326000012000E0002040B1A66D94F85C0000F061
:103270001F013F208840B06007E0A76D94F85C0014
:1032800000F01F01012088407860204920688842B2
:1032900076D01E4918312068884271D01B493031E0
:1032A000206888426CD0194948312068884267D02C
:1032B000164960312068884262D01449783120680C
:1032C00088425DD0114990312068884258D00F491A
:1032D000A8312068884253D00D49206888424FD0D9
:1032E0000B491831206888424AD00949303120689A
:1032F000884245D0064948312068884240D0044978
:103300006031206888423BD0014905E0100002404E
:1033100010040240085402587831206888422FD0A7
:103320002549206888422BD02349183120688842DB
:1033300026D022492068884222D0204914312068B2
:1033400088421DD01D4928312068884218D01B4969
:103350003C312068884213D0184950312068884297
:103360000ED0164964312068884209D0134978315B
:103370002068884204D011498C312068884201D1EC
:10338000012000E0002068B1D4E919104860E06E27
:1033900040B1E06E006820F48070E16E0860D4E90E
:1033A0001C104860012084F8350000BF002084F81C
:1033B000340000BF00BF9DE5A0040240085402583D
:1033C00070B504460CB9012070BD94F83500022890
:1033D00003D0802060650120F6E7DC492068884240
:1033E00049D0DA4918312068884244D0D749303171
:1033F000206888423FD0D5494831206888423AD079
:10340000D24960312068884235D0D049783120686F
:10341000884230D0CD499031206888422BD0CB49AA
:10342000A8312068884226D0C9492068884222D025
:10343000C7491831206888421DD0C54930312068FD
:10344000884218D0C24948312068884213D0C04908
:103450006031206888420ED0BD49783120688842AA
:1034600009D0BB4990312068884204D0B849A831BE
:103470002068884201D1012000E00020F0B3042040
:1034800084F83500B149206888424BD0AF491831E3
:103490002068884246D0AD4930312068884241D00A
:1034A000AA494831206888423CD0A8496031206848
:1034B000884237D0A54978312068884232D0A34964
:1034C0009031206888422DD0A049A83120688842D8
:1034D00028D09F492068884224D09D49183120680F
:1034E00088421FD09A493031206888421AD09849C2
:1034F00048312068884215D0954900E020E06031CD
:10350000206888420ED0924978312068884209D0DC
:103510008F4990312068884204D08D49A8312068B5
:10352000884206D12068006820F001002168086008
:1035300009E12068006820F001002168086002E1CC
:103540002068006820F00E00216808607F4920682C
:10355000884249D07D4918312068884244D07B494F
:103560003031206888423FD078494831206888420D
:103570003AD0764960312068884235D07349783135
:103580002068884230D071499031206888422BD021
:103590006E49A8312068884226D06D49206888424B
:1035A00022D06B491831206888421DD068493031DB
:1035B0002068884218D0664948312068884213D074
:1035C00063496031206888420ED0614978312068B3
:1035D000884209D05E4990312068884204D05C4915
:1035E000A8312068884206D12068006820F00100D8
:1035F0002168086005E02068006820F0010021686B
:10360000086052492068884270D0504918312068BB
:1036100088426BD04D4930312068884266D04B4992
:1036200048312068884261D048496031206888422A
:103630005CD0464978312068884257D04349903160
:103640002068884252D04149A831206888424DD034
:103650003F492068884249D03D4918312068884256
:1036600044D03B493031206888423FD03849483106
:10367000206888423AD0364960312068884235D087
:10368000334978312068884230D031499031206800
:1036900088422BD02E49A8312068884226D02D4957
:1036A0002068884222D02B491431206888421DD0DE
:1036B000284928312068884218D026493C312068A2
:1036C000884213D023495031206888420ED02149C6
:1036D00064312068884209D01E49783120688842C8
:1036E00004D01C498C312068884201D1012000E0BF
:1036F0000020D8B1206E006820F48070216E086030
:10370000A56D94F85C0000F01F01012088406860FE
:10371000D4E919104860E06E40B1E06E006820F412
:103720008070E16E0860D4E91C104860012084F8C4
:10373000350000BF002084F8340000BF206D10B1B8
:103740002046216D884700203EE600001000024020
:1037500010040240085402582DE9F84F0446002096
:103760000090FE4800684FF41651B0FBF1FAA66DC8
:10377000D4F858803768D8F80090F9492068884212
:1037800049D0F74918312068884244D0F449303193
:10379000206888423FD0F2494831206888423AD0B8
:1037A000EF4960312068884235D0ED497831206892
:1037B000884230D0EA499031206888422BD0E849CD
:1037C000A8312068884226D0E6492068884222D065
:1037D000E4491831206888421DD0E2493031206820
:1037E000884218D0DF4948312068884213D0DD492B
:1037F0006031206888420ED0DA49783120688842EA
:1038000009D0D84990312068884204D0D549A831E0
:103810002068884201D1012000E0002000287DD0EE
:1038200094F85C0000F01F01082088403840002810
:1038300068D0CB492068884249D0C94918312068EE
:10384000884244D0C6493031206888423FD0C449BC
:103850004831206888423AD0C149603120688842A6
:1038600035D0BF4978312068884230D0BC4990318A
:10387000206888422BD0BA49A8312068884226D0D7
:10388000B8492068884222D0B64918312068884259
:103890001DD0B44930312068884218D0B149483130
:1038A0002068884213D0AF496031206888420ED02A
:1038B000AC4978312068884209D0AA499031206803
:1038C000884204D0A749A8312068884204D12068E2
:1038D000006800F0040003E02068006800F00800C1
:1038E00080B12068006820F004002168086094F826
:1038F0005C0000F01F0108208840B060606D40F05F
:103900000100606594F85C0000F01F010120884010
:103910003840E8B392492068884200E0B7E24BD0D3
:103920008F4918312068884246D08D49303120684F
:10393000884241D08A494831206888423CD0884931
:1039400060312068884237D08549783120688842C4
:1039500032D083499031206888422DD08049A831E7
:103960002068884228D07F492068884224D07D4939
:103970001831206888421FD07A4930312068884247
:103980001AD0784948312068884215D0754900E03E
:1039900026E06031206888420ED072497831206874
:1039A000884209D06F4990312068884204D06D491F
:1039B000A8312068884204D12068406900F0800066
:1039C00002E020680068002050B194F85C0000F02C
:1039D0001F0101208840B060606D40F0020060650A
:1039E00094F85C0000F01F01042088403840E8B3E0
:1039F0005B49206888424BD0594918312068884279
:103A000046D0574930312068884241D05449483126
:103A1000206888423CD0524960312068884237D0C3
:103A20004F4978312068884232D04D499031206822
:103A300088422DD04A49A8312068884228D0494977
:103A40002068884224D047491831206888421FD016
:103A500044493031206888421AD0424948312068B0
:103A6000884215D03F496031206800E024E0884258
:103A70000ED03C4978312068884209D039499031CC
:103A80002068884204D03749A8312068884204D190
:103A90002068006800F0020002E020680068002052
:103AA00050B194F85C0000F01F0104208840B06021
:103AB000606D40F00400606594F85C0000F01F0148
:103AC000102088403840E8B325492068884251D00A
:103AD00023491831206888424CD021493031206870
:103AE000884247D01E4948312068884242D01C494C
:103AF0006031206888423DD0194978312068884279
:103B000038D0174990312068884233D01449A83101
:103B1000206888422ED01349206888422AD0114953
:103B200018312068884225D00E49303120688842FB
:103B300020D00C494831206888421BD009496031A7
:103B4000206800E04DE0884214D0064978312068B2
:103B500088420FD003499031206805E038020020E8
:103B60001000024010040240884203D0FE49206841
:103B7000884204D12068006800F0080003E0206853
:103B8000006800F0040060B394F85C0000F01F01CE
:103B900010208840B0602068006800F4802080B168
:103BA0002068006800F4002028B9206CC8B12046C5
:103BB000216C884715E0A06C98B12046A16C88471D
:103BC0000FE02068006800F4807028B92068006861
:103BD00020F0080021680860206C10B12046216C9C
:103BE000884794F85C0000F01F012020884038408E
:103BF00000287DD0DD492068884249D0DB49183152
:103C00002068884244D0D9493031206888423FD06A
:103C1000D6494831206888423AD0D449603120687A
:103C2000884235D0D14978312068884230D0CF4998
:103C30009031206888422BD0CC49A8312068884236
:103C400026D0C949A8392068884221D0C649903970
:103C5000206888421CD0C44978392068884217D02F
:103C6000C14960392068884212D0BF49483920686C
:103C700088420DD0BC4930392068884208D0BA4902
:103C800018392068884203D0B7492068884204D197
:103C90002068006800F0100003E02068006800F071
:103CA000020028B394F85C0000F01F012020884037
:103CB000B06094F8350004282DD12068006820F009
:103CC0001600216808602068406920F080002168A3
:103CD0004861206C08B9A06C28B12068006820F009
:103CE00008002168086094F85C0000F01F0100E003
:103CF0003FE03F208840B060012084F8350000BFDD
:103D0000002084F8340000BF206D10B12046216DE2
:103D10008847BDE8F88F2068006800F4802080B1F3
:103D20002068006800F4002028B9606C08B32046C1
:103D3000616C88471DE0E06BD8B12046E16B884795
:103D400017E02068006800F4807068B92068006897
:103D500020F0100021680860012084F8350000BFC1
:103D6000002084F8340000BFE06B10B12046E16B06
:103D70008847606D00287AD0606D00F00100E8B3DC
:103D8000042084F835007949206888424BD077496F
:103D900018312068884246D0744930312068884202
:103DA00041D072494831206888423CD06F49603127
:103DB0002068884237D06D4978312068884232D0F7
:103DC0006A499031206888422DD06849A83120681E
:103DD000884228D06449A8392068884223D06249A3
:103DE0009039206888421ED05F497839206888421F
:103DF00019D05D4960392068884200E040E012D067
:103E000059494839206888420DD0574930392068CF
:103E1000884208D0544918392068884203D0524952
:103E20002068884206D12068006820F001002168DF
:103E3000086005E02068006820F001002168086043
:103E400000BF0098401C0090504500D905E0206854
:103E5000006800F001000028F3D100BF206800686E
:103E600000F0010020B1032084F8350003E00DE0EC
:103E7000012084F8350000BF002084F8340000BF22
:103E8000E06C002802D02046E16C8847D9E138492F
:103E90002068884222D036491431206888421DD0DB
:103EA000334928312068884218D031493C31206894
:103EB000884213D02E495031206888420ED02C49B8
:103EC00064312068884209D02949783120688842C5
:103ED00004D027498C312068884201D1012000E0BC
:103EE00000200028D2D02068056894F85C0000F01B
:103EF0001F010420884000EA0900D8B305F004003F
:103F0000C0B394F85C0000F01F0104208840C8F89A
:103F1000040005F4004080B105F4803030B9A06C95
:103F20000028B3D02046A16C88478AE1206C002885
:103F3000ACD02046216C884783E105F02000E8BB27
:103F40000A492068884253D00849183120688842BD
:103F50004ED0064930312068884249D00349483163
:103F60002068884244D006E0B804024010000240B5
:103F7000085402584FE0B44960312068884237D075
:103F8000B14978312068884232D0AF4990312068F9
:103F900088422DD0AC49A8312068884228D0AB494E
:103FA0002068884224D0A9491831206888421FD04F
:103FB000A6493031206888421AD000E025E0A349A4
:103FC00048312068884213D0A04960312068884277
:103FD0000ED09E4978312068884209D09B499031A3
:103FE0002068884204D09949A8312068884206D1C7
:103FF0002068006820F008002168086005E020685B
:10400000006820F0040021680860206C10B320468E
:10401000216C884715E194F85C0000F01F01022034
:10402000884000EA0900E8B305F00200D0B394F834
:104030005C0000F01F0102208840C8F8040005F46D
:10404000004070B105F4803028B9606C10B1204692
:10405000616C8847F5E0E06BF0B32046E16B884780
:10406000EFE005F02000C0BB7749206888424ED0C1
:10407000754918312068884249D073493031206829
:10408000884244D070494831206888423FD06E4908
:104090006031206888423AD06B4978312068884284
:1040A00035D000E04EE068499031206888422ED03B
:1040B0006549A8312068884229D06449206888422F
:1040C00025D0624918312068884220D05F493031BC
:1040D000206888421BD001E06EE02DE05B4948314A
:1040E0002068884213D059496031206888420ED038
:1040F000564978312068884209D054499031206867
:10410000884204D05149A8312068884206D12068ED
:10411000006820F014002168086005E0206800684D
:1041200020F00A0021680860012084F8350000BFF3
:10413000002084F8340000BFE06BE8B32046E16B58
:1041400088477EE094F85C0000F01F01082088405A
:1041500000EA090080B305F0080068B33A49206816
:1041600088424BD0384918312068884246D03649B9
:1041700030312068884241D0334948312068884234
:104180003CD0314960312068884237D02E4978319F
:104190002068884232D02C499031206888422DD046
:1041A0002949A8312068884228D0284920688842B7
:1041B00024D02649183100E043E0206888421DD011
:1041C000224930312068884218D02049483120687F
:1041D000884213D01D496031206888420ED01B49A7
:1041E00078312068884209D0184990312068884287
:1041F00004D01649A8312068884206D1206800689A
:1042000020F01C002168086005E02068006820F0AC
:104210000E002168086094F85C0000F01F01012086
:104220008840C8F804000120606584F8350000BFAC
:10423000002084F8340000BFE06C10B12046E16C2F
:10424000884700BF65E500001000024010040240EE
:104250002DE9F041044600F027FE804614B9012004
:10426000BDE8F081FE492068884249D0FC491831F8
:104270002068884244D0FA493031206888423FD0D3
:10428000F7494831206888423AD0F54960312068C2
:10429000884235D0F24978312068884230D0F049E0
:1042A0009031206888422BD0ED49A831206888429F
:1042B00026D0EC492068884222D0EA49183120688B
:1042C00088421DD0E74930312068884218D0E5493E
:1042D00048312068884213D0E24960312068884222
:1042E0000ED0E04978312068884209D0DD4990310C
:1042F0002068884204D0DB49A8312068884201D177
:10430000012000E00020002873D0606A00B100BFE7
:10431000022084F8350000BF002084F8340000BF7C
:10432000CF492068884249D0CD4918312068884259
:1043300044D0CB493031206888423FD0C849483109
:10434000206888423AD0C64960312068884235D01A
:10435000C34978312068884230D0C1499031206803
:1043600088422BD0BE49A8312068884226D0BD495A
:104370002068884222D0BB491831206888421DD06D
:10438000B84930312068884218D0B6494831206891
:10439000884213D0B3496031206888420ED0B149B9
:1043A00078312068884209D0AE499031206888422F
:1043B00004D0AC49A8312068884206D12068006842
:1043C00020F001002168086005E02068006820F006
:1043D0000100216808600DE000F066FDA0EB080018
:1043E000052807D920206065032084F835000120C6
:1043F00036E769E02068006800F001000028EBD192
:104400002068056898480540D4E9020108432169FD
:10441000084361690843A1690843E1690843216AC7
:1044200008430543606A042803D1D4E90B0108431B
:1044300005436068292802D360682E2817D9606870
:104440003F2802D36068422811D96068472802D308
:10445000606848280BD960684F2802D360685228EA
:1044600005D96068742804D36068772801D80120D2
:1044700000E0002008B145F4801520680560206840
:10448000456925F00705606A0543606A04280DD177
:10449000A06A0543E06A48B12046FCF7E1FE28B176
:1044A00040206065012084F83500D9E62068456128
:1044B0002046FCF7B1FD064694F85C0000F01F01B1
:1044C0003F208840B0609EE068492068884222D042
:1044D00066491431206888421DD06449283120681B
:1044E000884218D061493C312068884213D05F4926
:1044F0005031206888420ED05C496431206888427F
:1045000009D05A4978312068884204D057498C3103
:104510002068884201D1012000E00020E0B3534927
:104520002068884222D051491431206888421DD029
:104530004E4928312068884218D04C493C312068C7
:10454000884213D049495031206888420ED04749EB
:1045500064312068884209D0444978312068884213
:1045600004D042498C312068884201D1012000E00A
:10457000002000B100BF022084F8350000BF0020F9
:1045800084F8340000BF2068056839480540A068F9
:10459000402802D1102106E02EE0A068802801D139
:1045A000C10100E00021E06841EAD001206941EA50
:1045B000D001606941EAD001A06941EAD001E06917
:1045C00041EAD001206A41EA1010054320680560E5
:1045D00026492068401A1421B0FBF1F08000E06504
:1045E0002046FCF719FD074694F85C0000F01F0117
:1045F00001208840786006E040206065032084F850
:10460000350001202CE61649206888427AD01449EA
:1046100018312068884275D01149303120688842AD
:1046200070D00F494831206888426BD00C49603106
:104630002068884266D00A4978312068884261D073
:1046400007499031206888425CD00549A83120682C
:10465000884257D003492068884253D0014909E075
:1046600010000240100402403F8010FE085402581F
:104670000F00FEFF18312068884243D03749206878
:1046800088423FD035491831206888423AD03349B2
:1046900030312068884235D030494831206888421E
:1046A00030D02E496031206888422BD02B49783198
:1046B0002068884226D02A492068884222D028498A
:1046C0001431206888421DD025492831206888424D
:1046D00018D023493C312068884213D020495031FA
:1046E000206888420ED01E4964312068884209D073
:1046F0001B4978312068884204D019498C312068E0
:10470000884201D1012000E0002000B32046FCF7E0
:10471000F9FCA068802801D1002060602079216E1A
:104720000860D4E919104860606860B160680828C2
:1047300009D82046FCF748FD0020E16E0860D4E966
:104740001C10486003E00020E066206760670020DE
:104750006065012084F83500002081E540040240B6
:10476000085402582DE9F04104460D4616461F46EE
:104770004FF0000814B90120BDE8F08100BF94F8A3
:104780003400012801D10220F6E7012084F834002A
:1047900000BF94F8350001287ED1022084F835004E
:1047A00000206065E4492068884249D0E249183118
:1047B0002068884244D0E0493031206888423FD0A8
:1047C000DD494831206888423AD0DB4960312068B1
:1047D000884235D0D84978312068884230D0D649CF
:1047E0009031206888422BD0D349A8312068884274
:1047F00026D0D2492068884222D0D049183120687A
:1048000088421DD0CD4930312068884218D0CB492C
:1048100048312068884213D0C849603120688842F6
:104820000ED0C64978312068884209D0C3499031FA
:104830002068884204D0C149A8312068884206D146
:104840002068006820F001002168086005E0206809
:10485000006820F00100216808603B463246294686
:104860002046FCF755FDB449206888424BD0B24938
:1048700018312068884246D0AF49303120688842DC
:1048800041D0AD494831206888423CD0AA496031C6
:104890002068884237D000E042E1A749783120689B
:1048A000884230D0A4499031206888422BD0A24958
:1048B000A8312068884226D0A0492068884222D0AA
:1048C0009E491831206888421DD09C4930312068AB
:1048D000884218D0994948312068884213D09749B6
:1048E0006031206888420ED094497831206888422F
:1048F00009D0924990312068884204D08F49A8316C
:104900002068884201D1012000E0002080B12068A9
:10491000006820F01E0040F0160021680860206C3E
:10492000B0B12068006840F00800216808600FE01E
:104930002068006820F00E0040F00A00216808603E
:10494000206C28B12068006840F0040021680860ED
:1049500079492068884270D07749183120688842A8
:104960006BD0754930312068884266D07249483131
:104970002068884261D070496031206888425CD0EC
:104980006D4978312068884257D06B499031206852
:10499000884252D06849A831206888424DD0674982
:1049A0002068884249D0654918312068884244D03F
:1049B00062493031206888423FD0604948312068E0
:1049C00088423AD05D4960312068884235D05B49E1
:1049D00078312068884230D0584990312068884228
:1049E0002BD05649A8312068884226D054492068E7
:1049F000884222D052491431206888421DD0504943
:104A000028312068884218D04D493C3120688842BE
:104A100013D04B495031206888420ED04849643148
:104A20002068884209D0464978312068884204D0FD
:104A300043498C312068884201D1012000E00020E8
:104A400090B1206E006800F4803028B1206E0068BC
:104A500040F48070216E0860E06E28B1E06E00685E
:104A600040F48070E16E086033492068884249D084
:104A7000314918312068884244D02F4930312068AC
:104A800088423FD02C494831206888423AD02A4990
:104A900060312068884235D02749783120688842C3
:104AA00030D025499031206888422BD02249A83146
:104AB0002068884226D021492068884222D01F4998
:104AC0001831206888421DD01C4930312068884246
:104AD00018D01A4948312068884213D017496031EC
:104AE000206888420ED0154978312068884209D064
:104AF000124990312068884204D01049A8312068BA
:104B0000884206D12068006840F0010021680860F2
:104B100010E02068006840F001002168086009E0AA
:104B20004FF40060606500BF002084F8340000BFCF
:104B30004FF0010840461FE61000024010040240FA
:104B40000854025870B5044600F0AEF906462546F2
:104B5000681C10B104480078054400BF00F0A4F9B7
:104B6000801BA842FAD370BD3402002000B5B5B056
:104B7000142130A8FBF743FC3F48006808B135B06A
:104B800000BD01203C490860B82102A8FBF737FCB2
:104B90004FF080710020CDE90210149002A801F0BE
:104BA000C3FE08B1FCF7F0FC00BF3448006840F4D5
:104BB0008050324908600846006800F48050019037
:104BC00000BF00BF4FF63F00309002203190002020
:104BD0003290032033900C20349030A9284800F004
:104BE0005BF80C203090022031900020329003209E
:104BF00033900C20349030A9224800F04DF88020EA
:104C000030900220319000203290032033900C200D
:104C1000349030A91C4800F03FF848F2371030902B
:104C20000220319000203290032033900C203490E9
:104C300030A9164800F030F84FF68370309002200B
:104C4000319000203290032033900C20349030A912
:104C50000F4800F021F84CF20370309002203190A0
:104C600000203290032033900C20349030A9094862
:104C700000F012F800BF82E724020020D44402585A
:104C80000014025800080258000002580018025888
:104C900000100258000C0258F8B502460B460021DD
:104CA0006D4DD2E001278F401E6806EA0704002CF4
:104CB00072D01E7906F00306012E04D01E7906F08C
:104CC0000306022E13D190684F000326BE40B04366
:104CD0004F00DE68BE4030439060506801268E4031
:104CE000B0431E79C6F300168E40304350601E79E3
:104CF00006F00306032E09D0D0684F000326BE40FD
:104D0000B0434F009E68BE403043D0601E7906F02D
:104D10000306022E13D1CF0802F1200656F8270011
:104D20004E07F70E0F26BE40B0434F07FF0E1E6919
:104D3000BE403043CF0802F1200646F82700106835
:104D40004F000326BE40B0431E7906F003064F0015
:104D5000BE40304310605E6806F44036002E73D0CB
:104D600000BF3E4E366846F002063C4F3E603E466F
:104D7000366806F00206009600BF00BF384E8F0866
:104D800056F827008E07370F0F26BE40B043354E2A
:104D9000B24202D1002629E056E0334EB24201D1A0
:104DA000012623E0314EB24201D102261EE0304EF0
:104DB000B24201D1032619E02E4EB24201D104269F
:104DC00014E02D4EB24201D105260FE02B4EB24227
:104DD00001D106260AE02A4EB24201D1072605E09B
:104DE000284EB24201D1092600E00A268F073F0F64
:104DF000BE4030431A4E8F0846F827004FF0B046A9
:104E00003068A0435E6806F4801606B120434FF078
:104E1000B04630607068A0435E6806F4001606B1C4
:104E200020434FF0B04670606868A0435E6806F4A7
:104E3000003606B1204368602868A0435E6806F427
:104E4000803606B120432860491C1E68CE40002EE3
:104E50007FF428AFF8BD000080000058F4440258E9
:104E600008040058000002580004025800080258C4
:104E7000000C025800100258001402580018025882
:104E8000001C02580024025810B5426921EA0203AE
:104E900002EA010443EA0443836110BD0AB181615F
:104EA00001E00B048361704701480068704700000F
:104EB0002C0200200348006803490978084401498E
:104EC000086070472C0200203402002010B5032037
:104ED00000F020F902F066FD10490968C1F30321D2
:104EE0000F4A515C01F01F0120FA01F40B480068E1
:104EF00000F00F001146085C00F01F0024FA00F0DB
:104F000008490860084804600F2000F00FF808B155
:104F1000012010BD00F09AF80020FAE7184402586A
:104F200004C500083C0200203802002070B5044689
:104F30001148007808B9012070BD0F4800784FF47F
:104F40007A71B1FBF0F00D490968B1FBF0F5284624
:104F500003F05BFA08B10120EEE7102C07D2002223
:104F60002146501E00F098F80548046001E0012039
:104F7000E2E70020E0E700003402002038020020D1
:104F8000300200204178154A11601449083109683F
:104F900021F00101114A08321160121F41681160AD
:104FA000017B0907C27A41EA0261827A41EAC24181
:104FB000427B41EA8241827B41EA4241C27B41EA33
:104FC0000241427A41EA0221027A41EA4201027830
:104FD0001143024A083211607047000098ED00E06A
:104FE00000BF00BF00BFBFF35F8F00BF00BF00BFA7
:104FF0000548006820F48030034908600020024919
:10500000703108607047000024ED00E040F00101BD
:105010000D4A11600C497039096841F480310A4A1F
:10502000703A116000BF00BF00BFBFF34F8F00BFD9
:1050300000BF00BF00BF00BF00BFBFF36F8F00BF46
:1050400000BF00BF7047000094ED00E008B500BF4E
:105050000648006840F002000449086008460068FD
:1050600000F00200009000BF00BF08BDF4440258E9
:105070000146084600280DDB00BF00BF00F01F03FB
:1050800001229A4043099B0003F1E023C3F8002169
:1050900000BF00BF00BF70472DE9F05F80460D469E
:1050A000164606F07BF8074639462A46334601F095
:1050B0000700C0F1070ABAF1040F02D94FF0040A41
:1050C00001E0C0F1070AD14600F1040ABAF1070F66
:1050D00002D24FF0000A01E0A0F1030AD4464FF0DB
:1050E000010A0AFA09FAAAF1010A0AEA020A0AFA04
:1050F0000CFA4FF0010B0BFA0CFBABF1010B0BEAB6
:10510000030B4AEA0B042146404606F04FF8BDE87F
:10511000F09F000000BF00F00702064B19684FF631
:10512000FF031940044B0B4343EA0221014B196072
:1051300000BF70470CED00E00000FA052DE9F04FCC
:105140008DB081460C4693464FF0000AD046FE498A
:10515000D9F80000884202D10026012501E001268D
:105160000025002710E007EB470201AB03EBC2016B
:105170007A1CD0B204F07EFC20B14FF0010A082066
:10518000C9F85400781CC7B2022FECD3BAF1000F53
:105190007ED1ED48006800F0010038B1EA480068AF
:1051A00020F00100E849086048F00108E74800687D
:1051B00000F0010038B1E548006820F00100E34943
:1051C000086048F00208E24806EB460101AA02EB3B
:1051D000C1018968491E50F8210020F48072DC4822
:1051E00006EB460101AB03EBC1018968491E40F89B
:1051F0002120001F006800F0010000287FD0D44863
:10520000001F006820F00100D149091F0860012D2E
:1052100073D1081D05EB450101AA52F83110491E52
:1052200050F8210040F00202C94805EB450153F84F
:105230003110491E40F8212005EB450001A901EB82
:10524000C0004068A0B1C24805EB450101AA02EBCD
:10525000C1014968491E50F8210040F02002BC48B5
:1052600005EB450103EBC1014968491E40F82120C7
:1052700005EB450001A901EBC000C068D8B1B448F6
:1052800005EB450101AA02EBC101097B491E00E0C3
:10529000C9E201F0010150F8210040F48022AC483D
:1052A00005EB450101AB03EBC101097B491E01F090
:1052B000010140F8212005EB450001A901EBC000E8
:1052C0000069002819D0A24805EB450101AA02EBAC
:1052D000C101097C491E01F0010150F8210040F094
:1052E00080629B4805EB450101AB03EBC101097CE2
:1052F000491E01F0010140F8212079E0FFE706EBAB
:10530000460001A951F83000002871D0904806EB02
:10531000460101AA52F83110491E50F8210020F030
:1053200001028B4806EB460101AB53F83110491ED0
:1053300040F8212006EB460001A901EBC0004068BF
:10534000A0B1834806EB460101AA02EBC1014968FE
:10535000491E50F8210020F010027D4806EB46015E
:1053600003EBC1014968491E40F8212006EB4600C5
:1053700001A901EBC000C068C8B1754806EB460141
:1053800001AA02EBC101097B491E01F0010150F89D
:10539000210020F480326E4806EB460101AB03EB9E
:1053A000C101097B491E01F0010140F8212006EBF3
:1053B000460001A901EBC0000069C8B1644806EBD2
:1053C000460101AA02EBC101097C491E01F001015D
:1053D00050F8210020F080725D4806EB460101ABD9
:1053E00003EBC101097C491E01F0010140F82120B5
:1053F00005EB450101AA52F831102068884222D0FD
:1054000005EB450102EBC101A068896888421AD00A
:1054100005EB450102EBC10160684968884201D192
:10542000606880B905EB450101AA02EBC101E068A3
:10543000C968884207D005EB450102EBC10120692C
:105440000969884227D105EB450101AA52F83110BC
:105450002068884220D105EB450102EBC10160685C
:105460004968884218D105EB450102EBC101E068AB
:10547000C968884210D105EB450102EBC1012069E2
:105480000969884208D13248001F006840F00100D5
:105490002F49091F08608DE02D4805EB450101AA41
:1054A00052F83110491E50F8210020F0010228481E
:1054B00005EB450101AB53F83110491E40F821209E
:1054C00005EB450001A901EBC0004068A0B12048F0
:1054D00005EB450101AA02EBC1014968491E50F8DC
:1054E000210020F010021A4805EB450103EBC10131
:1054F0004968491E40F82120154805EB450101AADD
:1055000002EBC1018968491E50F8210020F4807225
:105510000F4805EB450101AB03EBC1018968491E4A
:1055200040F8212005EB450001A901EBC000C0684F
:10553000F8B1074805EB450101AA02EBC101097B5F
:10554000491E01F0010105E00050005200A0005288
:1055500004B4005250F8210020F48032B44805EB26
:10556000450103EBC101097B491E01F0010140F82F
:10557000212005EB450001A901EBC0000069C8B17D
:10558000AB4805EB450101AA02EBC101097C491EAC
:1055900001F0010150F8210020F08072A44805EBD1
:1055A000450101AB03EBC101097C491E01F001017A
:1055B00040F821209E48A168491E50F8210020F49F
:1055C00040714FF4807040EA462001439848A26839
:1055D000521E40F822106069401E9549091F096853
:1055E000C1F3074188420BD99148001F006820F49D
:1055F0007F01A08A401E41EA00408D49091F0860D2
:105600008B48001F006800F00100002875D0884812
:105610002168491E50F8210020F00300401C8449F5
:105620002268521E41F82200606868B1084661682D
:10563000491E50F8210020F0300040F010027C4854
:105640006168491E40F82120E06800F4803090B184
:105650007748217B491E01F0010150F8210020F418
:10566000E02040F480327248217B491E01F00101A4
:1056700040F8212013E0E06888B16D48217B491E85
:1056800001F0010150F8210020F0E06040F080724C
:105690006748217B491E01F0010140F82120206963
:1056A00000F4803090B16248217C491E01F0010174
:1056B00050F8210020F4E02040F440325C48217C86
:1056C000491E01F0010140F821209AE020690028DC
:1056D00011D05748217C491E01F0010150F82100EA
:1056E00020F0E06040F040725148217C491E01F0FA
:1056F000010140F8212084E0FFE74D482168491E60
:1057000050F8210020F00301012040EA4600014347
:1057100047482268521E40F82210606878B1444819
:105720006168491E50F8210020F03000102141EA44
:10573000461108433E496268521E41F82200E06863
:1057400000F48030A8B13A48217B491E01F00101E4
:1057500050F8210020F4E0204FF4803141EA8641E6
:1057600008433349227B521E02F0010241F8220015
:1057700016E0E068A0B12E48217B491E01F001012E
:1057800050F8210020F0E0604FF0807141EA86611E
:1057900008432749227B521E02F0010241F82200F1
:1057A000206900F48030A8B12148217C491E01F015
:1057B000010150F8210020F4E0204FF4403141EA8B
:1057C000864108431A49227C521E02F0010241F828
:1057D000220016E02069A0B11548217C491E01F085
:1057E000010150F8210020F0E0604FF0407141EAE3
:1057F000866108430E49227C521E02F0010241F8E4
:10580000220008F0010028B10A48006840F00100B9
:105810000849086008F0020028B10748006840F015
:1058200001000549086050460DB0BDE8F08F00004A
:1058300004B400520050005200A00052F8B50446D3
:105840000025FFF731FB06460CB901257AE0002060
:105850006065206D002875D1204600F077F841F290
:105860008831204600F0FCF8208A401EE16841EAB9
:1058700000416069401E41EA0020616B0843E16914
:10588000084321688968304A1140084321688860CC
:105890002068C06820F4E020216A08432168C860BD
:1058A000208EA16B41EA0040216808612168E06B0D
:1058B00048612068006820F4F8516068401E41EAA1
:1058C000002021680860A06D33460022202100904E
:1058D000204604F043F905468DBB2068C06820F0DF
:1058E000FF00616A491E08432168C860206800689B
:1058F00020F04000A168084321680860D4E90A014B
:1059000008432168D1F8081121F0A041084321681B
:10591000C1F808012068006840F0010021680860B3
:10592000A069022805D12068806840F00200216843
:105930008860E068B0F1806F02D10120206501E04D
:10594000022020652846F8BDF4F8E0F810B5B6B09E
:105950000446142130A8FAF752FDB82102A8FAF73C
:105960004EFD3B49206888426FD14FF00071002006
:10597000CDE90210159002A800F0D6FF08B1FBF7A0
:1059800003FE00BF3348006840F40010314908604E
:105990000846006800F40010019000BF00BF00BF7F
:1059A0000846006840F4804008600846006800F43B
:1059B0008040019000BF00BF00BF26480C30006847
:1059C00040F0200023490C3108600846006800F0D0
:1059D0002000019000BF00BF00BF0846006840F0F3
:1059E000020008600846006800F00200019000BF55
:1059F00000BF4FF470703090022031900020329040
:105A0000032033900A20349030A91348FFF744F95B
:105A10004FF48060309002203190002032900320BB
:105A200033900920349030A90B48FFF735F9402016
:105A300030900220319000203290032033900A20D1
:105A4000349030A90548FFF727F936B010BD0000A3
:105A500000500052D4440258001402580004025866
:105A6000024691650020704770B5044615480068ED
:105A7000C0F3800048B91348006800F00700A04256
:105A800001D0012070BD0020FCE70E48006820F026
:105A9000070020430B490860FFF706FA054607E0B8
:105AA000FFF702FA401BB0F57A7F01D90120E9E740
:105AB000044808380068C0F340300028F0D00020C7
:105AC000E0E700000C48025810B501F021FF05493D
:105AD0000968C1F30211044A515C01F01F01C8407A
:105AE00010BD00002044025804C5000870B50146EE
:105AF000844D2D6805F00303824D2D68C5F3051014
:105B0000804D2D1D2D6805F001047E4D0C352D684E
:105B1000C5F3CC0515FB04F501EE105AB8EE411A99
:105B2000F0EE410A00286FD023B1012B4ED0022B9A
:105B30006BD16BE0734D283D2D68C5F340153DB327
:105B4000704D283D2D68C5F3C1066F4D25FA06F24C
:105B500001EE102AF8EE411A01EE100AB8EE411AD1
:105B600081EE812A9FED691AC0EE811A654D0835D4
:105B70002D68C5F3080501EE105AB8EE411A31EE52
:105B8000811AF7EE001A31EE211A22EE010A1CE00A
:105B900001EE100AB8EE411ADFED5D1A81EE812A9E
:105BA0009FED5A1AC0EE811A564D08352D68C5F37F
:105BB000080501EE105AB8EE411A31EE811AF7EEDF
:105BC000001A31EE211A22EE010A5BE001EE100A02
:105BD000B8EE411ADFED4F1A81EE812A9FED4B1A84
:105BE000C0EE811A474D08352D68C5F3080501EE52
:105BF000105AB8EE411A31EE811AF7EE001A31EE62
:105C0000211A22EE010A3DE077E01DE001EE100AC4
:105C1000B8EE411A9FED402AC2EE011A9FED3B1AE1
:105C200080EE812A374D08352D68C5F3080501EE51
:105C3000105AB8EE411A32EE011AB7EE002A31EED0
:105C4000021A21EE810A1DE001EE100AB8EE411A97
:105C5000DFED2F1A81EE812A9FED2C1AC0EE811AFA
:105C6000284D08352D68C5F3080501EE105AB8EE29
:105C7000411A31EE811AF7EE001A31EE211A22EEA6
:105C8000010A00BF00BF1F4D08352D68C5F346252A
:105C900001EE105AB8EE411AF7EE001A31EE211A51
:105CA000C0EE011ABCEEE11A81ED001A154D08355F
:105CB0002D68C5F3064501EE105AB8EE411AF7EE0D
:105CC000001A31EE211AC0EE011ABCEEE11A81ED84
:105CD000011A0C4D08352D68C5F3066501EE105A02
:105CE000B8EE411AF7EE001A31EE211AC0EE011A91
:105CF000BCEEE11A81ED021A03E000250D604D6053
:105D00008D6070BD284402580090D003000000460A
:105D10000024744C0024744A20BCBE4B70B501466C
:105D2000844D2D6805F00303824D2D68C5F30530C1
:105D3000804D2D1D2D68C5F300147E4D14352D6842
:105D4000C5F3CC0515FB04F501EE105AB8EE411A67
:105D5000F0EE410A00286FD023B1012B4ED0022B68
:105D60006BD16BE0734D283D2D68C5F340153DB3F5
:105D7000704D283D2D68C5F3C1066F4D25FA06F21A
:105D800001EE102AF8EE411A01EE100AB8EE411A9F
:105D900081EE812A9FED691AC0EE811A654D10359A
:105DA0002D68C5F3080501EE105AB8EE411A31EE20
:105DB000811AF7EE001A31EE211A22EE010A1CE0D8
:105DC00001EE100AB8EE411ADFED5D1A81EE812A6C
:105DD0009FED5A1AC0EE811A564D10352D68C5F345
:105DE000080501EE105AB8EE411A31EE811AF7EEAD
:105DF000001A31EE211A22EE010A5BE001EE100AD0
:105E0000B8EE411ADFED4F1A81EE812A9FED4B1A51
:105E1000C0EE811A474D10352D68C5F3080501EE17
:105E2000105AB8EE411A31EE811AF7EE001A31EE2F
:105E3000211A22EE010A3DE077E01DE001EE100A92
:105E4000B8EE411A9FED402AC2EE011A9FED3B1AAF
:105E500080EE812A374D10352D68C5F3080501EE17
:105E6000105AB8EE411A32EE011AB7EE002A31EE9E
:105E7000021A21EE810A1DE001EE100AB8EE411A65
:105E8000DFED301A81EE812A9FED2C1AC0EE811AC7
:105E9000284D10352D68C5F3080501EE105AB8EEEF
:105EA000411A31EE811AF7EE001A31EE211A22EE74
:105EB000010A00BF00BF1F4D10352D68C5F34625F0
:105EC00001EE105AB8EE411AF7EE001A31EE211A1F
:105ED000C0EE011ABCEEE11A81ED001A154D103525
:105EE0002D68C5F3064501EE105AB8EE411AF7EEDB
:105EF000001A31EE211AC0EE011ABCEEE11A81ED52
:105F0000011A0C4D10352D68C5F3066501EE105AC7
:105F1000B8EE411AF7EE001A31EE211AC0EE011A5E
:105F2000BCEEE11A81ED021A03E000250D604D6020
:105F30008D6070BD284402580090D00300000046D8
:105F40000024744C0024744A20BCBE4B70B501463A
:105F5000844D2D6805F00303824D2D68C5F305506F
:105F6000804D2D1D2D68C5F300247E4D1C352D68F8
:105F7000C5F3CC0515FB04F501EE105AB8EE411A35
:105F8000F0EE410A00286FD023B1012B4ED0022B36
:105F90006BD16BE0734D283D2D68C5F340153DB3C3
:105FA000704D283D2D68C5F3C1066F4D25FA06F2E8
:105FB00001EE102AF8EE411A01EE100AB8EE411A6D
:105FC00081EE812A9FED691AC0EE811A654D183560
:105FD0002D68C5F3080501EE105AB8EE411A31EEEE
:105FE000811AF7EE001A31EE211A22EE010A1CE0A6
:105FF00001EE100AB8EE411ADFED5D1A81EE812A3A
:106000009FED5A1AC0EE811A564D18352D68C5F30A
:10601000080501EE105AB8EE411A31EE811AF7EE7A
:10602000001A31EE211A22EE010A5BE001EE100A9D
:10603000B8EE411ADFED4F1A81EE812A9FED4B1A1F
:10604000C0EE811A474D18352D68C5F3080501EEDD
:10605000105AB8EE411A31EE811AF7EE001A31EEFD
:10606000211A22EE010A3DE077E01DE001EE100A60
:10607000B8EE411A9FED402AC2EE011A9FED3B1A7D
:1060800080EE812A374D18352D68C5F3080501EEDD
:10609000105AB8EE411A32EE011AB7EE002A31EE6C
:1060A000021A21EE810A1DE001EE100AB8EE411A33
:1060B000DFED301A81EE812A9FED2C1AC0EE811A95
:1060C000284D18352D68C5F3080501EE105AB8EEB5
:1060D000411A31EE811AF7EE001A31EE211A22EE42
:1060E000010A00BF00BF1F4D18352D68C5F34625B6
:1060F00001EE105AB8EE411AF7EE001A31EE211AED
:10610000C0EE011ABCEEE11A81ED001A154D1835EA
:106110002D68C5F3064501EE105AB8EE411AF7EEA8
:10612000001A31EE211AC0EE011ABCEEE11A81ED1F
:10613000011A0C4D18352D68C5F3066501EE105A8D
:10614000B8EE411AF7EE001A31EE211AC0EE011A2C
:10615000BCEEE11A81ED021A03E000250D604D60EE
:106160008D6070BD284402580090D00300000046A6
:106170000024744C0024744A20BCBE4B2DE9F0432B
:1061800089B006460F464FF4807186EA0100384315
:1061900070D1F748006800F00709B9F1050F65D222
:1061A000DFE809F0031221623000F148503800683E
:1061B00000F00070B0F1007F04D106A8FFF796FC54
:1061C000079C00E0002453E0E9485038006800F0E4
:1061D0000060B0F1006F04D103A8FFF79FFD039C9E
:1061E00000E0002444E0E2485038006800F000502D
:1061F000B0F1005F04D16846FFF7A8FE009C00E004
:10620000002435E0DA48001F006800F04055D84807
:106210005038006800F00400042809D145B9D4487A
:1062200050380068C0F3C101D24820FA01F41AE0E6
:10623000CF485038006800F48070B0F5807F04D1FA
:10624000B5F1805F01D1CC4C0DE0C94850380068F1
:1062500000F40030B0F5003F04D1B5F1005F01D18A
:10626000C64C00E0002403E0C54C01E0002400BF60
:106270004BE3FFE74FF4806186EA010038437BD1AE
:10628000BB480830006800F46009B9F5800F2CD0D5
:1062900006DCB9F1000F0AD0B9F5001F69D115E08D
:1062A000B9F5C00F63D0B9F5000F62D12CE0B0484A
:1062B0005038006800F00070B0F1007F04D106A8EB
:1062C000FFF714FC079C00E0002454E0A848503875
:1062D000006800F00060B0F1006F04D103A8FFF780
:1062E0001DFD039C00E0002445E0A14850380068F3
:1062F00000F00050B0F1005F04D16846FFF726FEC1
:10630000009C00E0002436E09948001F006800F07F
:10631000405597485038006800F00400042809D11F
:1063200045B9934850380068C0F3C101914820FA3C
:1063300001F41BE08E485038006800F48070B0F51E
:10634000807F04D1B5F1805F01D18B4C0EE088488D
:106350005038006800F40030B0F5003F05D1B5F1C9
:10636000005F02D1854C01E006E0002403E0844C8C
:1063700001E0002400BFC8E24FF4006186EA01009A
:1063800038437BD17A480830006800F0E069B9F101
:10639000007F2CD006DCB9F1000F0AD0B9F1807F64
:1063A00069D115E0B9F1407F63D0B9F1806F62D156
:1063B0002CE06F485038006800F00070B0F1007FAA
:1063C00004D106A8FFF792FB079C00E0002454E0EC
:1063D00067485038006800F00060B0F1006F04D1E9
:1063E00003A8FFF79BFC039C00E0002445E0604805
:1063F0005038006800F00050B0F1005F04D16846EA
:10640000FFF7A4FD009C00E0002436E05848001F80
:10641000006800F0405556485038006800F004000D
:10642000042809D145B9524850380068C0F3C10169
:10643000504820FA01F41BE04D485038006800F441
:106440008070B0F5807F04D1B5F1805F01D14A4CF6
:106450000EE047485038006800F40030B0F5003FC7
:1064600005D1B5F1005F02D1444C01E006E0002403
:1064700003E0434C01E0002400BF46E24FF48051AA
:1064800086EA0100384372D13948006800F4E048D8
:10649000B8F5005F2CD006DCB8F1000F0AD0B8F5D3
:1064A000805F75D115E0B8F5405F6FD0B8F5804FCB
:1064B0006ED12CE02E485038006800F00070B0F12A
:1064C000007F04D106A8FFF711FB079C00E0002421
:1064D00060E027485038006800F00060B0F1006FBD
:1064E00004D103A8FFF71AFC039C00E0002451E04C
:1064F0001F485038006800F00050B0F1005F04D130
:106500006846FFF723FD009C00E0002442E01848A5
:10651000001F006800F0405515485038006800F032
:106520000400042809D145B9114850380068C0F367
:10653000C101104820FA01F427E00D4850380068E6
:1065400000F48070B0F5807F04D1B5F1805F01D197
:10655000094C1AE006485038006800F40030B0F5E5
:10656000003F11D1B5F1005F0ED1044C0DE012E0F7
:10657000504402580090D00300093D0040787D014E
:106580000080BB0004E001E0002403E0E14C01E0F6
:10659000002400BFB9E14FF4005186EA01003843FE
:1065A00067D1DD48006800F4E028B8F5403F33D0FB
:1065B00009DCB8F1000F0DD0B8F5803F0ED0B8F56A
:1065C000003F53D119E0B8F5802F37D0B8F5A02F90
:1065D0004CD13FE001F0C2F9044649E0CE485038C2
:1065E000006800F00060B0F1006F04D103A8FFF76D
:1065F00095FB049C00E000243AE0C748503800684E
:1066000000F00050B0F1005F04D16846FFF79EFC37
:10661000019C00E000242BE0BF485038006800F0E7
:106620000400042808D1BC4850380068C0F3C101F8
:10663000BA4820FA01F400E0002419E0B6485038C6
:10664000006800F48070B0F5807F01D1B44C00E0A8
:1066500000240DE0B0485038006800F40030B0F578
:10666000003F01D1AF4C00E0002401E0002400BF56
:106670004BE14FF4002186EA0100384361D1A6487E
:106680000830006800F44038B8F1000F06D0B8F5C3
:10669000803F12D0B8F5003F50D11DE09E485038E1
:1066A000006800F00060B0F1006F04D103A8FFF7AC
:1066B00035FB039C00E0002442E097485038006816
:1066C00000F00050B0F1005F04D16846FFF73EFCD7
:1066D000029C00E0002433E08F48001F006800F0B7
:1066E00040558D485038006800F00400042809D156
:1066F00045B9894850380068C0F3C101874820FA7D
:1067000001F41AE084485038006800F48070B0F555
:10671000807F04D1B5F1805F01D1814C0DE07E48CE
:106720005038006800F40030B0F5003F04D1B5F1F6
:10673000005F01D17B4C00E0002401E0002400BF99
:10674000E3E04FF4803186EA010038432CD17248EF
:10675000001F006800F48038B8F1000F03D0B8F5CE
:10676000803F1ED10EE06C485038006800F0007089
:10677000B0F1007F04D106A8FFF7B8F9079C00E04C
:10678000002410E064485038006800F00060B0F168
:10679000006F04D103A8FFF7C1FA059C00E00024B4
:1067A00001E0002400BFB0E04FF4804186EA010020
:1067B000384368D158480830006800F0E048B8F124
:1067C000405F33D009DCB8F1000F0DD0B8F1805F25
:1067D0000ED0B8F1005F53D119E0B8F1804F37D037
:1067E000B8F1A04F4CD13FE0FFF76EF9044649E005
:1067F00049485038006800F00060B0F1006F04D1E3
:1068000003A8FFF78BFA049C00E000243AE042481A
:106810005038006800F00050B0F1005F04D16846C5
:10682000FFF794FB019C00E000242BE03A4850382D
:10683000006800F00400042808D137485038006888
:10684000C0F3C101354820FA01F400E0002419E04A
:1068500031485038006800F48070B0F5807F01D175
:106860002F4C00E000240DE02B485038006800F465
:106870000030B0F5003F01D12A4C00E0002401E0D7
:10688000002400BF41E04FF4004186EA0100384394
:106890003AD12148006800F04058B8F1000F06D006
:1068A000B8F1805F0FD0B8F1005F2AD11AE01A4822
:1068B0005038006800F40030B0F5003F01D1194CA9
:1068C00000E000241FE014485038006800F0007019
:1068D000B0F1007F04D106A8FFF708F9079C00E09B
:1068E000002410E00C485038006800F00060B0F15F
:1068F000006F04D103A8FFF711FA049C00E0002404
:1069000001E0002400BF00E00024204609B0BDE8FB
:10691000F08300000080BB00504402580090D00378
:1069200000093D0040787D012DE9F0410446002535
:10693000A8464FF00062D4E9001011400020134631
:1069400059404040014331D1606E48B1B0F5801FDD
:106950000DD0B0F5001F11D0B0F5401F16D114E0D6
:10696000FE48006840F40030FC49086010E0022155
:1069700004F1080003F02EF9054609E0022104F1B4
:10698000280003F0D9F9054602E001E0012500BF27
:1069900000BF55B9F1482430006820F44010616E02
:1069A0000843EE492431086000E0A8464FF48072A5
:1069B000D4E90010114000201346594040400143E3
:1069C0002ED1A06D05281BD2DFE800F0030A1118B4
:1069D0001900E248006840F40030E049086011E026
:1069E000002104F1080003F0F5F805460AE0002153
:1069F00004F1280003F0A0F9054603E002E001E0FD
:106A0000012500BF00BF55B9D4482430006820F0EC
:106A10000700A16D0843D1492431086000E0A84671
:106A20004FF48062D4E90010114000201346594011
:106A3000404001433DD1D4F8A400B0F5C00F24D0AC
:106A400007DC68B1B0F5001F11D0B0F5800F1FD181
:106A500014E0B0F5000F19D0B0F5200F18D116E0F2
:106A6000BE48006840F40030BC49086012E00021D4
:106A700004F1080003F0AEF805460BE0002104F134
:106A8000280003F059F9054604E003E002E001E0C4
:106A9000012500BF00BF5DB9B0482C30006820F46C
:106AA0006000D4F8A4100843AC492C31086000E021
:106AB000A8464FF40062D4E90001104000211346BB
:106AC0005840494008433DD1D4F8A800B0F1407F78
:106AD00024D007DC68B1B0F1807F11D0B0F1007F25
:106AE0001FD114E0B0F1806F19D0B0F1A06F18D1B0
:106AF00016E09A48006840F400309849086012E0B7
:106B0000002104F1080003F065F805460BE00021C0
:106B100004F1280003F010F9054604E003E002E068
:106B200001E0012500BF00BF5DB98C482C30006832
:106B300020F0E060D4F8A810084388492C310860A0
:106B400000E0A8464FF00073D4E90010194000207F
:106B500059404040014328D1E06CA8B1102804D02E
:106B6000202809D0302810D10DE07C48006840F47E
:106B700000307A4908600AE0022104F1080003F0BD
:106B800029F8054603E002E001E0012500BF00BF4F
:106B900055B972482030006820F03000E16C08439D
:106BA0006E492031086000E0A8464FF48053D4E9D4
:106BB00000101940002059404040014337D1E06D9A
:106BC000B0F5005F1AD004DC50B1B0F5805F1ED183
:106BD0000DE0B0F5405F18D0B0F5804F17D115E04B
:106BE0005E48006840F400305C49086011E0002114
:106BF00004F1080002F0EEFF05460AE0002104F16E
:106C0000280003F099F8054603E002E001E00125C1
:106C100000BF00BF55B951482430006820F4E0405F
:106C2000E16D08434D492431086000E0A8464FF467
:106C30000053D4E90010194000205940404001435E
:106C400035D1206EB0F5403F1ED007DC68B1B0F5FD
:106C5000803F0BD0B0F5003F19D10EE0B0F5802F8A
:106C600013D0B0F5A02F12D110E012E0012104F1F1
:106C7000080002F0AFFF05460BE0012104F12800F7
:106C800003F05AF8054604E003E002E001E00125C4
:106C900000BF00BF55B931482430006820F4E0201F
:106CA000216E08432D492431086000E0A8464FF4C6
:106CB0008042D4E900011040002113465840494069
:106CC000084337D1D4F8AC00B0F1405F1ED007DCE8
:106CD00068B1B0F1805F0BD0B0F1005F19D10EE068
:106CE000B0F1804F13D0B0F1A04F12D110E012E0FC
:106CF000012104F1080002F06DFF05460BE00121BF
:106D000004F1280003F018F8054604E003E002E06F
:106D100001E0012500BF00BF5DB910482C300068BC
:106D200020F0E040D4F8AC1008430C492C31086046
:106D300000E0A8464FF40043D4E9000118400021C8
:106D40005840494008432AD1E06EB8B1B0F1805FA5
:106D500006D0B0F1005F12D109E000002C440258C7
:106D6000F948006840F40030F749086009E0012163
:106D700004F1080002F02EFF054602E001E00125C3
:106D800000BF00BF55B9F0482430006820F04050E3
:106D9000E16E0843EC492431086000E0A8464FF05A
:106DA0008073D4E90010194000205940404001434D
:106DB00028D1A06CA8B1012804D0022809D003284A
:106DC00010D10DE0E048006840F40030DE49086072
:106DD0000AE0022104F1080002F0FCFE054603E08F
:106DE00002E001E0012500BF00BF55B9D6482030C0
:106DF000006820F00300A16C0843D34920310860EB
:106E000000E0A8464FF48003D4E9001019400020A8
:106E10005940404001437DD1CC48006840F4807027
:106E2000CA490860FEF740F8064606E0FEF73CF85F
:106E3000801B642801D9032505E0C448006800F4DC
:106E400080700028F2D000BF85BBBF484430006886
:106E500000F44070B4F8B01001F44071884213D0CF
:106E6000B9484430006820F44077B748443000689F
:106E700040F48030B449443108600846006820F48A
:106E80008030086008460760D4F8B000B0F5807F15
:106E900015D1FEF709F8064609E0FEF705F8801B54
:106EA00041F28831884202D9032507E038E0A6483C
:106EB00044300068C0F340000028EED000BF55BB4E
:106EC00000BFB4F8B00000F44070B0F5407F0ED1C0
:106ED0009D481C38006820F47C519D4AD4F8B000CD
:106EE000104041EA101098491C39086007E09648A4
:106EF0001C38006820F47C5093491C390860924883
:106F000044300068B4F8B010C1F30B0108438E4957
:106F1000443101E005E001E0086002E0A84600E03D
:106F2000A8460122D4E90001104000211346584030
:106F30004940084330D1A06F18281AD005DC48B169
:106F4000082808D0102817D10CE0202812D02828B3
:106F500012D110E012E0012104F1080002F03AFE23
:106F600005460BE0012104F1280002F0E5FE05468C
:106F700004E003E002E001E0012500BF00BF55B9D5
:106F800071482830006820F03800A16F08436E492E
:106F90002831086000E0A8460223D4E90010194017
:106FA000002059404040014329D1606F062816D285
:106FB000DFE800F003040B12131412E0012104F1C6
:106FC000080002F007FE05460BE0012104F128004D
:106FD00002F0B2FE054604E003E002E001E0012514
:106FE00000BF00BF55B958482830006820F007009E
:106FF000616F084354492831086000E0A846042224
:10700000D4E900101140002013465940404001438C
:107010002BD1D4F89000062816D2DFE800F0030444
:107020000B12131412E0012104F1080002F0D2FD4A
:1070300005460BE0012104F1280002F07DFE054623
:1070400004E003E002E001E0012500BF00BF5DB9FC
:107050003D482C30006820F00700D4F89010084319
:1070600039492C31086000E0A8462023D4E900010A
:107070001840002158404940084337D1D4F88C00CB
:10708000B0F1405F1ED007DC68B1B0F1805F0BD07B
:10709000B0F1005F19D10EE0B0F1804F13D0B0F124
:1070A000A04F12D110E012E0002104F1080002F01C
:1070B00091FD05460BE0022104F1280002F03CFEA0
:1070C000054604E003E002E001E0012500BF00BF47
:1070D0005DB91D482830006820F0E040D4F88C10DD
:1070E000084319492831086000E0A8464023D4E944
:1070F0000010194000205940404001433CD1D4F8D1
:107100009800B0F5406F25D007DC68B1B0F5806F0E
:107110000BD0B0F5006F20D10EE0B0F5805F1AD033
:10712000B0F5A05F19D117E019E0002104F10800C3
:1071300002F050FD054612E0022104F1280002F0A1
:10714000FBFD05460BE000002C44025800480258A5
:10715000FFFCFF0F03E002E001E0012500BF00BFDC
:107160004DB9FE48006820F4E050D4F89810084368
:10717000FA49086000E0A8468023D4E900101940CD
:10718000002059404040014335D1D4F89C00B0F56F
:10719000C04F1ED007DC68B1B0F5005F0BD0B0F572
:1071A000804F19D10EE0B0F5004F13D0B0F5204F4D
:1071B00012D110E012E0002104F1080002F00AFDF3
:1071C00005460BE0022104F1280002F0B5FD05465A
:1071D00004E003E002E001E0012500BF00BF4DB97B
:1071E000DE48006820F46040D4F89C100843DB4976
:1071F000086000E0A8460823D4E9000118400021F7
:1072000058404940084317D1D4F88000B0F5805F5A
:1072100007D1022104F1280002F08EFD08B14FF0E1
:107220000108CE48001F006820F44050D4F88010B8
:107230000843CA49091F08601023D4E90001184017
:10724000002158404940084315D1D4F89400B0F5C6
:10725000807F07D1022104F1280002F06DFD08B102
:107260004FF00108BD48006820F44070D4F8941035
:107270000843BA4908604FF40023D4E900011840DC
:10728000002158404940084327D1D4F8A00030B12C
:10729000B0F5803F0AD0B0F5003F0FD10DE00021DE
:1072A00004F1080002F096FC054609E0022104F111
:1072B000280002F041FD054602E001E0012500BF83
:1072C00000BF4DB9A548006820F44030D4F8A010A4
:1072D0000843A249086000E0A8464FF48023D4E99F
:1072E0000001184000215840494008432DD1D4F8EE
:1072F0008400B0F5801F06D0B0F5001F0CD0B0F5AB
:10730000401F11D10FE095482C38006840F4003040
:1073100092492C39086009E0012104F1280002F0AB
:107320000BFD054602E001E0012500BF00BF5DB98D
:107330008A48001F006820F44010D4F884100843E5
:107340008649091F086000E0A8464FF48032D4E95E
:10735000000110400021134658404940084325D100
:10736000206D18B1B0F5803F10D108E07B482C3873
:10737000006840F4003079492C39086008E00221A7
:1073800004F1080002F026FC054601E0012500BFDB
:1073900000BF55B971480C38006820F48030216D69
:1073A00008436E490C39086000E0A8464FF00053CE
:1073B000D4E900101940002059404040014307D152
:1073C000022104F1280002F0B7FC08B14FF00108D7
:1073D0004FF40032D4E90001104000211346584018
:1073E0004940084327D1E06FA0B1B0F5807F06D0B7
:1073F000B0F5007F0CD0B0F5407F0CD109E05748C4
:107400002C38006840F4003054492C39086004E0FE
:1074100003E002E001E0012500BF00BF55B94F487D
:10742000001F006820F44070E16F08434B49091FBA
:10743000086000E0A8464FF48012D4E90010114023
:107440000020134659404040014309D143480838C1
:10745000006820F00040216F084340490839086067
:107460004FF40013D4E9000118400021584049406E
:10747000084309D139480838006820F08070A16EAF
:1074800008433649083908604FF08043D4E90010BA
:107490001940002059404040014311D100BF2F48FE
:1074A0004838006820F400402C49483908600846F4
:1074B0000068D4F8B410084328494839086000BF70
:1074C0004FF00042D4E9000110400021134658401B
:1074D0004940084309D121480C38006820F0405049
:1074E000616D08431D490C3908604FF40002D4E96E
:1074F00000101140002013465940404001430AD17A
:107500001648001F006820F44000D4F88810084393
:107510001249091F0860012200216068104049409B
:107520005040014306D104F1080002F053FB054628
:1075300005B1A84602220021606810404940504031
:10754000014307D1012104F1080002F043FB054685
:1075500005B1A84604230020616801E058440258A0
:107560001940042240405140084307D1022104F150
:10757000080002F02FFB054605B1A84608230020AD
:1075800061681940082240405140084307D100215A
:1075900004F1280002F0D0FB054605B1A8461023EF
:1075A000002061681940102240405140084307D133
:1075B000012104F1280002F0BFFB054605B1A846F1
:1075C000202200216068104049405040014307D10B
:1075D000022104F1280002F0AFFB054605B1A846E0
:1075E000B8F1000F02D10020BDE8F0810120FBE7D7
:1075F0002DE9F04104460D4614B90120BDE8F081A3
:10760000BD48006800F00F00A8420ED2BA480068DA
:1076100020F00F002843B84908600846006800F0D1
:107620000F00A84201D00120E8E7207800F0040014
:1076300004280ED1B1492069096801F0700188421F
:1076400007D9AE48006820F0700021690843AB49B3
:107650000860207800F00800082811D1A749091D0A
:107660006069096801F07001884209D9A348001DCA
:10767000006820F0700061690843A049091D086096
:10768000207800F01000102811D19C49091DA06934
:10769000096801F4E061884209D99848001D006832
:1076A00020F4E060A16908439449091D086020782E
:1076B00000F02000202811D190490831E0690968C4
:1076C00001F07001884209D98C480830006820F028
:1076D0007000E1690843894908310860207800F0AA
:1076E000020002280ED18549E068096801F00F0107
:1076F000884207D98148006820F00F00E1680843FC
:107700007E490860207800F00100002850D07B48B6
:10771000006820F47060A1680843784908606068D8
:10772000022807D1754818380068C0F34040F8B9FE
:10773000012063E76068032807D1704818380068A3
:10774000C0F34060A0B9012058E76068012807D164
:107750006A4818380068C0F3002048B901204DE796
:10776000664818380068C0F3800008B9012045E772
:1077700062480838006820F00700616808435F49E4
:1077800008390860FDF790FB064608E0FDF78CFB22
:10779000801B41F28831884201D903202EE75748E7
:1077A0000838006800F038006168B0EBC10FEDD117
:1077B000207800F0020002280ED15049E0680968E4
:1077C00001F00F01884207D24C48006820F00F00FA
:1077D000E1680843494908604748006800F00F0025
:1077E000A8420ED94448006820F00F0028434249BF
:1077F00008600846006800F00F00A84201D0012090
:10780000FCE6207800F0040004280ED13B492069F2
:10781000096801F07001884207D23848006820F0FA
:1078200070002169084335490860207800F008009D
:10783000082811D13149091D6069096801F07001FA
:10784000884209D22D48001D006820F0700061694F
:1078500008432A49091D0860207800F0100010280C
:1078600011D12649091DA069096801F4E061884227
:1078700009D22248001D006820F4E060A169084395
:107880001E49091D0860207800F02000202811D131
:107890001A490831E069096801F07001884209D28B
:1078A00016480830006820F07000E1690843134969
:1078B0000831086000F076F810490968C1F3032127
:1078C0000F4A515C01F01F0120FA01F70B480068D4
:1078D00000F00F001146085C00F01F0027FA00F0CE
:1078E000084908600848076008480068FDF71EFB63
:1078F0008046404682E600000020005218440258AC
:1079000004C500083C02002038020020300200209C
:1079100010B500F047F80D490968C1F303210C4A7E
:10792000515C01F01F0120FA01F40848006800F0E2
:107930000F001146085C00F01F0024FA00F0054912
:107940000860054804600846006810BD18440258E5
:1079500004C500083C0200203802002000B5FFF7F3
:10796000D7FF05490968C1F30211044A515C01F0CF
:107970001F01C84000BD00001C44025804C5000897
:1079800000B5FFF7C5FF05490968C1F30221044AA4
:10799000515C01F01F01C84000BD00001C440258AA
:1079A00004C50008F0B5824E366806F0380636B1D8
:1079B000082E15D0102E15D0182E7DD114E07C4E37
:1079C000103E3668C6F3401646B1794E103E366812
:1079D000C6F3C107774E26FA07F000E07548E5E0E8
:1079E0007548E3E07548E1E0714E1836366806F0F8
:1079F00003046F4E18363668C6F305116C4E1C36FC
:107A0000366806F001056A4E24363668C6F3CC06A1
:107A100016FB05F601EE106AB8EE410A002971D096
:107A200024B1012C50D0022C6DD16DE0604E103E7F
:107A30003668C6F340163EB35D4E103E3668C6F358
:107A4000C1075C4E26FA07F301EE103AF8EE411A30
:107A500001EE101AB8EE411A81EE812A9FED581AF4
:107A6000C0EE011A524E20363668C6F3080601EE03
:107A7000106AB8EE411A31EE811AF7EE001A31EEB3
:107A8000211A62EE010A1EE001EE101AB8EE411A48
:107A9000DFED4C1A81EE812A9FED491AC0EE011AE2
:107AA000434E20363668C6F3080601EE106AB8EE7B
:107AB000411A31EE811A00E076E0F7EE001A31EE5D
:107AC000211A62EE010A5BE001EE101AB8EE411ACB
:107AD0009FED3D2AC2EE011A9FED391A80EE012A70
:107AE000334E20363668C6F3080601EE106AB8EE4B
:107AF000411A32EE011AB7EE002A31EE021A61EE97
:107B0000810A3DE04EE01DE001EE101AB8EE411A88
:107B1000DFED2E1A81EE812A9FED291AC0EE011A9F
:107B2000234E20363668C6F3080601EE106AB8EE1A
:107B3000411A31EE811AF7EE001A31EE211A62EE87
:107B4000010A1DE001EE101AB8EE411A9FED1E2A3F
:107B5000C2EE011A9FED1A1A80EE012A144E203649
:107B60003668C6F3080601EE106AB8EE411A32EE26
:107B7000011AB7EE002A31EE021A61EE810A00BF47
:107B800000BF0B4E20363668C6F34626721C01EE47
:107B9000102AB8EE411AC0EE811ABCEEE11A11EEBD
:107BA000100A00E0002001E0034800BF00BFF0BD64
:107BB000104402580090D00300093D0040787D0138
:107BC000000000460024744C0024744A20BCBE4BC4
:107BD0002DE9F047044614B90120BDE8F08720786C
:107BE00000F00100002870D0F948006800F0380863
:107BF000F7481830D0F80090B8F1100F06D0B8F15F
:107C0000180F0FD109F0030002280BD1F0481038EB
:107C10000068C0F3404000286AD06068002867D13F
:107C20000120DAE700BF6068B0F5803F08D1E8487E
:107C30001038006840F48030E549103908602EE0C3
:107C4000606868B9E2481038006820F48030E04984
:107C5000103908600846006820F4802008601EE0A3
:107C60006068B0F5A02F0DD1D9481038006840F4F5
:107C70008020D749103908600846006840F48030F9
:107C800008600CE0D2481038006820F48030D049F9
:107C9000103908600846006820F48020086000BFA2
:107CA000606898B1FDF700F9054606E0FDF7FCF8BD
:107CB000401B642801D903208FE7C54810380068AD
:107CC000C0F340400028F1D012E012E0FDF7ECF8DC
:107CD000054606E0FDF7E8F8401B642801D90320BB
:107CE0007BE7BB4810380068C0F340400028F1D162
:107CF00000BF207800F00200022879D1B448006863
:107D000000F03808B2481830D0F80090B8F1000FF1
:107D100005D0B8F1180F35D109F0030088BBAC4885
:107D200010380068C0F3800018B1E06808B901207D
:107D300053E7A7481038006820F01900E1680843AD
:107D4000A34910390860FDF7AFF8054606E0FDF7D6
:107D5000ABF8401B022801D903203EE79C481038AD
:107D60000068C0F380000028F1D099480C38006802
:107D700020F0FE40217C40EA016095490C39086002
:107D800045E0FFE7E06838B391481038006820F01C
:107D90001900E16808438E4910390860FDF784F83E
:107DA000054606E0FDF780F8401B022801D90320B4
:107DB00013E7874810380068C0F380000028F1D02E
:107DC00083480C38006820F0FE40217C40EA0160C6
:107DD0007F490C3908601AE07D481038006820F0AF
:107DE00001007B4910390860FDF75EF8054607E0A1
:107DF0000EE0FDF759F8401B022801D90320ECE6FC
:107E0000734810380068C0F380000028F1D100BF2B
:107E1000207800F0100010286FD16D48006800F045
:107E200038086B481830D0F80090B8F1080F06D029
:107E3000B8F1180F1CD109F00300012818D16448CB
:107E400010380068C0F3002020B1E069802801D01C
:107E50000120C2E600BF5E48001F006820F07C5091
:107E600094F8201040EA01605949091F086043E076
:107E7000E06938B356481038006840F08000544933
:107E800010390860FDF710F8054606E0FDF70CF81C
:107E9000401B022801D903209FE64D481038006896
:107EA000C0F300200028F1D000BF4948001F00683F
:107EB00020F07C5094F8201040EA01604449091FEA
:107EC000086019E042481038006820F080004049FE
:107ED00010390860FCF7E8FF054606E0FCF7E4FF10
:107EE000401B022801D9032077E639481038006882
:107EF000C0F300200028F1D100BF207800F0080076
:107F0000082836D16069D0B131486430006840F04B
:107F100001002F4964310860FCF7C6FF054606E002
:107F2000FCF7C2FF401B022801D9032055E6284870
:107F300064300068C0F340000028F1D019E0244804
:107F40006430006820F00100214964310860FCF7CA
:107F5000ABFF054606E0FCF7A7FF401B022801D94E
:107F600003203AE61A4864300068C0F34000002855
:107F7000F1D1207800F02000202838D1A069D0B1BC
:107F800013481038006840F48050114910390860D7
:107F9000FCF78AFF054606E0FCF786FF401B022837
:107FA00001D9032019E60A4810380068C0F34030B0
:107FB0000028F1D01BE006481038006820F48050FB
:107FC000034910390860FCF76FFF054609E000001F
:107FD00010440258FCF768FF401B022801D9032017
:107FE000FBE5D0480068C0F340300028F2D120788B
:107FF00000F0040004287DD1CB48006840F4807074
:10800000C9490860FCF750FF054606E0FCF74CFF45
:10801000401B642801D90320DFE5C348006800F451
:1080200080700028F2D000BFA068012808D1BD48A8
:108030007030006840F00100BA49703108602DE0EE
:10804000A06868B9B7487030006820F00100B549F1
:10805000703108600846006820F0040008601DE0E8
:10806000A06805280DD1AF487030006840F00400CA
:10807000AC49703108600846006840F001000860B3
:108080000CE0A8487030006820F00100A54970316C
:1080900008600846006820F00400086000BFA0687F
:1080A000A0B1FCF701FF054608E0FCF7FDFE401B10
:1080B00041F28831884201D903208EE59948703019
:1080C0000068C0F340000028EFD013E0FCF7ECFE9E
:1080D000054608E0FCF7E8FE401B41F28831884283
:1080E00001D9032079E58F4870300068C0F3400063
:1080F0000028EFD1606A00287DD08A4810300068DF
:1081000000F03800182877D0606A022875D18548B9
:10811000006820F0807083490860FCF7C5FE0546C2
:1081200006E0FCF7C1FE401B022801D9032054E5FC
:108130007C480068C0F340600028F2D100BFD4E959
:108140000A1041EA001077492831096840F2F332F9
:1081500091430843734928310860208E401EC0F3C4
:108160000800616B491E4FF47E4202EA4121084338
:10817000218F491ED20102EA014108433C21095DD9
:10818000491E120202EA0161084366493031086063
:1081900000BF081F006820F00100091F0860614847
:1081A000343000684FF6F8718843A16C40EAC10092
:1081B0005C49343108605B482C30006820F00C00CA
:1081C000216C084357492C3108600846006820F0AC
:1081D0000200616C084353492C310860084600686E
:1081E00040F4803008600846006840F400300860C1
:1081F0000846006802E092E038E01FE040F480208A
:1082000008600846006840F00100086045480068C2
:1082100040F0807043490860FCF746FE054606E0E2
:10822000FCF742FE401B022801D90320D5E43D485B
:108230000068C0F340600028F2D070E03948006860
:1082400020F0807037490860FCF72EFE054606E0F6
:10825000FCF72AFE401B022801D90320BDE4314867
:108260000068C0F340600028F2D158E02D48283063
:1082700007682C4830300668606A012821D007F072
:108280000301A06A81421CD1C7F30511E06A88424C
:1082900017D1C6F30801206B401E814211D1606BDB
:1082A000401EC6F3462188420BD1A06B401EC6F388
:1082B0000641884205D1E06B401EC6F30661884244
:1082C00001D0012089E4174834300068C0F3CC079E
:1082D000A06CB84223D013482C30006820F0010075
:1082E00010492C310860FCF7DFFD054600BFFCF7A4
:1082F000DBFD401BFBD00B48343000684FF6F871B3
:108300008843A16C40EAC100064934310860054841
:108310002C30006840F0010002492C310860002038
:108320005BE40000004402580048025870B504465F
:108330000D460CB9012070BD94F82C0028B900201E
:1083400084F82D00204600F019F8022084F82C0053
:10835000211D2068F9F736F92946D4E90002F9F71A
:1083600085F90548006840F0004003490860012095
:1083700084F82C000020DEE70040005210B50446CF
:10838000FCF7F4FB10BD70B504460D4694F82C00C4
:10839000022800D170BD94F82C0001280AD10220D7
:1083A00084F82C0029462068F9F742F9012084F866
:1083B0002C0001E00120EDE70020EBE72DE9F04182
:1083C00004460E46174694F82C50022D02D1022086
:1083D000BDE8F081012D01D0052D12D1022084F8D5
:1083E0002C003A4631462068F9F72CF9306802280B
:1083F00003D1052084F82C0005E0012084F82C002E
:1084000001E00120E4E70020E2E770B504462546DC
:10841000681EB0F1807F01D301200FE0681E4FF08D
:10842000E02148610F214FF0FF3002F0BFFE002035
:108430004FF0E021886107200861002070BD000036
:1084400030B502460B4600BF92F83C00012801D12E
:10845000022030BD012082F83C0000BF022082F8DB
:108460003D001068416810688468254D1068A84276
:1084700003D0244D1068A84203D121F4700158683C
:10848000014321F0700118680143106841601C4DE0
:108490001068A84223D01068B0F1804F1FD01A4D49
:1084A0001068A8421BD0194D1068A84217D0184D6B
:1084B0001068A84213D0134D1068A8420FD0154D74
:1084C0001068A8420BD0144D1068A84207D0134D75
:1084D0001068A84203D0124D1068A84205D124F0BC
:1084E00080049868044310688460012082F83D008D
:1084F00000BF002082F83C0000BF00BFA9E70000D9
:108500000000014000040140000400400008004059
:10851000000C0040001800400040014000E0004016
:1085200000E4004010B504460CB9012010BD94F8D9
:108530003D0028B9002084F83C00204600F02AF8CD
:10854000022084F83D00211D206801F007FE012073
:1085500084F8480000BF84F83E0001213F20015507
:10856000402001554120015542200155432001552D
:1085700000BF00BF012084F844004520015546207B
:1085800001554720015500BF012084F83D0000201F
:10859000CCE7000008B5124A016891420DD100BF36
:1085A0001049096841F002010E4A1160114609683C
:1085B00001F00201009100BF11E00B4A01689142F5
:1085C0000DD100BF0749096841F00401054A116057
:1085D0001146096801F00401009100BF00BF08BD09
:1085E00000040040E844025800080040014691F8A9
:1085F0003D00012801D001207047022081F83D0094
:10860000204B0868984223D00868B0F1804F1FD0F3
:108610001D4B086898421BD01C4B0868984217D025
:108620001B4B0868984213D01A4B086898420FD029
:10863000194B086898420BD0184B0868984207D02D
:10864000174B0868984203D0164B0868984210D11F
:1086500008688068144B00EA0302062A0FD0B2F5BE
:10866000803F0CD00868006840F001000B6818607B
:1086700005E00868006840F001000B681860002001
:10868000BAE700000000014000040040000800407C
:10869000000C004000040140001800400040014070
:1086A00000E0004000E40040070001002DE9F04137
:1086B00004460D46002700BF94F83C00012802D173
:1086C0000220BDE8F081012084F83C0000BF0220B8
:1086D00084F83D00206886684048064026F47F46BE
:1086E000206886602868702826D00CDC00F00F0116
:1086F000002966D10011072863D2DFE800F0555643
:1087000057584B374100B0F1101F52D009DCB0F57B
:10871000805F10D0B0F5005F1BD0B0F5801F50D146
:1087200046E0A0F580102038002843D0102842D021
:10873000202846D140E046E0D5E902136A68206867
:1087400001F080FD2068866846F077062068866024
:1087500039E0D5E902136A68206801F073FD2068EA
:10876000806840F48040216888602CE0EA6869688D
:10877000206801F07FFD5021206801F06FFD22E0AC
:10878000EA686968206801F088FD6021206801F0CE
:1087900065FD18E0EA686968206801F06BFD40211A
:1087A000206801F05BFD0EE000BF00BF00BF00BF0E
:1087B00000BF00BF00BF00BF2968206801F04EFD68
:1087C00001E0012700BF00BF012084F83D0000BF89
:1087D000002084F83C0000BF384672E788FFCEFFD7
:1087E000014600BF91F88400012801D102207047A2
:1087F000012081F8840000BF2420C1F888000868A7
:1088000002680868006820F001000B68186022F018
:10881000005200204866086802602020C1F88800E5
:1088200000BF002081F8840000BF00BFDFE72DE912
:10883000F04104460E461746D4F88C00202825D176
:1088400006B117B90120BDE8F0810120E0660020E3
:1088500020673A463146204602F0B2FA05469DB9F5
:10886000E06E01280FD110202168086200BF00BF10
:10887000216851E8001F41F01000226842E8000121
:108880000029F5D100E001252846DCE70220DAE7DF
:108890000C4B02689A4207D10B4A127822B9012286
:1088A000094B1A70094B1970094B02689A4207D19B
:1088B000084A127822B90122064B1A70064B197029
:1088C00070470000001001404002002041020020DB
:1088D000004800404202002043020020704770B56B
:1088E00004460D4600BF94F88400012801D10220FF
:1088F00070BD012084F8840000BF2420C4F88800E3
:10890000206806682068006820F00100216808607F
:108910002068806820F060602843216888602046D5
:1089200001F00CFD206806602020C4F8880000BF1C
:10893000002084F8840000BF00BFD9E770B504466A
:108940000D4600BF94F88400012801D1022070BDBB
:10895000012084F8840000BF2420C4F88800206827
:1089600006682068006820F001002168086020681F
:10897000806820F06040284321688860204601F02C
:10898000DDFC206806602020C4F8880000BF0020BD
:1089900084F8840000BF00BFD9E770477047704774
:1089A0002DE9F04704462068C569206806682068FC
:1089B000876840F60F0005EA0009B9F1000F0FD1F2
:1089C00005F0200060B106F0200010B907F08050DB
:1089D00030B1606F10B12046616F8847BDE8F08705
:1089E000B9F1000F7ED0F848384018B9F748304048
:1089F0000028F7D005F0010058B106F4807040B1AE
:108A0000012021680862D4F8900040F00100C4F809
:108A1000900005F0020058B107F0010040B10220BB
:108A200021680862D4F8900040F00400C4F8900077
:108A300005F0040058B107F0010040B1042021689E
:108A40000862D4F8900040F00200C4F8900005F0ED
:108A5000080070B106F0200010B9DB48384040B182
:108A6000082021680862D4F8900040F00800C4F89B
:108A7000900005F4006060B106F0806048B14FF4EA
:108A8000006021680862D4F8900040F02000C4F82B
:108A90009000D4F89000002852D005F0200050B18A
:108AA00006F0200010B907F0805020B1606F10B1BF
:108AB0002046616F8847D4F890A02068806800F055
:108AC0004000402802D00AF0280070B3204601F090
:108AD000F5FD2068806800F04000402826D100BFE6
:108AE00000BF00E02DE02168083151E8001F21F0AF
:108AF00040002168083141E80002002AF1D100BF9E
:108B0000D4F8800068B1B248D4F880100865D4F871
:108B10008000FAF755FC98B1D4F88000016D8847C1
:108B20000EE02046FFF73BFF0AE003E02046FFF798
:108B300036FF05E02046FFF732FF0020C4F8900022
:108B40004CE7E06E01287DD105F01000002879D0B7
:108B500006F010000028FAD0102021680862206872
:108B6000806800F0400040286DD1D4F88000006893
:108B7000984988426BD0D4F8800000689549183134
:108B8000884264D0D4F8800000689249303188422D
:108B90005DD0D4F8800000688E494831884256D0B4
:108BA000D4F8800000688B49603188424FD0D4F8F7
:108BB0008000006887497831884248D0D4F8800026
:108BC000006884499031884241D0D4F88000006820
:108BD0008049A83188423AD0D4F8800000687E49A4
:108BE000884234D0D4F8800000687B49183188422C
:108BF0002DD0D4F88000006877493031884226D0E3
:108C0000D4F8800000687449483188421FD0D4F8F5
:108C10008000006870496031884218D0D4F8800024
:108C200000686D497831884211D0D4F8800000681E
:108C30006949903188420AD0D4F8800000686649BA
:108C4000A83102E0CAE07BE001E0884204D1D4F818
:108C500080000068406803E0D4F880000068406845
:108C60001FFA80F8B8F1000F58D0B4F85C00404506
:108C700054DDA4F85E80D4F88000C069B0F5807F30
:108C800040D000BF00BF216851E8001F21F4807070
:108C9000226842E800010029F5D100BF00BF00BFF3
:108CA0002168083151E8001F21F0010021680831D6
:108CB00041E80002002AF3D100BF00BF00BF2168D5
:108CC000083151E8001F21F040002168083141E8D7
:108CD0000002002AF3D100BF2020C4F88C0000203D
:108CE000E06600BF00BF216851E8001F21F01000BE
:108CF000226842E800010029F5D100BFD4F88000C5
:108D0000FAF7F0F802202067B4F85C00B4F85E20AF
:108D1000801A81B22046FFF7BBFD10E0B4F85C007A
:108D200040450CD1D4F88000C069B0F5807F06D1F1
:108D300002202067B4F85C102046FFF7A9FD4DE63D
:108D400034F85C0F6188401A1FFA80F860885C3C38
:108D5000C8B3B8F1000F36D000BF00BF216851E89A
:108D6000001F21F49070226842E800010029F5D12B
:108D700000BF00BF00BF2168083151E8001F124A40
:108D8000D24301EA02002168083141E80002002ACA
:108D9000F1D100BF2020C4F88C000020E06660679D
:108DA00000BF00BF216851E8001F21F010002268B9
:108DB00042E800010029F5D100BF022020674146AA
:108DC0002046FFF765FD09E60100001020010004C0
:108DD00077A50008100002401004024005F480103E
:108DE00050B107F4800038B14FF480102168086258
:108DF0002046FFF7D3FDF1E505F0800058B106F0FD
:108E0000800010B907F4000028B1A06F10B120460F
:108E1000A16F8847E2E505F0400030B106F0400060
:108E200018B1204601F080FCD8E505F4000030B10F
:108E300006F0804018B12046FFF7AFFDCEE505F003
:108E4000807030B106F0004018B12046FFF746FDB3
:108E5000C4E500BFC2E510B504460CB9012010BD41
:108E6000A06900B100E000BFD4F8880028B9002054
:108E700084F88400204600F02BF82420C4F88800F1
:108E80002068006820F0010021680860A06A10B125
:108E9000204601F07FFA204601F07EFC012800D137
:108EA000DDE72068406820F4904021684860206831
:108EB000806820F02A00216888602068006840F0FF
:108EC000010021680860204601F0E0FAC7E70000D1
:108ED00010B5B6B00446142130A8F7F790FAB821BF
:108EE00002A8F7F78CFA6649206888425FD1012111
:108EF0000020CDE90210209002A8FDF715FD08B171
:108F0000F8F742FB00BF5F48006840F010005D4981
:108F100008600846006800F01000019000BF00BF24
:108F200000BF58481038006840F00100554910391A
:108F300008600846006800F00100019000BF00BF13
:108F40004FF4C06030900220319000203290339076
:108F50000720349030A94C48FBF79EFE4B484C4903
:108F6000086029204860002149488160C1604FF4B1
:108F700080610161002141618161C1614FF4003173
:108F8000016200214162FBF763F908B1F8F7FCFACE
:108F900000BF3F48C4F88000846300BF0022114630
:108FA0002520FCF779F82520FCF762F865E03949BF
:108FB0002068884261D102210020CDE902101F9073
:108FC00002A8FDF7B1FC08B1F8F7DEFA00BF2D48A2
:108FD0000838006840F480202A49083908600846AB
:108FE000006800F48020019000BF00BF00BF25484A
:108FF0001038006840F00200224910390860084625
:10900000006800F00200019000BF00BF4FF4406014
:10901000309002203190002032903390072034901D
:1090200030A91D48FBF738FE184818301B49086066
:109030002D204860002119488160C1604FF4806193
:109040000161002141618161C1614FF480310162A0
:1090500000214162FBF7FCF808B1F8F795FA00BF70
:109060000E48C4F88000846300BF00221146272008
:10907000FCF712F82720FBF7FBFF36B010BD00000D
:1090800000100140F044025800000258280002403D
:109090001C060020004800400004025894060020EE
:1090A000704770472DE9F84F04460E46174699461B
:1090B000D4F88800202854D106B117B90120BDE8A2
:1090C000F88F00205434E06321206063FBF7ECFE4E
:1090D000824627806780543CA068B0F5805F04D149
:1090E000206910B90025B04602E035464FF000086F
:1090F00020E05346002280212046CDF8009001F068
:10910000C3FE20B12020C4F888000320D7E745B96A
:10911000B8F80000C0F308002168886208F102086E
:1091200003E02878216888626D1CB4F85600401E60
:10913000A4F85600B4F856000028DAD153460022AD
:1091400040212046CDF8009001F09EFE20B1202065
:10915000C4F888000320B2E72020C4F8880000206B
:10916000ADE70220ABE7704706E001210348FBF7BB
:109170008BFE6420FBF7E6FCF7E7000000040258D2
:109180008168024A1140491C81607047C0FFFF7F1F
:109190000146886800F4404070470146886800F046
:1091A0001F007047024602F1600000EB810318685F
:1091B00000F0F840704701468868C0F3C00070476F
:1091C0000146886800F0010070470146886800F099
:1091D0000100704701468868C0F30070704701467F
:1091E0008868C0F38000704701468868C0F380003B
:1091F00070470146C86800F4406008B90120704714
:109200000020FCE78168024A1140091D8160704717
:10921000C0FFFF7F826822F0E0720A4382607047DD
:1092200010B5034603F1600404EB8100074CA34230
:1092300005D1046824F000441443046004E0046889
:1092400024F000441443046010BD00000060025884
:109250001FB500200090019002900390FBF7C0FE24
:1092600001208DF8000000208DF801004FF0105013
:10927000019012208DF80800E0208DF809000120EF
:109280008DF80A0003208DF80B0000208DF80C00EB
:109290008DF80D0001208DF80E008DF80F00684646
:1092A000FBF770FE01208DF801004FF0C0400190E7
:1092B0000F208DF8080000208DF809008DF80E00B1
:1092C0006846FBF75FFE02208DF801004FF040502A
:1092D000019000208DF809008DF80A0001208DF81A
:1092E0000E006846FBF74EFE03208DF801004FF09C
:1092F0006050019000208DF80F006846FBF742FE99
:1093000005208DF801004FF04040019018208DF8A5
:10931000080001208DF80A006846FBF733FE0420A0
:10932000FBF774FE1FBD000000B58DB000200A9051
:109330000B900C90242101A8F7F761F828482949DF
:1093400008604FF400204860082126488160002111
:109350000161042141610021017641760121C16151
:10936000002180F820104FF4B06181624FF48061D9
:10937000C162032101630021C163016480F84410CC
:1093800001218164F9F77CF808B1F8F7FDF80020B5
:109390000A900AA91348F8F7B9F908B1F8F7F4F8F0
:1093A00011480190062002900220039040F2FF70C5
:1093B000049004200590002006908DF8250001A956
:1093C0000848F8F755FA08B1F8F7DEF80022114618
:1093D0001220FBF761FE1220FBF74AFE0DB000BD24
:1093E00000200240580200200001802100B589B011
:1093F00024216846F7F703F8124813490860084625
:10940000F9F757FC08B1F8F7BFF8002000900E20DC
:10941000019000200290012003900020049000227F
:1094200069460948F9F702FB08B1F8F7ADF80022E0
:1094300011463620FBF730FE3620FBF719FE09B047
:1094400000BD0000007400404003002008B500BFCC
:109450001648006840F0010014490860084600689A
:1094600000F00100009000BF00BF002211460B2059
:10947000FBF712FE0B20FBF7FBFD002201210C2065
:10948000FBF70AFE0C20FBF7F3FD002211460D202E
:10949000FBF702FE0D20FBF7EBFD002211460E202C
:1094A000FBF7FAFD0E20FBF7E3FD08BDD844025898
:1094B00000B58BB000200790089009900A901C21FD
:1094C0006846F6F79CFF1A481A4908600020486071
:1094D0000121184881600821C160102101614021EB
:1094E00041614FF4C07181610021C1614FF400619D
:1094F00001624900416249008162022000900A2015
:10950000019006200290092003900420049003207B
:1095100005900220069069460648FEF707FF08B14D
:10952000F8F732F807A9034800F0B8FC0BB000BD0B
:1095300040410052CC03002000B587B0142102A89E
:10954000F6F75DFF00BF3D48006840F004003B496E
:1095500008600846006800F00400019000BF00BFEA
:1095600000BF0846006840F0200008600846006818
:1095700000F02000019000BF00BF00BF0846006857
:1095800040F0800008600846006800F0800001900C
:1095900000BF00BF00BF0846006840F0010008603F
:1095A0000846006800F00100019000BF00BF00BF46
:1095B0000846006840F0020008600846006800F0B5
:1095C0000200019000BF00BF00BF0846006840F0E5
:1095D000400008600846006800F04000019000BFAD
:1095E00000BF00BF0846006840F010000860084651
:1095F000006800F01000019000BF00BF00BF0846E7
:10960000006840F0080008600846006800F00800A4
:10961000019000BF00BF012203210948FBF73EFC77
:109620000320029001200390002004900320059065
:1096300002A90348FBF730FB07B000BDE044025825
:109640000004025800B587B0182101A8F6F7D7FE2C
:1096500019481A49086004204860002117488160B1
:10966000C160172101610421416100218161C16153
:109670000162032141624FF0804181620021C16299
:1096800001630821416300218163C163FCF7D6F8BF
:1096900008B1F7F779FF0120019003904FF0011016
:1096A000049041F2883201A90448FBF747FD08B154
:1096B000F7F76AFF07B000BD005000520004002019
:1096C00000B587B0002003900490059006900090AC
:1096D0000190029014481549086018204860002144
:1096E000124881606D21C16000210161802181618A
:1096F000FEF718FF08B1F7F747FF4FF480500390CB
:1097000003A90A48FEF7D2FF08B1F7F73DFF202072
:1097100000900020029069460448FEF791FE08B1CF
:10972000F7F732FF07B000BD000400405C040020E2
:1097300000B587B00020039004900590069000903B
:10974000019002901548164908604FF489704860EE
:109750000021134881600121C16000210161802145
:109760008161FEF7DFFE08B1F7F70EFF4FF480507E
:10977000039003A90A48FEF799FF08B1F7F704FF21
:10978000202000900020029069460548FEF758FE10
:1097900008B1F7F7F9FE07B000BD0000000800406F
:1097A000A804002010B55248524908604FF4E13037
:1097B000486000214F488160C16001610C21416116
:1097C00000218161C16101624162002049498862D2
:1097D0000846FFF740FB08B1F7F7D6FE00214548E1
:1097E000FFF7ACF808B1F7F7CFFE00214148FFF7CB
:1097F00076F808B1F7F7C8FE3E48FEF7F1FF08B16A
:10980000F7F7C2FE80223C493A48FFF710F83B4880
:1098100000683B49884258D03848006838491831B8
:10982000884252D0354800683549303188424CD0A2
:109830003248006832494831884246D02F48006893
:109840002F496031884240D02C4800682C4978313B
:1098500088423AD02948006829499031884234D05A
:10986000264800682649A83188422ED0234800683F
:109870002449884229D02148006822491831884269
:1098800023D01E4800681F49303188421DD01B4834
:1098900000681C494831884217D0184800681949A7
:1098A0006031884211D015480068164978318842E5
:1098B0000BD01248006813499031884205D00F48F8
:1098C00000681049A831884208D10C480068006837
:1098D00020F0080009490968086007E007480068A7
:1098E000006820F0040005490968086010BD000008
:1098F00000100140F4040020000400241C06002095
:10990000100002401004024010B55248524908604D
:109910004FF4E130486000214F488160C16001612F
:109920000C21416100218161C1610162416200201D
:10993000494988620846FFF78EFA08B1F7F724FE16
:1099400000214548FEF7FAFF08B1F7F71DFE002198
:109950004148FEF7C4FF08B1F7F716FE3E48FEF790
:109960003FFF08B1F7F710FE80223C493A48FEF766
:109970005EFF3B4800683B49884258D03848006841
:1099800038491831884252D035480068354930315D
:1099900088424CD03248006832494831884246D02B
:1099A0002F4800682F496031884240D02C48006819
:1099B0002C49783188423AD02948006829499031A9
:1099C000884234D0264800682649A83188422ED0E3
:1099D000234800682449884229D021480068224948
:1099E0001831884223D01E4800681F493031884210
:1099F0001DD01B4800681C494831884217D01848C0
:109A0000006819496031884211D01548006816492C
:109A1000783188420BD0124800681349903188424F
:109A200005D00F4800681049A831884208D10C4879
:109A30000068006820F0080009490968086007E02C
:109A400007480068006820F00400054909680860BC
:109A500010BD0000004800408805002000050024DB
:109A600094060020100002401004024000BFFEE7F0
:109A700000BFFEE7F0B505460020002415B1022D19
:109A800000D809B9012064E000260E604E608E60A7
:109A9000CE600E61022D08D12E4E366806F001060A
:109AA0000EB92D4C01E04FF4007400234FE0294E15
:109AB000361D56F8232002F001063EB102F00206E0
:109AC00004F00207BE4201D15E1C0E6002F01006D7
:109AD0003EB102F0200604F02007BE4201D15E1C18
:109AE0004E6002F480763EB102F4007604F4007712
:109AF000BE4201D15E1C8E6002F480368EB102F44B
:109B0000802604F48027BE420BD102F4003626B929
:109B10005E1C46F48036CE6003E05E1C46F0807624
:109B2000CE6002F080768EB102F0806604F080672D
:109B3000BE420BD102F0007626B95E1C46F4803698
:109B40000E6103E05E1C46F080760E615B1C022B0A
:109B5000ADD3F0BD00B40052220204042DE9F0415F
:109B600004460E4617469846069D12E0681C80B1D2
:109B7000FBF79AF9A0EB0800A84200D84DB94FF4C2
:109B800000702065606D40F0010060650120BDE857
:109B9000F0812068006A304008B1012000E0002018
:109BA000B842E3D10020F2E7704700B5AFB0B8216A
:109BB0006846F6F724FC4FF000410020CDE9001084
:109BC00015906846FCF7B0FE08B1F7F7DDFC2FB042
:109BD00000BD00002DE9F04104460E46002755481F
:109BE000006800F00300032802D10120BDE8F081E5
:109BF00050482838006820F080604E4928390860B5
:109C0000FBF752F9054606E0FBF74EF9401B022828
:109C100001D90320EAE7474828380068C0F3C0604C
:109C20000028F1D100BF4348006820F47C3021684F
:109C300040EA01303F490860A088401EC0F3080098
:109C4000A168491E4FF47E4202EA41210843A189DE
:109C5000491ED20102EA01410843217C491E120239
:109C600002EA0161084333491031086000BF3148FE
:109C7000001D006820F0C000616908432D49091DDE
:109C800008600846006820F02000A16908432949BF
:109C9000091D08600846006820F01000086025488B
:109CA000143000684FF6F8718843E16940EAC1005A
:109CB0002049143108601F48001D006840F0100062
:109CC0001C49091D08602EB90846006840F40020B0
:109CD000086012E0012E08D11648001D006840F40B
:109CE00080101449091D086007E01248001D006833
:109CF00040F400100F49091D08600E48283800681C
:109D000040F080600B4928390860FBF7CDF8054624
:109D100006E0FBF7C9F8401B022801D9032065E7DC
:109D2000044828380068C0F3C0600028F1D03846E5
:109D30005CE70000284402582DE9F04104460E4635
:109D400000275548006800F00300032802D10120D5
:109D5000BDE8F08150482838006820F080504E4916
:109D600028390860FBF7A0F8054606E0FBF79CF8E9
:109D7000401B022801D90320EAE747482838006839
:109D8000C0F340700028F1D100BF4348006820F0C4
:109D90007C70218840EA01503F490860A088401E3D
:109DA000C0F30800A168491E4FF47E4202EA412137
:109DB0000843A189491ED20102EA01410843217CDE
:109DC000491E120202EA0161084333491831086052
:109DD00000BF3148001D006820F4406061690843FD
:109DE0002D49091D08600846006820F40070A1692B
:109DF00008432949091D08600846006820F480705E
:109E0000086025481C3000684FF6F8718843E16906
:109E100040EAC10020491C3108601F48001D00684D
:109E200040F480701C49091D08602EB9084600687E
:109E300040F48000086012E0012E08D11648001D91
:109E4000006840F400001449091D086007E012484A
:109E5000001D006840F080700F49091D08600E4821
:109E60002838006840F080500B4928390860FBF71B
:109E70001BF8054606E0FBF717F8401B022801D93E
:109E8000032065E7044828380068C0F340700028C4
:109E9000F1D038465CE700002844025838B5054642
:109EA0000C460020009001202060102060600120FE
:109EB000A0600020E0604FF6FF7221462846FEF7C2
:109EC0007DFA6420FAF73EFE0220206010206060D8
:109ED0000120A0600020E0604FF6FF722146284676
:109EE000FEF76CFA03202060102060600820A0605C
:109EF0000020E0604FF6FF7221462846FEF75EFA2A
:109F00004FF40C700090042020601020606001204D
:109F1000A0600098E0604FF6FF7221462846FEF7E9
:109F20004DFA40F21E412846FEF72DFA38BD0000DA
:109F300008B50F48006840F0C0400D49086000BFF8
:109F40000B480838006840F4805009490839086017
:109F50000846006800F48050009000BF00BF00BFBA
:109F600000BF00BFBFF34F8F00BF00BF00BF08BDE1
:109F7000DC440258704710B5FAF79CFF10BD000092
:109F800000B59DB04C210AA8F6F739FA202102A8A5
:109F9000F6F735FA0220FBF767FD00BF00200190BD
:109FA0002648006820F440402449086008460068BC
:109FB00000F44040019000BF00BF00BF1F48006890
:109FC00000F40050B0F5005FF8D102200A900120A3
:109FD0000D9040200E900220139000211491042136
:109FE00015912221169101211791022118911991A1
:109FF0000C211A9100211B914FF440611C910AA879
:10A00000FDF7E6FD08B1F7F7BFFA3F200290032005
:10A0100003900020049008200590402006900790AF
:10A020000001089040200990032102A8FDF7E0FA02
:10A0300008B1F7F7A9FA1DB000BD00001848025892
:10A040003A48006840F470003849086038480068B1
:10A0500000F00F00072806D23548006820F00F00F6
:10A06000C01D334908603348006840F001003149A1
:10A07000086000202F49103108602E4800682E49E2
:10A0800008402C4908602A48006800F00F000728A3
:10A0900006D92748006820F00F00C01D2449086039
:10A0A0000020244918310860091D0860091D086056
:10A0B00022482049283108602148091D08602148AC
:10A0C000091D08600020091D08601E48091D086060
:10A0D0000020091D08601B48091D08600020091D9B
:10A0E00008601448006820F48020124908600020AD
:10A0F0001049603108600F48D430006800F4805087
:10A1000098B90C48D430006840F480500949D431E3
:10A11000086043F2D2000C4908600648D430006859
:10A1200020F480500349D4310860704788ED00E086
:10A1300000200052004402587FEDF6EA00020202BD
:10A140000000FF01800201010040005210B50248EA
:10A15000F8F76EFD10BD00004003002010B5026846
:10A160002E4B98420ED0B0F1804F0BD02C4B984222
:10A1700008D02C4B984205D02B4B984202D02B4B49
:10A18000984203D122F070024B681A43234B984245
:10A190001DD0B0F1804F1AD0214B984217D0214BDF
:10A1A000984214D0204B984211D0204B98420ED0A8
:10A1B0001F4B98420BD01F4B984208D01E4B984221
:10A1C00005D01E4B984202D01D4B984203D122F479
:10A1D0004072CB681A4322F080034C6943EA0402C0
:10A1E0008B68C3620B6883620C4B98420BD00F4B99
:10A1F000984208D00E4B984205D00E4B984202D0A0
:10A200000D4B984201D10B690363036843F00403CB
:10A21000036001234361026010BD000000000140A3
:10A220000004004000080040000C00400004014011
:10A2300000400140004401400048014000E000406F
:10A2400000E4004030B50C46816821F47F4142EAC9
:10A25000032525432943816030BD00000A468168FB
:10A26000034B194042F00703194381607047000017
:10A270008FFFCFFF30B50B461446026A056A25F002
:10A2800001050562816921F0F00141EA041122F023
:10A290000A021A438161026230BD30B50B46144692
:10A2A000026A056A25F010050562816921F4704192
:10A2B00041EA043122F0A00242EA03128161026203
:10A2C00030BD00000FB410B5A2B025A8019002A8BF
:10A2D000019A249900F038FF0020019002A8F6F7B7
:10A2E00099F884B24FF0FF33224602A90348FEF7E3
:10A2F000D9FE22B010BC5DF814FB0000F40400206D
:10A300000FB410B5A2B025A8019002A8019A249913
:10A3100000F01AFF0020019002A8F6F77BF884B243
:10A320004FF0FF33224602A90348FEF7BBFE22B0DE
:10A3300010BC5DF814FB00008805002070B5456E68
:10A340002DB90125A0F86A50A0F868501CE0102330
:10A3500010240568AD68C5F342610568AD686A0FF1
:10A360000A4DAD5C15FB04F5094EB65C95FBF6F5A0
:10A37000A0F86A50054D6D5C15FB03F5044E765C44
:10A3800095FBF6F5A0F8685070BD0000F4C4000815
:10A39000FCC4000890F8281001F00801082907D132
:10A3A0000168496821F40041826B114302685160E1
:10A3B00090F8281001F0010139B10168496821F4D1
:10A3C0000031C26A11430268516090F8281001F010
:10A3D0000201022907D10168496821F48031026B2A
:10A3E00011430268516090F8281001F0040104291B
:10A3F00007D10168496821F48021426B114302684A
:10A40000516090F8281001F01001102907D101685F
:10A41000896821F48051C26B11430268916090F801
:10A42000281001F02001202907D10168896821F452
:10A430000051026C11430268916090F8281001F0FD
:10A440004001402913D10168496821F48011426C10
:10A45000114302685160416CB1F5801F07D101685A
:10A46000496821F4C001826C11430268516090F880
:10A47000281001F08001802907D10168496821F482
:10A480000021C26C114302685160704738B5044620
:10A490000020C4F89000FAF707FD05462068006820
:10A4A00000F00800082821D16FF07E402B460022E2
:10A4B0004FF400110090204600F0E6FCB0B100BF60
:10A4C00000BF216851E8001F21F08000226842E8A7
:10A4D00000010029F5D100BF2020C4F8880000BF8A
:10A4E000002084F8840000BF032038BD2068006885
:10A4F00000F00400042830D16FF07E402B4600228B
:10A500004FF480010090204600F0BEFC28B300BF4D
:10A5100000BF216851E8001F21F49070226842E8D2
:10A5200000010029F5D100BF00BF00BF216808313C
:10A5300051E8001F21F001002168083141E80002C4
:10A54000002AF3D100BF2020C4F88C0000BF0020F7
:10A5500084F8840000BF0320C7E72020C4F88800E7
:10A56000C4F88C000020E066206700BF84F88400F7
:10A5700000BF00BFB9E770B50446A56B0020A5F881
:10A580005E002846FEF70BFA70BD2DE9F041054646
:10A59000AC6BD4F88860D4F88C702068806800F0C8
:10A5A0008000802807D1212E05D10020A4F8560074
:10A5B000204600F0D1F82068806800F04000402874
:10A5C00007D1222F05D10020A4F85E00204600F01C
:10A5D00075F8D4F8900040F01000C4F890002046C0
:10A5E000FEF7DDF9BDE8F08170B50546AC6BE869B2
:10A5F000B0F5807F40D00020A4F85E0000BF00BF0F
:10A60000216851E8001F21F48070226842E80001AF
:10A610000029F5D100BF00BF00BF2168083151E813
:10A62000001F21F001002168083141E80002002AE2
:10A63000F3D100BF00BF00BF2168083151E8001FFF
:10A6400021F040002168083141E80002002AF3D1DE
:10A6500000BF2020C4F88C00E06E01280CD100BFA0
:10A6600000BF216851E8001F21F01000226842E875
:10A6700000010029F5D100BF00202067E06E01280D
:10A6800005D1B4F85C102046FEF702F902E020463E
:10A69000FEF706FD70BD70B50546AC6B0120206766
:10A6A000E06E012806D1B4F85C0041082046FEF7B0
:10A6B000EFF802E02046FEF7F4FC70BD00BF00BFDB
:10A6C000026852E8002F22F49071036843E80012F8
:10A6D000002AF5D100BF00BF00BF0268083252E86F
:10A6E000002F104B02EA03010268083242E800130F
:10A6F000002BF2D100BFC16E01290CD100BF00BFF9
:10A70000026852E8002F22F01001036843E80012AB
:10A71000002AF5D100BF2021C0F88C100021C166AD
:10A7200041677047FEFFFFEF10B5044600BF00BF52
:10A73000216851E8001F21F04000226842E8000132
:10A740000029F5D100BF2020C4F888000020A067B0
:10A750002046FEF708FD10BD00BF00BF026852E8AA
:10A76000002F22F0C001036843E80012002AF5D14F
:10A7700000BF00BF00BF0268083252E8002F22F479
:10A7800000010268083242E80013002BF3D100BF39
:10A790002021C0F8881070472DE9F04F89B0054698
:10A7A00000200890F8492868884200D100E000BFE6
:10A7B0002969A868084369690843E96940EA01080A
:10A7C00028680068F149084040EA080029680860E4
:10A7D0002868406820F44050E968084329684860C8
:10A7E000D5F81880E8492868884202D0286A40EAEB
:10A7F000080828688068E649084040EA0800296897
:10A8000088602868C06A20F00F00696A08432968D8
:10A81000C86200BFDF492868884220D1DE4800684E
:10A8200000F03800182811D005DC48B1082809D0FC
:10A83000102811D108E020280AD028280CD109E0DE
:10A8400001240BE0042409E0082407E0102405E0BB
:10A85000202403E0402401E0802400BF42E1CF49EE
:10A860002868884219D1CC48006800F00700062803
:10A8700010D2DFE800F0030507090B0D00240BE000
:10A88000042409E0082407E0102405E0202403E064
:10A89000402401E0802400BF24E1C14928688842A7
:10A8A00019D1BD48006800F00700062810D2DFE883
:10A8B00000F0030507090B0D00240BE0042409E058
:10A8C000082407E0102405E0202403E0402401E0F0
:10A8D000802400BF06E1B3492868884219D1AE48F8
:10A8E000006800F00700062810D2DFE800F003053A
:10A8F00007090B0D00240BE0042409E0082407E0FD
:10A90000102405E0202403E0402401E0802400BF5F
:10A91000E8E0A5492868884219D19F48006800F0FE
:10A920000700062810D2DFE800F0030507090B0D29
:10A9300000240BE0042409E0082407E0102405E0CB
:10A94000202403E0402401E0802400BFCAE09749AE
:10A950002868884220D19048006800F03800182804
:10A9600011D005DC48B1082809D0102811D108E021
:10A9700020280AD028280CD109E001240BE0042467
:10A9800009E0082407E0102405E0202403E0402427
:10A9900001E0802400BFA5E085492868884219D1DC
:10A9A0007D48006800F00700062810D2DFE800F0BC
:10A9B000030507090B0D00240BE0042409E008241B
:10A9C00007E0102405E0202403E0402401E0802477
:10A9D00000BF87E077492868884219D16E4800682F
:10A9E00000F00700062810D2DFE800F00305070991
:10A9F0000B0D00240BE0042409E0082407E01024D8
:10AA000005E0202403E0402401E0802400BF69E049
:10AA100069492868884220D15F48006800F0380002
:10AA2000182811D005DC48B1082809D0102811D108
:10AA300008E020280AD028280CD109E001240BE0E6
:10AA4000042409E0082407E0102405E0202403E0A2
:10AA5000402401E0802400BF44E05849286888422F
:10AA600020D14D48006800F03800182811D005DCCE
:10AA700048B1082809D0102811D108E020280AD0B0
:10AA800028280CD109E001240BE0042409E0082463
:10AA900007E0102405E0202403E0402401E08024A6
:10AAA00000BF1FE03849286888421AD13A48001D83
:10AAB000006800F00700062810D2DFE800F0030568
:10AAC00007090B0D02240BE0042409E0082407E029
:10AAD000102405E0202403E0402401E0802400BF8E
:10AAE00000E0802400BF2849286888424BD1102C00
:10AAF0001AD006DC022C09D0042C0BD0082C29D14A
:10AB00000DE0202C21D0402C24D120E0FAF7DCFFEE
:10AB1000064623E005A8FBF701F9069E1EE002A801
:10AB2000FBF714FA039E19E01B4854380068C0F381
:10AB3000401040B1184854380068C0F3C1012048A3
:10AB400020FA01F600E01E4E08E01E4E06E04FF42B
:10AB5000004603E000260120089000BF00BF002E41
:10AB600010D01949686A31F81000B6FBF0F968682E
:10AB700000EB4000484503D868680003484525D2EB
:10AB80000120089007E153E0000C0058F369FFCF63
:10AB9000FFF4FF11001001405444025800440040EB
:10ABA00000480040004C00400050004000140140AC
:10ABB00000780040007C004000180140001C01406B
:10ABC0000090D00300093D00DCC400087849686AA1
:10ABD00031F810C06246002330461946F5F796FB5F
:10ABE0004FF4807C00220346A3FB0C0B01FB0CB14D
:10ABF00003FB02136968490884461CEB010143EB1F
:10AC00000200CDE90010D5F804C0624600230846D2
:10AC10000199F5F77BFB0746B7F5407F05D3B7F5FC
:10AC2000801F02D22868C760B5E001200890B2E01A
:10AC3000E869B0F5004F5BD1082C1AD005DC5CB197
:10AC4000012C0DD0042C2DD10EE0102C16D0202C70
:10AC500023D0402C26D122E0FCF780FE064625E0DA
:10AC6000FCF78EFE064621E005A8FBF757F8069E86
:10AC70001CE002A8FBF76AF9039E17E04D48006844
:10AC8000C0F3401038B14B480068C0F3C1014A48D6
:10AC900020FA01F600E0484E08E0484E06E04FF486
:10ACA000004603E000260120089000BF00BF7EB3ED
:10ACB0003F49686A31F81000B6FBF0F0400069685F
:10ACC00000EB5100B0FBF1F7102F0ED3B7F5803F2A
:10ACD0000BD24FF6F07007EA000AC7F342004AEAC7
:10ACE000000A2868C0F80CA055E00120089052E046
:10ACF000082C1BD005DC64B1012C0ED0042C2ED105
:10AD00000FE0102C17D0202C24D0402C27D123E08A
:10AD100041E0FCF723FE064625E0FCF731FE06463F
:10AD200021E005A8FAF7FAFF069E1CE002A8FBF74F
:10AD30000DF9039E17E01F480068C0F3401038B1BA
:10AD40001C480068C0F3C1011B4820FA01F600E06E
:10AD5000194E08E0194E06E04FF4004603E00026C5
:10AD60000120089000BF00BFAEB11149686A31F8F8
:10AD70001000B6FBF0F0696800EB5100B0FBF1F792
:10AD8000102F06D3B7F5803F03D2B8B22968C86048
:10AD900001E0012008900120A5F86A00A5F86800EC
:10ADA00000206867A867089809B0BDE8F08F000028
:10ADB000DCC40008004402580090D00300093D00A4
:10ADC00070B504460E46154644F8586FA58000201D
:10ADD000A06322206063A06A583CF8B12748241D74
:10ADE000E16FC8632648E16F08642648E16FC864D4
:10ADF0000020E16F086554F8043C03F12401626D02
:10AE0000E06F241F2B46F9F7ADFC38B11020C4F8D1
:10AE100090002020C4F88C00012070BD206960B132
:10AE200000BF00BF216851E8001F41F48070226814
:10AE300042E800010029F5D100BF00BF00BF216832
:10AE4000083151E8001F41F001002168083141E854
:10AE50000002002AF3D100BF00BF00BF2168083103
:10AE600051E8001F41F040002168083141E800022C
:10AE7000002AF3D100BF0020CFE70000E9A50008B9
:10AE800097A600088BA500082DE9F04104460D4661
:10AE900017469846069E41E0701C00283ED0FAF7FF
:10AEA00003F8A0EB0800B04200D816B90320BDE8B3
:10AEB000F0812068006800F0040070B3802D2DD070
:10AEC000402D2BD02068C069C0F3C00078B10820A5
:10AED000216808622046FFF7F1FB0820C4F89000C3
:10AEE00000BF002084F8840000BF0120DFE7206855
:10AEF000C069C0F3C02080B14FF4006021680862CF
:10AF00002046FFF7DBFB2020C4F8900000BF0020A4
:10AF100084F8840000BF0320C9E7FFE72068C06908
:10AF20002840A84201D1012000E00020B842B3D05F
:10AF30000020BCE710B53C48FDF732FD80223B49BC
:10AF40003948FDF774FC3A4800683A49884258D0BD
:10AF50003748006837491831884252D03448006871
:10AF60003449303188424CD0314800683149483149
:10AF7000884246D02E4800682E496031884240D031
:10AF80002B4800682B49783188423AD0284800681D
:10AF900028499031884234D0254800682549A83195
:10AFA00088422ED0224800682349884229D0204870
:10AFB000006821491831884223D01D4800681E4985
:10AFC000303188421DD01A4800681B4948318842F8
:10AFD00017D01748006818496031884211D01448CA
:10AFE00000681549783188420BD011480068124931
:10AFF0009031884205D00E4800680F49A831884238
:10B0000008D10B480068006820F00800084909686A
:10B01000086007E006480068006820F00400044962
:10B020000968086010BD0000F4040020000400243A
:10B030001C060020100002401004024010B53C48DD
:10B04000FDF7AEFC80223B493948FDF7F0FB3A485A
:10B0500000683A49884258D0374800683749183163
:10B06000884252D0344800683449303188424CD04C
:10B070003148006831494831884246D02E4800683E
:10B080002E496031884240D02B4800682B497831E6
:10B0900088423AD02848006828499031884234D004
:10B0A000254800682549A83188422ED022480068EA
:10B0B0002349884229D02048006821491831884214
:10B0C00023D01D4800681E49303188421DD01A48DF
:10B0D00000681B494831884217D017480068184952
:10B0E0006031884211D0144800681549783188428F
:10B0F0000BD01148006812499031884205D00E48A3
:10B1000000680F49A831884208D10B4800680068E0
:10B1100020F0080008490968086007E00648006850
:10B12000006820F0040004490968086010BD0000B0
:10B13000880500200005002494060020100002402D
:10B140001004024000BFFEE737B514460846064B20
:10B150006A46214600F064FC04466946002000F07F
:10B16000F6FF20463EBD00004FC1000803B4019821
:10B170004100009850EAC12018BF04204A0D18BFB2
:10B1800040F0010040F2FF72B2EB515F08BF40F0A7
:10B190000200012808BF052002B07047024800687D
:10B1A000C0F30220704700000CED00E010B500284D
:10B1B00004DB0A07130E054A135406E00A07140EAF
:10B1C000034A00F00F031B1FD45410BD00E400E03D
:10B1D00018ED00E00000000010B529499FED261B86
:10B1E0002DED020B84B0059820F000408842D8BFB6
:10B1F0009DED040B2DDD2349884209D1049840B907
:10B200004FF0010000F044FB00F01AFB06B010BD47
:10B2100005DB9DED040B30EE000B06B010BD68465B
:10B220009DED040B00F088F810F0030004BF9DEDC5
:10B23000021B9DED000B0CD001280ED09DED021BD2
:10B240009DED000B022810D0012000F0A5FA06B0F9
:10B2500010BD00F0F9F906B010BD9DED021B9DED8B
:10B26000000B012000F098FA01E000F0EDF906B0C3
:10B27000B1EE400B10BD0000000000000000000017
:10B28000FB21E93F0000F07F10B529499FED261B07
:10B290002DED020B84B0059820F000408842DCBF01
:10B2A00000209DED040B2EDD2249884209D104982F
:10B2B00040B94FF0010000F0EBFA00F0C1FA06B01F
:10B2C00010BD05DB9DED040B30EE000B06B010BD8C
:10B2D00068469DED040B00F02FF810F003000DD030
:10B2E000012814D09DED021B9DED000B022816D005
:10B2F00000F0AAF906B0B1EE400B10BD9DED021BA7
:10B300009DED000B012000F047FA06B010BD9DED49
:10B31000021B9DED000B00F097F906B010BD012057
:10B3200000F03AFAE6E7000000000000000000002C
:10B33000FB21E93F0000F07F2DE9F14F04462DEDA0
:10B34000020B2DED048B94B09FED9D0B80ED020B55
:10B35000199E9D4826F0004585420ADC9DED180B9C
:10B36000002084ED000B14B0BDEC048B03B0BDE8ED
:10B37000F08F96489FED969B9FED978BA84225DD19
:10B3800097489FED991B9FED9A2B9DED180B002E72
:10B390000DDD30EE490B854212BF30EE480B30EE2A
:10B3A000410B30EE420B84ED000B0120DBE730EE69
:10B3B000090B854212BF30EE080B30EE010B30EE68
:10B3C000020B84ED000B4FF0FF30CCE78A48A84217
:10B3D00053DB9DED180B51EC100B00F0BDFE41EC62
:10B3E000100BB0EE401B9FED862B9FED870B290DB8
:10B3F000DFF81CC201EE020B0120FDEEC00B10EEC7
:10B40000903A00EE903AB8EEE02BB0EE410B02EE2F
:10B41000490B22EE081BFC44032830EE411B84ED4F
:10B42000001B1DD011EE902A00EB4015113DC2F318
:10B430000A528A1A954213DA0CEB0012B0EE403B26
:10B4400092ED000B401C20EE021B33EE410B33EE5D
:10B45000403B33EE411B92ED023B12EE031BDBE758
:10B46000002EA8BF1846BFF67EAF94ED000B5842E1
:10B47000B1EE400B84ED000B75E7C6F3130040F40A
:10B48000801EC6F30A50A0F2F530471100F01F05E8
:10B49000C5F12000DDF860B01390002008900990FD
:10B4A00005200DF1080C5B49002D07EB00027944E3
:10B4B00008BF51F8221009D051F8223001EB820167
:10B4C000AB404A68139922FA01F11943A1FB0E26F9
:10B4D000A1FB0B131A449A4234BF0123002303EB50
:10B4E00006080CEB8003D3E901A60E448E4234BF5C
:10B4F0000121002192448A4411B1924502D903E00E
:10B50000924501D2012100E00021C3E901A6414496
:10B510004CF82010011EA0F10100C4DC04989DED40
:10B52000050A00F10050810F04989FED3B4B80000D
:10B5300001EE100ADDED060A9DED072AB8EEC13BCB
:10B54000B8EE401BB8EE600BB8EE422B002021EEA7
:10B55000041B9FED334B20EE040B9FED334B22EE8B
:10B56000042B30EE024B34EE014B34EE034B8DEDE9
:10B57000004B00909DED004B199834EE433B10F0CA
:10B58000004F33EE411B31EE400B32EE401B9DED80
:10B59000000B9FED272B20EE020B9FED272B01EEDA
:10B5A000020B9DED001B9FED262B01EE020B1CBF35
:10B5B0004942B1EE400B84ED000B0846D3E6000093
:10B5C0000000000000000000FB21E93F7CD90240A0
:10B5D00000004054FB21F93F3163621A61B4D03D51
:10B5E000FB21F93F000000000000601A61B4D03D6B
:10B5F0007370032E8A19A33BFB2139410000000020
:10B6000083C8C96D305FE43F000000000000E03FE8
:10B610002E110000C6100000000000000000103EC7
:10B62000000000000000103C000000000000103A84
:10B630003326A611460B113C182D4454FB21F93D2D
:10B6400000000054FB21F93D10B52DED040B2DED4C
:10B65000068B82B0B0EE41AB09989FED299B20F09C
:10B660000044B4F1795F0FDA9DED080BBDEEC00B1D
:10B6700010EE100A002801BFB0EE490B02B0BDEC7D
:10B68000068B04B008BF10BD9DED080B1E480621B7
:10B6900020EE008BB0EE480B784400F045F820EE29
:10B6A000080B9DED081B1C48844228EE000B01EEA0
:10B6B0004A0B9FED171B28EE011BBCBF31EE400B60
:10B6C00039EE400B16DB1548A042BCBF9FED142B92
:10B6D0008DED002B06DBA4F50010019000200090FA
:10B6E0009DED002B31EE421B39EE422B31EE400B2B
:10B6F00032EE400B02B0BDEC068B04B010BD000072
:10B70000000000000000F03F7C0E00000000000080
:10B71000000000000000E03F3333D33F0000E93F6A
:10B72000000000000000D23F491E00EBC102B0EE55
:10B73000401B92ED000B31F006020DD0491E00EBCC
:10B74000C102B0EE403B92ED002B31F00602B0EEAC
:10B75000420B03EE010BF1D1022914D004290AD0C7
:10B76000062918BF704790ED0A2B00EE012B90EDD3
:10B77000080B02EE010B90ED062B00EE012B90ED75
:10B78000040B02EE010B90ED022B00EE012B90ED6D
:10B79000000B02EE010B704731B504462DED040B92
:10B7A0002DED068BB0EE419B07989DED060B20F02A
:10B7B0000040B0F1795F0DDA51EC100BFFF7D6FCC9
:10B7C000042808BF00F048F89DED060BBDEC068B81
:10B7D00005B030BD20EE008B1348052128EE00ABEC
:10B7E000B0EE480B7844FFF79FFF9FED111B8CB123
:10B7F0009FED112B29EE022B0AEE402B9DED060B3F
:10B8000018EE029B0AEE419B30EE490BBDEC068B15
:10B8100005B030BD08EE001B9DED060B0AEE010BD6
:10B82000BDEC068B05B030BD280E00000000000006
:10B83000495555555555C5BF000000000000E03F73
:10B840009FED031B81EE010B70470000000000001C
:10B8500000000000000000009FED030B20EE000B35
:10B860007047000000000000000000000000001011
:10B8700002E008C8121F08C1002AFAD170477047B9
:10B88000002001E001C1121F002AFBD17047000017
:10B890000149086070470000540200202DE9FF5F55
:10B8A00082B00021DDE90430020DDDF840B0034331
:10B8B00018D044F61050A2F2FF32424315141198EA
:10B8C00001281FD0A5EB0B00401C5FEA000A4FF0D7
:10B8D00000064E4FDFF83891B046504615D5CAF1F4
:10B8E000000413E0119801244AA3012801D16FEA52
:10B8F0000B010298119AC0E90031C0E9024206B07A
:10B90000BDE8F09FCBF10000DFE704460021404A8C
:10B91000491842EB0450CDE9001012E0E00707D0CF
:10B9200032463B4640464946F4F756FE8046894635
:10B9300032463B4610461946F4F74EFE06460F4681
:10B940006410002CEAD1DDE90401DDE90023BAF13D
:10B95000000F06DAF4F740FE42464B46F4F73CFE91
:10B9600005E0F4F7ABFE42464B46F4F7A7FE04466B
:10B970000E460022284BF4F729FF03D84FF0FF3082
:10B98000014607E00022254B20463146F4F77DFDB5
:10B99000F4F703FF102409E0002C0ADB0A2200233D
:10B9A000F4F7B4FC039B30321A55641E50EA0102CE
:10B9B000F2D1641C039AC4F111031444119A012AB0
:10B9C00003D0012208430DD10AE0084304D000202F
:10B9D0004FF0110B119072E7A3EB0B056D1E0DE0FC
:10B9E0005B4504DD4FF0000205F1010504E003DAD8
:10B9F0004FF00002A5F10105002AECD00298119940
:10BA0000C0E90231C0E9004579E7000000001440B8
:10BA10000000F03F300000000000F0430000E03F75
:10BA20002DE9FF4F95B09B468946064600250FE25B
:10BA3000252877D100242746F84A0121059400E003
:10BA4000044316F8013F203B01FA03F01042F7D1FE
:10BA500030782A2811D06FF02F033078A0F130020F
:10BA6000092A16D8059A44F0020402EB820203EB7D
:10BA700042021044761C0590EFE759F8042B05921A
:10BA8000002A03DA504244F40054059044F00204C2
:10BA9000761C30782E2816D116F8010F44F00404D5
:10BAA0002A280DD06FF02F023078A0F13003092B37
:10BAB00009D807EB870302EB4303C718761CF3E7AB
:10BAC00059F8047B761C30786C280FD006DC4C28A3
:10BAD00017D068280DD06A2814D104E0742810D03B
:10BAE0007A280FD10DE044F400140AE044F48014E5
:10BAF00001E044F440147278824202D104F58014CB
:10BB0000761C761C307866280BD013DC582877D04A
:10BB100009DC002875D04528F6D04628F4D04728FF
:10BB20001AD19DE118E0632835D0642879D06528C2
:10BB300012D195E1702873D008DC6728F1D069280C
:10BB40006FD06E280DD06F2806D1B5E073282CD0A9
:10BB5000752875D0782874D05A46179990476D1C6F
:10BB600075E1C4F30250022809D003280DD0D9F89A
:10BB7000001004280DD00D6009F1040967E1D9F81F
:10BB80000010EA17C1E90052F6E7D9F800100D805D
:10BB9000F2E70D70F0E719F8041B8DF80010002093
:10BBA0008DF80100EA46012003E059F804AB4FF09C
:10BBB000FF3061074FF0000102D40DE008F10101F0
:10BBC0008846B9420FDA8045F8DB1AF808100029D8
:10BBD000F4D108E008F1010188468142FADB1AF845
:10BBE00008100029F6D105985B46A0EB080721460E
:10BBF0003846179A00F094FA284400EB080507E04D
:10BC00004DE029E10DE01AF8010B5A4617999047CB
:10BC1000B8F10108F7D25B4621463846179A13E17E
:10BC200042E00A220092C4F302524FF0000A022AB4
:10BC300008D059F804CB032A4FEAEC710AD00DE082
:10BC400029E02AE009F1070121F00702F2E802C128
:10BC5000914609E00FFA8CFC4FEAEC71042A03D1FB
:10BC60004FFA8CFC4FEAEC71002907DA0A460021F2
:10BC7000DCF1000C61EB02012D2202E0220504D56B
:10BC80002B228DF80420012203E0E20701D02022BC
:10BC9000F7E7904659E00A2102E010220DE010215A
:10BCA0004FF0000A00910BE010224FF0000A44F020
:10BCB00004040827009203E008224FF0000A0092D3
:10BCC000C4F30252022A05D059F804CB0021032AFA
:10BCD00008D009E009F1070121F00702F2E802C1EA
:10BCE000914605E01FFA8CFC042A01D10CF0FF0CF0
:10BCF0004FF00008220728D5702806D0009B83F05B
:10BD0000100353EA0A0305D00EE040228DF8042008
:10BD1000012208E05CEA010206D030228DF80420FE
:10BD20008DF8050002229046009B83F0080353EA39
:10BD30000A030AD15CEA010201D1620705D530226B
:10BD40008DF804204FF001087F1E582804D034A03D
:10BD500003900EA802900DE036A0F9E75346604626
:10BD6000009AF4F7D3FA84460398825C0298401E46
:10BD7000029002705CEA0100F0D1029806A9081A4C
:10BD800000F1200A600702D524F4803400E0012786
:10BD9000574502DDA7EB0A0000E0002000EB0A0196
:10BDA000009005984144401A0590E00306D45B4694
:10BDB0002146179A059800F0B3F90544002706E0DC
:10BDC00001A85A46C05D179990476D1C7F1C4745D6
:10BDD000F6DBE0030CD55B462146179A059800F088
:10BDE0009FF9054404E030205A46179990476D1C8E
:10BDF0000099481E00900029F5DC08E0029802999D
:10BE00005A460078491C0291179990476D1CBAF167
:10BE10000001AAF1010AF1DC65E100000928010036
:10BE200030313233343536373839616263646566B0
:10BE30000000000030313233343536373839414272
:10BE4000434445460000000000F058F90544761CC4
:10BE5000307800287FF4ECAD19B02846BDE8F08FAB
:10BE6000620700D4062709F1070222F0070CFCE85C
:10BE70000223E14603F000485FEA080C02D00FF20B
:10BE8000702C0DE05FEA045C02D50FF2682C07E02D
:10BE90005FEAC47C02D00FF2602C01E0AFF2700CBC
:10BEA0004FF0FF3823F00043CDF850C065280CD088
:10BEB00006DC452809D046281DD047283DD13DE065
:10BEC000662818D067287ED138E00021112F01DBC9
:10BED000112000E0781CCDE9000106A90EA8FFF7AB
:10BEE000DDFCDDE90F010E9A03910021009207F1BC
:10BEF000010A04914DE04FF000400097CDE9011098
:10BF000006A90EA8FFF7CAFCDDE90F0203920E9BFB
:10BF100011990022DDF80CA00093049211B9791C4C
:10BF200000EB010AB7EB0A0004D4C0F1FF3007F1BF
:10BF3000010A0490AAEB0700019044E0012F00DA07
:10BF400001270021112F01DD112000E03846CDE945
:10BF5000000106A90EA8FFF7A1FCDDE90F010E9A6A
:10BF60000391002104910092BA4621070CD4039951
:10BF7000514500DA8A46BAF1010F05DD009AAAF1AF
:10BF80000101515C302908D0B84202DA10F1040FE7
:10BF900006DA0121CDE9011015E0AAF10101E9E776
:10BFA000002805DC049901440491AAEB000102E099
:10BFB000411C514500DD8A460499401A401C0190FD
:10BFC0004FF000400290200704D40198504501DB57
:10BFD000CDF8048000208DF84F0002980DF14F0736
:10BFE000B0F1004F25D02B200E9002984FF00208A0
:10BFF00000280CDA404202902D200E9007E00A2122
:10C000000298F4F71CFA3031029007F8011DB8F1DC
:10C010000001A8F10108F2DC02980028EFD1791E96
:10C020000E980870307800F0200040F0450007F8C6
:10C03000020D12A8C01B00F107081498007800B187
:10C04000012000EB0A01019801EBE07105984144E1
:10C05000401A401E0590E00306D45B462146179A1D
:10C06000059800F05DF805441498007818B15A4618
:10C07000179990476D1CE00324D55B462146179A1B
:10C08000059800F04DF805441CE00498002807DBF3
:10C09000DDE90301884203DD0098405C179901E067
:10C0A000179930205A469047049805F10105401C25
:10C0B00004900198401E019004D12E205A461799F1
:10C0C00090476D1CBAF10001AAF1010ADDDC05E020
:10C0D00017F8010B5A46179990476D1CB8F10001EB
:10C0E000A8F10108F4DC5B462146179A0598ABE6F7
:10C0F0002D0000002B000000200000002DE9F04181
:10C10000044600251E461746880404D405E0394637
:10C110002020B0476D1C641EF9D52846BDE8F0818B
:10C120002DE9F041044600251E469046C80301D57E
:10C13000302700E02027880404D505E04146384632
:10C14000B0476D1C641EF9D52846BDE8F0810A6829
:10C15000531C0B601070704782B0CDE9000121F0D4
:10C16000004001909DED000B02B051EC100B7047A8
:10C1700008B5FDF76DF800BF6A48006800F40030AC
:10C1800000B139E000BF00BF00BFBFF34F8F00BF59
:10C1900000BF00BF00BF00BF00BFBFF36F8F00BF75
:10C1A00000BF00BF00206049086000BF00BF00BFA3
:10C1B000BFF34F8F00BF00BF00BF00BF00BF00BF75
:10C1C000BFF36F8F00BF00BF00BF5648006840F448
:10C1D00000305449086000BF00BF00BFBFF34F8F5D
:10C1E00000BF00BF00BF00BF00BF00BFBFF36F8F25
:10C1F00000BF00BF00BF00BF00BF4A4B1B6803F475
:10C20000803303B148E00023464C7034236000BF04
:10C2100000BF00BFBFF34F8F00BF00BF00BF231F91
:10C220001868C0F34E3100BFC0F3C90200BF43F627
:10C23000E07303EA41134FF0404404EA827423435D
:10C24000394C1034236000BF00BF131EA2F101025D
:10C25000EDD10B1EA1F10101E6D100BF00BF00BF6F
:10C26000BFF34F8F00BF00BF00BF2E4B1B6843F4CE
:10C2700080332C4C236000BF00BF00BFBFF34F8F43
:10C2800000BF00BF00BF00BF00BF00BFBFF36F8F84
:10C2900000BF00BF00BF00BFF8F718FEFDF770FE3B
:10C2A000FDF783FCFDF748F9FDF7D0F8FDF700F93D
:10C2B000FDF7C8F9FDF776FAFDF726FBFDF700FA62
:10C2C000FDF794F8FDF734FAFDF72EF8FDF730FE90
:10C2D00000F03AF8F4F736FEF4F71CFE00220121D4
:10C2E0001248F8F7DBFD4FF400711148F4F720FB1A
:10C2F0004FF480720F491048F6F7DCFA00204FF433
:10C3000080730B4A014600900C48F6F74FFD0C482D
:10C31000FCF76CF90B48FCF769F901E0F4F70DFB49
:10C32000FCE7000014ED00E050EF00E000040258CC
:10C3300000020024000000245802002040030020D6
:10C340005C040020A8040020012001490870704707
:10C350004402002010B54C48007801283DD14B48DC
:10C360008021002923DD00F01F046218034600BF6E
:10C3700000BF00BFBFF34F8F00BF00BF00BF00BFB3
:10C38000434C23602033203A002AF9DC00BF00BF71
:10C3900000BFBFF34F8F00BF00BF00BF00BF00BF93
:10C3A00000BFBFF36F8F00BF00BF00BF00BF00BF63
:10C3B0003848027835493848F3F7FAFF8021334886
:10C3C000F4F71DF8344935A0FDF77CFF8021324891
:10C3D000F4F715F800202C4908703248007801283D
:10C3E00051D131488021002923DD00F01F0462185B
:10C3F000034600BF00BF00BFBFF34F8F00BF00BFA9
:10C4000000BF00BF224C23602033203A002AF9DC11
:10C4100000BF00BF00BFBFF34F8F00BF00BF00BF12
:10C4200000BF00BF00BFBFF36F8F00BF00BF00BFE2
:10C4300000BF00BF1D4802781B491D48F3F7B8FF35
:10C4400080211948F3F7DBFF1AA0FDF759FF1CA163
:10C450001748F3F7E6FF28B9002202211A48F8F737
:10C460001DFD09E019A11248F3F7DBFF20B90122F5
:10C4700002211548F8F712FD80210D48F3F7BFFFA0
:10C4800000200849087010BD40020020000400246C
:10C490005CEF00E0410200208004002452783A253D
:10C4A000730D0A0042020020000500244302002010
:10C4B0008005002452454345565F4F4B0D0A00004E
:10C4C0006C65645F6F6E0000000402586C65645F09
:10C4D0006F666600000610160006101601000200C6
:10C4E0000400060008000A000C00100020004000B4
:10C4F000800000010101010307010000080402049B
:10C50000080101010000000001020304010203040C
:10C5100006070809000000004C5555555555A53F24
:10C520007751C1166CC156BF9015CB19A001FA3EC8
:10C53000AD529C804F7E92BEC4B1B4BD9EEE213EF2
:10C54000D43888BEE9FAA8BD00004054FB21F93F69
:10C550003163621A61B4D03D0000601A61B4D03D0D
:10C560007370032E8A19A33B0000002E8A19A33B87
:10C57000C14920259A837B3900000000000000009B
:10C580006E83F9A22915444ED15727FCC0DD34F53E
:10C59000999562DB4190433CAB6351FE61C5BBDEC4
:10C5A0003A6E24B7E0D24D42EA2E49061C92D109D8
:10C5B0001CEB1DFE3EA729B1F53582E88444BB2E55
:10C5C00026709CE9417E5FB439D69139F4395383A2
:10C5D0008B5F849C3B28F9BDFF97F81F0F9805DE01
:10C5E0008B112FEF1F6D0A5ACF7E366DB709CB27FF
:10C5F000663F464F2DEA5F9EC7BA27757BF1E5EB94
:10C60000F739073DEA92528AB15FFB6B085D8D1FD7
:10C61000A6F810111111813FD561C119A0012ABFDF
:10C620007DFEB157E31DC73EEB9C2B8AE6E55ABE63
:10C630007CD5CF5A3AD9E53D78C600080000000005
:10C64000B402000070B800082CC9000800000020E7
:10C6500058020000DA08000844C90008000000245D
:10C6600000060000DA08000844C90008580200204B
:10C67000B844000080B80008F0B50C4601460D191A
:10C6800021F01F0105F11F0222F01F050A466B1A57
:10C69000002B26DD02F01F0C0CEB0306174600BF33
:10C6A00000BF00BFBFF34F8F00BF00BF00BF00BF80
:10C6B000DFF824C1CCF800702037203E002EF7DCD4
:10C6C00000BF00BF00BFBFF34F8F00BF00BF00BF60
:10C6D00000BF00BF00BFBFF36F8F00BF00BF00BF30
:10C6E00000BF00BFF0BDF0B50C4601460D1921F0AA
:10C6F0001F0105F11F0222F01F050A466B1A002BCD
:10C7000028DD02F01F0C0CEB0306174600BF00BF2C
:10C7100000BFBFF34F8F00BF00BF00BF00BFDFF8F7
:10C72000B8C00CF10C0CCCF800702037203E002E65
:10C73000F5DC00BF00BF00BFBFF34F8F00BF00BFDD
:10C7400000BF00BF00BF00BFBFF36F8F00BF00BFBF
:10C7500000BF00BF00BFF0BD70B504464FF4807548
:10C760001E4901EB44002946FFF786FF1C4A02EBF5
:10C7700044011A4A02EB4400802200F099F818495B
:10C7800001EB44002946FFF7AEFF70BD70B50025F0
:10C79000002472B61348007840B11348007828B1DD
:10C7A0000020104908701049087001250F480078D2
:10C7B00040B10F48007828B100200C4908700C499E
:10C7C0000870012462B615B10020FFF7C5FF14B14F
:10C7D0008020FFF7C1FF70BD5CEF00E00000002487
:10C7E000000200241D0200201F0200201E02002063
:10C7F000200200202DE9F05F804689469346B8F17B
:10C80000000F02D0B9F1000F01D1BDE8F09F3A4806
:10C81000007800B9F9E7002646E038F916A00021B3
:10C820000C460D463548006880FB0A100C1945413E
:10C83000324840683249B1F9001080FB01100C19F0
:10C8400045412E4880682E49B1F9021080FB011045
:10C850000C1945412948C0682949B1F9041080FBE9
:10C860000112641A65EB0205244800692449B1F9F4
:10C87000061080FB0112641A65EB0205200F40EAE6
:10C8800005142D172046294600F040F8074629F8E0
:10C8900016701B4800881A4948800846A0F800A076
:10C8A0008088C8808F80761C5E45B6D300BFACE719
:10C8B00070B506460D46144606B10DB9002070BD90
:10C8C0000D48007808B90020F9E70CB1802C01D997
:10C8D0000020F4E722460B49304600F01CF82246BF
:10C8E00009490848FFF786FF22462946064800F016
:10C8F00017F80120E3E700001C02002000020020DE
:10C9000014020020000000200001002040F6E96C25
:10C91000C0F6000C604740F6114CC0F6000C6047B2
:10C9200040F6195CC0F6000C6047000001FF01FFF3
:10C930000132321042013C90D00304711355C3B34D
:10C940000814000001FF01FF01FF01FF01FF01FFCB
:04C950006100000082
:04000005080002CD20
:00000001FF
