:020000040800F2
:1000000028440020E102000829980008058E000815
:100010002598000839100008EDAE00080000000027
:100020000000000000000000000000002D9D0008FE
:10003000D915000800000000619900082F9D0008F4
:10004000FF020008FF020008FF020008FF0200088C
:10005000FF020008FF020008FF020008FF0200087C
:10006000FF020008FF020008FF0200083D10000820
:100070004D1000085D100008FF020008FF02000894
:10008000FF020008FF02000829100008FF02000814
:10009000FF020008FF020008FF020008FF0200083C
:1000A000FF020008FF020008FF020008FF0200082C
:1000B000FF020008FF020008FF020008FF0200081C
:1000C000FF020008FF020008FF020008FF0200080C
:1000D000FF020008DDAC0008FF020008E5AD0008E3
:1000E000FF020008FF02000800000000FF020008F5
:1000F000FF020008FF020008FF020008FF020008DC
:10010000FF020008FF020008FF020008FF020008CB
:10011000FF020008FF020008FF020008FF020008BB
:10012000FF020008FF020008FF020008FF020008AB
:10013000FF020008FF020008FF020008FF0200089B
:1001400000000000000000000000000000000000AF
:10015000FF020008FF020008FF020008FF0200087B
:10016000FF020008FF020008FF020008FF0200086B
:10017000FF020008FF020008FF0200080000000064
:10018000FF020008FF020008FF020008FF0200084B
:10019000FF020008FF020008FF020008FF0200083B
:1001A000FF020008FF020008FF0200080000000034
:1001B000FF020008FF020008FF020008FF0200081B
:1001C000FF020008FF02000800000000000000001D
:1001D0000000000000000000FF0200080000000016
:1001E000000000000000000000000000000000000F
:1001F0000000000000000000FF020008FF020008ED
:10020000FF020008FF02000800000000FF020008D3
:10021000FF020008FF020008FF020008FF020008BA
:10022000FF02000800000000FF02000800000000BC
:10023000FF020008FF02000800000000FF020008A3
:10024000FF020008FF020008FF020008FF0200088A
:10025000FF020008FF020008FF020008FF0200087A
:10026000FF020008FF020008FF020008FF0200086A
:10027000FF020008FF020008FF0200080000000063
:10028000FF020008FF020008FF020008FF0200084A
:1002900000000000FF020008FF020008000000004C
:1002A00000000000FF020008FF020008FF02000833
:1002B000FF020008FF020008FF020008FF0200081A
:1002C000FF020008FF020008FF020008DFF80CD060
:1002D00000F0CAFA0048004771BD00082844002019
:1002E000074880470748804707480047FEE7FEE782
:1002F000FEE7FEE7FEE7FEE7FEE7FEE7FEE7FEE7D6
:10030000F5150008F99D0008CD0200082DE9F05F01
:100310000546002092469B46884606468146402474
:100320001BE0284641464746224600F09EF85346C9
:100330005A46C01A914110D311461846224600F081
:1003400016F82D1A67EB01084F46224601200021BE
:1003500000F00DF817EB00094E41201EA4F1010436
:10036000DFDC484631462A464346BDE8F09F202A56
:1003700004DB203A00FA02F1002070479140C2F1FC
:10038000200320FA03F3194390407047202A06DB2C
:10039000CB17203A41FA02F043EAE07306E041FA53
:1003A00002F3D040C2F12002914008431946704741
:1003B00040EA01039B0703D009E008C9121F08C0E7
:1003C000042AFAD203E011F8013B00F8013B521E67
:1003D000F9D27047D2B201E000F8012B491EFBD2DE
:1003E00070470022F6E710B513460A460446194640
:1003F000FFF7F0FF204610BD421C10F8011B00293A
:10040000FBD1801A704710B5002200E0521C835CBB
:100410008C5CA34201D1002BF8D1D8B2E1B2401AD2
:1004200010BD30B4044696230800214604D0B623FC
:1004300030BC002200F032B820460021F8E730B589
:100440000B46014600202022012409E021FA02F592
:100450009D4205D303FA02F5491B04FA02F528442C
:10046000151EA2F10102F1DC30BD202A04DB203A86
:1004700021FA02F00021704721FA02F3D040C2F1C4
:10048000200291400843194670470029A8BF7047D1
:10049000401C490008BF20F00100704710B4B0FABA
:1004A00080FC00FA0CF050EA010404BF10BC704755
:1004B00049B1CCF1200421FA04F411FA0CF118BF6F
:1004C000012121430843A3EB0C01CB1D4FEA00613E
:1004D0004FEA102042BF002010BC704700EBC35011
:1004E00010440029A4BF10BC7047401C490008BF3D
:1004F00020F0010010BC70472DE9FE4F804681EAD4
:100500000300C00F0C46009021F0004123F000458D
:10051000B8EB0200A94105D24046214690461C4650
:100520000B46024623F00040104347D0270DC7F387
:100530000A00C3F30A510290401A019040286BDA76
:10054000C3F3130040F4801B0098924620B10023AF
:10055000D2EB030A63EB0B0B01985946C0F1400242
:100560005046FFF704FF06460D4650465946019A8D
:10057000FFF70CFF10EB08006141002487EA1152DD
:1005800084EAE7731A4340D0009A62B3019A012AC1
:100590004FEA075215DC001B61EB02014FF00042ED
:1005A00002EA0752CDE90042001C41F580113246B3
:1005B0002B4600F07AF903B0BDE8F08F40462146A3
:1005C000F9E7001B61EB0201001C41F580130018E4
:1005D0005B412018A2F5001747EB030140EAD570F4
:1005E000B6196D4111E06D084FEA360645EAC0754F
:1005F0004FEA0752001B61EB0201001C41F580111C
:1006000049084FEA30000019514132462B4603B0E9
:10061000BDE8F04F00F03AB90098012240000023F5
:10062000D0EB020263EBE073009821464FEAE074DE
:10063000B8EB000061EB0401E9E783F000435BE7FE
:1006400081F0004158E72DE9FE4F81EA030404F0F0
:10065000004421F0004100944FF0000B23F00043D0
:1006600050EA01045ED052EA03045BD0C3F30A549B
:10067000C1F30A552C44A4F2F3340194A0FB0254B4
:10068000C1F3130141F48011C3F3130343F4801346
:1006900001FB024400FB034E840A970A44EA81549A
:1006A00047EA8357A4FB076802958D0A05FB078577
:1006B0004FEA932C04FB0C542705029D4FEA065881
:1006C00047EA1637B5EB08056EEB070C870E920E5E
:1006D00047EA811742EA8312A7FB0201B6EB0B013E
:1006E00064EB00042B0D43EA0C335E1844EB1C5002
:1006F000DA465146E7FB0201C5F313044FEA0B3318
:1007000043EA14534FEA0432019C43EA0603A4F17E
:100710000C040294009CCDE900B400F0C6F803B0CC
:10072000BDE8F08F00200146F9E72DE9F04D81EAA0
:10073000030404F0004B21F0004514464FF0000A7A
:1007400023F0004150EA050220D054EA01021DD0F6
:10075000C5F30A570246C5F31303C1F31300C1F3EF
:100760000A5640F4801543F48013A7EB0608101BCB
:10077000D64608F2FD3873EB050002D308F10108F4
:1007800001E092185B41B8F1000F03DA0020014646
:10079000BDE8F08D00204FF48011064684460EE03F
:1007A000171B73EB050705D3121B63EB0503064309
:1007B0004CEA010C49084FEA300092185B4150EABC
:1007C0000107EDD152EA030012D082EA040083EA65
:1007D0000501084305D0101BAB4106D201220023BE
:1007E00006E000224FF0004302E06FF001025310D8
:1007F0001AEB06004CEB085110EB0A0041EB0B0121
:10080000BDE8F04D00F042B8C1F30A52C1F3130144
:1008100040F2FF3341F480119A4202DA002001468F
:10082000704740F233439A42A2F2334202DC524212
:10083000FFF71BBEFFF79BBD30B5041E71F100042E
:1008400004DB4FF00044404264EB0101141E73F1DD
:10085000000405DB1C464FF00043524263EB0403E7
:10086000994208BF904230BD064C074D06E0E06853
:1008700040F0010394E8070098471034AC42F6D3E7
:10088000FFF728FDACF10008ECF1000810B5141ECC
:1008900073F1000408DA401C41F1000192185B4139
:1008A0001A4301D120F0010010BD2DE9F04D924610
:1008B0009B4611B1B1FA81F202E0B0FA80F2203227
:1008C0009046FFF754FD04460F4640EA0A0041EA0D
:1008D0000B0153465A46084313D0114653EA010010
:1008E00019D0C8F140025046FFF7BFFD05460E463D
:1008F000504659464246FFF73AFD084305D00120CD
:1009000004E020463946BDE8F08D0020054346EA64
:10091000E0762C4337430A986305E40AA0EB08000D
:100920000022FD0A44EA47540A3002D5002001465D
:10093000E9E7010510196941DDE908450019694138
:10094000BDE8F04DA2E770B58C1810F8015B15F00A
:10095000070301D110F8013B2A1106D110F8012B31
:1009600003E010F8016B01F8016B5B1EF9D12B0756
:1009700005D40023521E0DD401F8013BFAE710F80C
:10098000013BCB1A921C03E013F8015B01F8015BF9
:10099000521EF9D5A142D8D3002070BD10B508F081
:1009A00091FC10BD2DE9F0412DED048B84B007467C
:1009B000F0EE408AB0EE608A9FED750AB0EE409A84
:1009C00074A00068039074A103C9CDE90101B7EEDA
:1009D000000AF4EEC08AF1EE10FA03D2B7EE000A74
:1009E000F0EE408AB5EEC08AF1EE10FA03D29FED28
:1009F0006C0AB0EE408AB7EE000AB4EEC08AF1EE9F
:100A000010FA03DDB7EE000AB0EE408A9FED650AEA
:100A100028EE800A9FED5E1AC1EE000AB6EE000ACB
:100A200030EE800ABCEEC00A10EE105A05B901255E
:100A3000B5F5803F01D34FF6FF75280A8DF8050004
:100A4000E8B28DF8060000220421574804F088F827
:100A500000200BF0A1FA002404E003A9085D0BF0CC
:100A60009BFA641C042CF8DB012204214E4804F09C
:100A700077F8002204214C4804F072F80E200BF0A5
:100A80008BFA002404E001A9085D0BF085FA641CD0
:100A9000082CF8DB01220421434804F061F800220D
:100AA0008021424804F05CF8012280213F4804F094
:100AB00057F8002280213D4804F052F827B1012F59
:100AC00004D0022F06D103E0394E05E0394E03E091
:100AD000394E01E0364E00BF00BF002204213248EB
:100AE00004F03EF816200BF057FA002417E056F8F1
:100AF000240000EE100AF8EE400AB6EE000A00EEFE
:100B0000880ABCEEC00A10EE108AB8F5804F01D3F7
:100B100043F6FF784FEA88400AF0EAF9641CB4F51E
:100B2000806FE4DB012204211F4804F019F8002241
:100B300004211D4804F014F800200BF02DFA9DF854
:100B40000C0040F080008DF80C00002404E003A9A4
:100B5000085D0BF021FA641C042CF8DB012204214F
:100B6000114803F0FDFF00228021104803F0F8FF38
:100B7000012280210D4803F0F3FF002280210B4861
:100B800003F0EEFF04B0BDEC048BBDE8F081000083
:100B9000286B6E4E40400000000001FFC0000004C2
:100BA00000000000000080450004025800080258C0
:100BB000A4C10008A4D10008A4E1000870B504464F
:100BC00043492068884203D042492068884208D1BE
:100BD0004148006800F4403008B1012009E00020DD
:100BE00007E03E48006800F4403008B1012000E012
:100BF0000020B8B106F0EEFC05466068B0F5803F15
:100C000006D0B0F5003F04D0B0F5403F08D105E074
:100C100000BF6068000CB5FBF0F502E0AD0800E035
:100C200000BF2BE04FF40020002105F009F9054634
:100C30006068C0F31101F9B980140C281CD2DFE8F8
:100C400000F01B060708090A0B111315171900BF3E
:100C500000BF00BF00BF00BF6068800C4000B5FB54
:100C6000F0F50AE02D0908E06D0906E0AD0904E0A1
:100C7000ED0902E02D0A00E000BF00BF6D08184832
:100C8000854206D82068806820F44070216888601A
:100C90001DE01448854208D82068806820F4407020
:100CA00040F480702168886011E00F48854208D8C0
:100CB0002068806820F4407040F4007021688860EB
:100CC00005E02068806840F440702168886070BD4D
:100CD000002002400021024008230240086302581D
:100CE000105E5F0020BCBE0040787D012DE9F05F02
:100CF000044688464FF000094746206808F06CF922
:100D00008246206808F04FF98346BAF1000F02D1FD
:100D1000BBF1000F72D02068C06800F0007000B313
:100D2000607E01281DD1207E01281AD101270FE005
:100D3000334881450AD3206E40F010002066606E73
:100D400040F0010060660120BDE8F09F09F1010953
:100D500020680068C0F380100028E9D04020216896
:100D60000860022F10D0206808F036F960B12068C2
:100D700008F01EF940B920688168224A114041F00C
:100D80001001816000BF00BF012F10D0206808F063
:100D90000AF960B1206808F00BF940B92068816851
:100DA000184A114041F02001816000BF00BF022FAE
:100DB00003D0032F03D10C2503E0082501E004250F
:100DC00000BF00BF03F0D2FE064612E003F0CEFEE5
:100DD000801B05280DD920688068284048B1206E06
:100DE00040F010002066606E40F001006066012057
:100DF000AAE72068806828400028E7D10020A3E700
:100E000000DC0C00C0FFFF7F70B50546AC6B206EA8
:100E100000F0500098BB206E40F4007020662068FF
:100E2000006800F00800A8B1206808F0DFF810B3EF
:100E30002068C06800F40050E8B9206E20F480708B
:100E40002066206E00F48050A8B9206E40F00100AA
:100E5000206610E02068C06800F0030058B9206EDA
:100E600020F480702066206E00F4805018B9206E47
:100E700040F001002066204601F0C2F90CE0FFE7D7
:100E8000206E00F0100018B1204601F0CAF903E00E
:100E9000A06DC16C2846884770BD70B50546AC6B27
:100EA000206E40F040002066606E40F004006066F6
:100EB000204601F0B6F970BD70B50446A56B284612
:100EC00001F0AEF970BD000070B50446206808F06E
:100ED0006FF80646206808F070F898B396BB206853
:100EE000806800F00D0001280AD1206881681A4A44
:100EF0001140891C816000BF03202168086009E05F
:100F0000206E40F010002066606E40F001006066C8
:100F1000012070BD03F02AFE054614E003F026FE12
:100F2000401B02280FD92068806800F0010050B1F2
:100F3000206E40F010002066606E40F00100606698
:100F40000120E6E705E02068806800F00100002845
:100F5000E4D10020DDE70000C0FFFF7F70B504464C
:100F6000206808F02AF8002851D1206880682949B3
:100F7000084048B1206E40F010002066606E40F0DE
:100F800001006066012070BD206807F0F1FF03F0EA
:100F9000EDFD0546204A2168914203D01F4A216891
:100FA000914201D11E4900E01E49084607F0EDFFBD
:100FB00006461A492068884201D1174800E0206897
:100FC0002168884200D00EBB1AE0206807F0F5FFC8
:100FD00010B9206807F0CCFF03F0C8FD401B0228C1
:100FE0000ED92068006800F0010048B9206E40F07A
:100FF00010002066606E40F0010060660120C2E7CC
:101000002068006800F001000028DED000BF00204A
:10101000B9E700003F0000800020024000210240AC
:10102000002302400063025810B5024801F0FAF8AC
:1010300010BD00004C00002000BFFEE710B50248C4
:1010400002F0ECF910BD0000BC00002010B5024811
:1010500002F0E4F910BD00003803002010B502488A
:1010600002F0DCF910BD0000B00300200146374A51
:101070000868904249D0354A18320868904244D0F6
:10108000324A3032086890423FD0304A48320868CD
:1010900090423AD02D4A60320868904235D02B4AAF
:1010A00078320868904230D0284A903208689042DE
:1010B0002BD0264AA8320868904226D0244A0868D5
:1010C000904222D0224A1832086890421DD0204A0D
:1010D00030320868904218D01D4A48320868904261
:1010E00013D01B4A6032086890420ED0184A7832FA
:1010F0000868904209D0164A90320868904204D09D
:10110000134AA8320868904201D1012000E0002073
:10111000B0B10A78103A1823B2FBF3F000F00702DE
:101120000C4B9A5CCA65032805D90A686FF309025B
:10113000121D8A6503E00A686FF309028A6503E0FD
:10114000086820F0FF008865886D70471000024035
:101150001004024064C1000810B502682B4C0368FB
:10116000A34222D0294C14340368A3421DD0274C3B
:1011700028340368A34218D0244C3C340368A342AB
:1011800013D0224C50340368A3420ED01F4C643459
:101190000368A34209D01D4C78340368A34204D0ED
:1011A0001A4C8C340368A34201D1012300E00023D0
:1011B0008BB10378083B1424B3FBF4F1144B03EB1D
:1011C00081030366124B8033436601F01F04012341
:1011D000A340836618E00378103B1824B3FBF4F1B6
:1011E0000C4B9A4204D80B4BA83B9A4200D30831CF
:1011F000094B03EB81030366074B8033436601F021
:101200001F040123A340836610BD00000854025848
:1012100000580258B8040240000802400179A9B3FE
:10122000082940D8204B02689A4222D01E4B143322
:1012300002689A421DD01C4B283302689A4218D08B
:10124000194B3C3302689A4213D0174B5033026853
:101250009A420ED0144B643302689A4209D0124B62
:10126000783302689A4204D00F4B8C3302689A425A
:1012700001D1012200E000224AB14A1E0B4B03EBD0
:101280008202C266094A4032026708E00BE04A1E49
:10129000074B03EB8202C266054A403202674A1ED0
:1012A000012393404367704708540258005902587D
:1012B00000090240014600208A69D2B98A6A32B127
:1012C000012A0DD0022A03D0032A10D10EE000BF5C
:1012D000CA6A02F08072B2F1807F00D1012007E07B
:1012E000CA6AB2F1C07F00D1012001E000E000BF76
:1012F00036E08A69B2F5005F1BD18A6A32B1012AF1
:1013000007D0022A03D0032A11D10AE000BF01202E
:101310000EE0CA6A02F08072B2F1807F00D1012033
:1013200006E0CA6AB2F1C07F00D1012000E000BF30
:1013300016E08A6A32B1012A05D0022A04D0032AB3
:101340000CD103E000BF00BF012008E0CA6A02F030
:101350008072B2F1807F00D1012000E000BF00BFA9
:1013600070470000F0B5856D846D984F0668BE42E9
:1013700070D0964F18370668BE426BD0934F303707
:101380000668BE4266D0914F48370668BE4261D0BB
:101390008E4F60370668BE425CD08C4F7837066847
:1013A000BE4257D0894F90370668BE4252D0874F11
:1013B000A8370668BE424DD0854F0668BE4249D068
:1013C000834F18370668BE4244D0814F30370668D5
:1013D000BE423FD07E4F48370668BE423AD07C4F6F
:1013E00060370668BE4235D0794F78370668BE420E
:1013F00030D0774F90370668BE422BD0744FA83755
:101400000668BE4226D0734F0668BE4222D0714F96
:1014100014370668BE421DD06E4F28370668BE429C
:1014200018D06C4F3C370668BE4213D0694F503716
:101430000668BE420ED0674F64370668BE4209D0C8
:10144000644F78370668BE4204D0624F8C37066816
:10145000BE4201D1012600E000263EB1D0E9197656
:101460007E60C66E16B1D0E91C767E60574F066866
:10147000BE4249D0554F18370668BE4244D0534F3C
:1014800030370668BE423FD0504F48370668BE42EC
:101490003AD04E4F60370668BE4235D04B4F783752
:1014A0000668BE4230D0494F90370668BE422BD006
:1014B000464FA8370668BE4226D0454F0668BE4252
:1014C00022D0434F18370668BE421DD0404F3037F8
:1014D0000668BE4218D03E4F48370668BE4213D059
:1014E0003B4F60370668BE420ED0394F78370668EA
:1014F000BE4209D0364F90370668BE4204D0344F02
:10150000A8370668BE4201D1012600E00026DEB100
:1015100090F85C6006F01F073F26BE40AE6006688C
:10152000366826F4802607683E6006687360866821
:10153000402E04D10668B2600668F16044E0066897
:10154000B1600668F2603FE0224F0668BE4222D0DA
:10155000204F14370668BE421DD01E4F283706683C
:10156000BE4218D01B4F3C370668BE4213D0194FFD
:1015700050370668BE420ED0164F64370668BE422A
:1015800009D0144F78370668BE4204D0114F8C370B
:101590000668BE4201D1012600E00026A6B190F8FF
:1015A0005C6006F01F070126BE4066600668736037
:1015B0008668402E04D10668B2600668F16003E0D8
:1015C0000668B1600668F260F0BD000010000240DD
:1015D00010040240085402587047000072B606E03A
:1015E0000121034803F0B2FA642003F00DF9F7E794
:1015F000000402580748006840F0020005490860EE
:1016000000BF04480838006800F400500028F8D0F3
:10161000704700000C48025802460868B0B9D1E98A
:1016200001031843CB6818430B6918434B691843EF
:101630008B691843CB6918430B6A18434B6A1843EC
:1016400013686FF30E031843106019E0D1E9070324
:1016500018434B6A1843136823F4F8431843106087
:10166000D1E901031843CB6818430B6918434B6950
:1016700018438B69184353686FF30E031843506087
:10168000002070470246506943F6FE73984340EAD3
:10169000410050610020704710B50346D1E90004B5
:1016A00020438C68641E40EA4410CC6840EA442021
:1016B0001C696FF3150420431861002010BD000061
:1016C00030B50346FAB90868401E4C68641E40EA0B
:1016D00004148868401E44EA0024C868401E44EA96
:1016E0000034088A401E44EA0044888A401E44EAC6
:1016F0000054087E401E44EA00609C6804F0704478
:101700002043986022E0C868401E0403888A401E77
:1017100044EA00509C680E4D2C40204398600868B5
:10172000401E4C68641E40EA04148868401E44EA67
:101730000024088A401E44EA0044087E401E44EA11
:101740000060DC6804F070442043D860002030BDA5
:10175000FF0F0FFFF8B504460D4616460020009017
:1017600000BF94F85C00012801D10220F8BD0120DF
:1017700084F85C0000BF2046FFF7A6FB0746A7BB26
:10178000206E20F4885040F002002066206805F4A6
:10179000803141F0004106F0804211438268194BCC
:1017A0001A401143816000BF13E00098401C009074
:1017B0001549009888420CD3206E20F0020040F0BA
:1017C0001000206600BF002084F85C0000BF0120EC
:1017D000CCE720688168C90F0029E6D1206E20F08F
:1017E000020040F00100206604E0FFE7206E40F0B8
:1017F0001000206600BF002084F85C0000BF38465F
:10180000B4E70000C0FFFE3F00F8C32570477047F3
:1018100070477047704700002DE9F0439DB00446C3
:101820000E464FF00008306800B100BF00BF94F8CA
:101830005C00012803D102201DB0BDE8F083012027
:1018400084F85C0000BF002019901A904649206877
:10185000884202D14548019001E0002001900198A2
:1018600050B9206E40F02000206600BF002084F8B0
:101870005C0000BF0120DFE7019807F0B2FB0746DC
:10188000206807F0AEFB002861D1002F5FD13649F8
:101890002068884203D035492068884201D1344805
:1018A00000E034480546306858B3A86820F440404A
:1018B00071680843A8602C492068884203D02B49EE
:1018C0002068884201D12A4800E02A4828498842F5
:1018D00009D1254807F076FB8146244807F072FBC2
:1018E00049EA000002E0244807F06CFB70BBB168D5
:1018F00030680843A96840F61F7291430843A86006
:101900002BE0A86820F44040A8601749206888426E
:1019100003D016492068884201D1154800E01548D7
:101920001349884209D1104807F04CFB81460F4803
:1019300007F048FB49EA000002E00F4807F042FBCD
:1019400020B9A86840F61F718843A86005E0206EA2
:1019500040F0200020664FF0010800BF002084F80E
:101960005C0000BF404667E70020024000210240C3
:101970000023024000630258006002582DE9F84F2E
:1019800004460D464FF0000A0020009094F84400F1
:10199000012800D105E0F9492068884200D100E023
:1019A00000BFF749E868884200D00EE0F54920689A
:1019B000884200D100BFF4492068884200D100BFAE
:1019C000EE492068884200D100BF00BF94F85C0057
:1019D000012802D10220BDE8F88F012084F85C00C4
:1019E00000BF206807F0F8FA002871D1286800F0DD
:1019F0000040C8B9E1492068884215D02068C16913
:101A00002868C0F3130018B92868C0F3846004E0A4
:101A1000286890FAA0F0B0FA80F000F01F020120D0
:101A2000904001432068C1612168D5E9002001F19F
:101A3000300CC0F3012B0CEB8B03D3F800C000F08B
:101A40001F0E4FF01F0B0BFA0EFB2CEA0B0C00F0D5
:101A50001F0BC2F3846E0EFA0BFE4CEA0E0CC3F899
:101A600000C000BF206807F0B7FA8146206807F081
:101A70009AFA0746B9F1000F7ED1002FFCD12168F8
:101A8000AA68286801F1140CC0F3406B0CEB8B03BF
:101A9000D3F800C0C0F3045E4FF0070B0BFA0EFB47
:101AA0002CEA0B0CC0F3045B02FA0BFB4CEA0B0CA8
:101AB000C3F800C000BFB1492068884209D16869F5
:101AC0002168C968C1F3C101490000FA01F825E0A5
:101AD0004BE3AE48006800F07040B0F1805F07D182
:101AE00068692168C968C1F382014900884014E02F
:101AF0002068C06800F0100038B968692168C968BA
:101B0000C1F382014900884007E068692168C9681B
:101B100001F010018908490088408046286904289E
:101B20007CD021684346D5F810C02A6801F1600BCB
:101B30000BEB8C00DFF844B259450AD1D0F800B065
:101B400002F0F84E4EF0004E4EEA030EC0F800E0F0
:101B50000BE0D0F800B00BF0004B02F0F84E4EEA6C
:101B6000030E4BEA0E0BC0F800B000BF834920689B
:101B7000884231D1206800E016E1EA6929697F4B8B
:101B800098420CD100F1600C0CEB8103D3F800C03B
:101B90002CF0807C4CEA020CC3F800C000BF00BFF0
:101BA000206895F820202969012A01D1520600E019
:101BB00000221346714A90420CD100F1600C0CEBEC
:101BC0008102D2F800C02CF0007C4CEA030CC2F871
:101BD00000C000BF00BF20E1206895F821202969DE
:101BE000012A01D1D20700E000221346634A904245
:101BF0000CD000F1600C0CEB8102D2F800C02CF08C
:101C0000004C4CEA030CC2F800C000BF00BF2068C3
:101C10002B7E2969012B02D1DB0201E00DE00023BC
:101C20001A46036923F4F04301F01F0C02FA0CFC7E
:101C300043EA0C03036100BFEFE05049206888428B
:101C400071D10021206807F0A5F9C0F3130030B965
:101C50000021206807F09EF9C0F3846007E00021AE
:101C6000206807F097F990FAA0F0B0FA80F02968A0
:101C7000C1F3130119B92968C1F3846104E029682B
:101C800091FAA1F1B1FA81F1884204D10022114602
:101C9000206807F0C3F90121206807F07BF9C0F341
:101CA000130030B90121206807F074F9C0F3846093
:101CB00007E00121206807F06DF990FAA0F0B0FA72
:101CC00080F02968C1F3130119B92968C1F384614F
:101CD00004E0296891FAA1F1B1FA81F1884204D1B6
:101CE00000220121206807F099F90221206807F0FD
:101CF00051F9C0F3130030B90221206807F04AF906
:101D0000C0F3846007E00221206807F043F990FAED
:101D1000A0F0B0FA80F02968C1F3130121B9296855
:101D2000C1F3846105E040E0296891FAA1F1B1FABC
:101D300081F1884204D100220221206807F06EF967
:101D40000321206807F026F9C0F3130030B90321FE
:101D5000206807F01FF9C0F3846007E003212068C2
:101D600007F018F990FAA0F0B0FA80F02968C1F3F2
:101D7000130169B92968C1F384610EE0006002585B
:101D80000000FF4700200240002102400010005CDC
:101D9000296891FAA1F1B1FA81F188423DD100227E
:101DA0000321206807F03AF937E02068006E00F060
:101DB000F8402978B0EB816F05D12068006E20F0E3
:101DC0000040216808662068406E00F0F8402978DD
:101DD000B0EB816F05D12068406E20F00040216893
:101DE00048662068806E00F0F8402978B0EB816F7B
:101DF00005D12068806E20F0004021688866206848
:101E0000C06E00F0F8402978B0EB816F05D12068F2
:101E1000C06E20F000402168C866206807F0CDF849
:101E200000286FD12068EA682968D64B984212D101
:101E3000D0F8B030C1F3130C23EA0C0302F0180BF6
:101E4000DFF844C32CFA0BFC0CEA010C43EA0C0348
:101E5000C0F8B03011E0D0F8C030C1F3130C23EA61
:101E60000C0302F0180BDFF820C32CFA0BFC0CEA71
:101E7000010C43EA0C03C0F8C03000BFC349E86856
:101E8000884270D1C24B206898423ED1C14B2A682B
:101E90009A4201D10122B2E0BF4B2A689A4201D195
:101EA000BE4AACE0BE4B2A689A4201D1BD4AA6E0C8
:101EB000BD4B2A689A4201D1BC4AA0E0BC4B2A68BB
:101EC0009A4201D1BB4A9AE0BB4B2A689A4201D19F
:101ED000BA4A94E0B94B2A689A4201D1B84A8EE0D6
:101EE000B74B2A689A4201D1B64A88E0B64B2A68B5
:101EF0009A4201D1B54A82E0B54B2A689A4202D192
:101F0000B44A7CE0D6E0002279E0B34B22689A42E2
:101F100038D1A04B2A689A4201D101226FE09E4B32
:101F20002A689A4201D19D4A69E09D4B2A689A42EB
:101F300001D19C4A63E09C4B2A689A4201D19B4A9A
:101F40005DE09B4B2A689A4201D19A4A57E09A4B2E
:101F50002A689A4201D1994A51E0984B2A689A42DC
:101F600002D1974A4BE062E0954B2A689A4201D130
:101F7000944A44E0964B2A689A4201D1954A3EE041
:101F800000223CE07F4B22689A4237D1814B2A687D
:101F90009A4201D1012232E07F4B2A689A4201D154
:101FA0007E4A2CE07E4B2A689A4201D17D4A26E087
:101FB0007D4B2A689A4201D17C4A20E07C4B2A68FA
:101FC0009A4201D17B4A1AE07B4B2A689A4201D19E
:101FD0007A4A14E0794B2A689A4201D1784A0EE095
:101FE000784B2A689A4201D17C4A08E07B4B2A68E8
:101FF0009A4201D17A4A02E0002200E00022114612
:10200000604A904211D0C369C1F3130212B9C1F3FF
:10201000846203E091FAA1F2B2FA82F202F01F0C9C
:10202000012202FA0CF21343C36100BF00BF28680B
:1020300000F00040F0B3564A2168914203D0664A4E
:102040002168914201D1674900E0674908468168EB
:1020500001F0E07600BF4E492068884203D05E4917
:102060002068884201D15F4800E05F485D498842AE
:1020700009D1474806F0A1FF8346574806F09DFF67
:102080004BEA000002E03F4806F097FFF0BB5749DB
:102090002868884228D106F4000028BB3949206806
:1020A000884268D13A4B22689A4205D04A4B22684E
:1020B0009A4200E035E001D14A4A00E04A4A10461F
:1020C00046F4000106F0A4FF494800684949B0FB06
:1020D000F1F0401C4000009002E00098401E00908B
:1020E00000980028F9D146E043492868884219D170
:1020F00006F08070B0B92349206888423BD1244B58
:1021000022689A4205D0344B226800E026E09A42C9
:1021100001D1344A00E0344A104646F0807106F09E
:1021200077FF28E035492868884224D106F48000EA
:1021300008BB1449206888421DD1154B22689A4279
:1021400003D0254B22689A4201D1264A00E0264A54
:10215000104646F4800106F05BFF0CE0206E40F074
:10216000200020664FF0010A05E0206E40F02000BC
:1021700020664FF0010A00BF002084F85C0000BF19
:10218000504628E400600258FFFF0F000000FF47A0
:1021900000200240020030040400600840002019C2
:1021A0000800900C8000501D1000C010000180211C
:1021B0002000F0140002B0250004002A0008302E90
:1021C000001060320020903600002143000052478A
:1021D0000000844B0000B84F002102400040C03A8C
:1021E0000080F03E0023024000630258000052C706
:1021F00014000020400D0300000021C3000084CB28
:10220000054A0168914205D10449097811B90121B3
:10221000024A117070470000002002403C0000207C
:10222000704770472DE9F84F044600200090206861
:10223000056820684668CD4A2168914203D0CC4A9F
:102240002168914201D1CB4900E0CB49084606F014
:102250009CFE074605F00200022811D106F002009C
:1022600002280DD1206E00F0100018B9206E40F445
:10227000006020662046FFF7C9FA02202168086046
:1022800005F00400042803D106F00400042807D058
:1022900005F0080008285DD106F00800082859D18B
:1022A000206E00F0100018B9206E40F40070206617
:1022B000206806F09BFE002846D0AD492068884281
:1022C00001D1AA4800E020682168884204D01FB1EB
:1022D000052F01D0092F03D12068D0F80C8009E028
:1022E000A3492068884201D1A04800E020688346C5
:1022F000DBF80C8008F40050B0F5005F24D02068B3
:10230000006800F0080008281ED1206806F064FE6E
:1023100090B92068406820F00C0021684860206E69
:1023200020F480702066206E00F4805060B9206E2A
:1023300040F00100206607E0206E40F010002066AB
:10234000606E40F0010060662046FFF759FF0C20E8
:102350002168086005F02000202803D106F0200045
:10236000202807D005F04000402870D106F040003A
:1023700040286CD1206E00F0100018B9206E40F497
:10238000005020662068C16C01F4C07109B90121B8
:1023900000E000218A4600BF206806F027FE814643
:1023A00073492068884201D1704800E020682168A4
:1023B000884204D01FB1062F01D0072F03D1206817
:1023C000D0F80C8009E06A492068884201D167484A
:1023D00000E020688346DBF80C80BAF1000F30D0B3
:1023E00008F0007028B1B9F1000F2AD008F40050AD
:1023F00038BB2068006800F04000402821D108F474
:102400000010F0B9206806F0CEFD90B92068406851
:1024100020F0600021684860206E20F48050206623
:10242000206E00F4807060B9206E40F001002066DC
:1024300007E0206E40F010002066606E40F0010062
:1024400060662046FFF7E3F960202168086005F028
:10245000800080280DD106F08000802809D1206EF0
:1024600040F480302066204600F028FA8020216861
:10247000086005F48070B0F5807F0FD106F480709D
:10248000B0F5807F0AD1206E40F4003020662046EF
:10249000FFF7BFF94FF480702168086005F4007001
:1024A000B0F5007F0FD106F40070B0F5007F0AD1BF
:1024B000206E40F4802020662046FFF7ABF94FF4F1
:1024C00000702168086005F01000102833D106F074
:1024D000100010282FD1E06B10B90120009019E0F6
:1024E0008FB1224A2168914203D0214A216891424A
:1024F00001D1204900E02049084606F041FD48B1DD
:102500000120009006E02068C06800F0030008B1D8
:1025100001200090009801280AD1206E40F48060CC
:102520002066606E40F0020060662046FFF779FE8C
:1025300010202168086005F48060B0F5806F13D129
:1025400006F48060B0F5806F0ED1206E40F48040BC
:102550002066606E40F0080060664FF4806021687D
:1025600008602046FFF754F9BDE8F88F00200240CC
:102570000021024000230240006302582DE9F84F79
:1025800004464FF000090020009014B90120BDE876
:10259000F88F206920B12020005D012800D100BF04
:1025A000206E30B9204600F08BF90020606684F878
:1025B0005C0020688168C1F3407131B12068816896
:1025C000B24A1140816000BF00BF206806F0FFFCE6
:1025D000A8B920688168AE4A114041F080518160FD
:1025E00000BFAC480068AC49B0FBF1F0401C009063
:1025F00002E00098401E009000980028F9D1206861
:1026000006F0E5FC48B9206E40F010002066606ED0
:1026100040F0010060664FF00109206806F0DCFC24
:102620000646206E00F0100000287DD1002EFCD15F
:10263000206E20F4807040F002002066206806F0D2
:10264000BCFC78BB95492068884203D09449206837
:10265000884201D1934800E093489249884209D1C9
:102660008E4806F0AAFC82468D4806F0A6FC4AEA8F
:10267000000002E08D4806F0A0FC98B9874B226864
:102680009A4203D0864B22689A4201D1854A00E0E3
:10269000854A10466168826822F47C120A4382608F
:1026A00000BF00BF81492068884223D1607EE16B72
:1026B00041EA4030E1680843A168082901D10021BE
:1026C0000FE0A1680C2901D104210AE0A1681C29AE
:1026D00001D1082105E0A168182901D11C2100E0E1
:1026E000002101F00C0140EA41012020005D41EA97
:1026F000004509E0607EE16B41EA4030A168084393
:102700002021095D40EA01452020005D012803D118
:10271000A08C401E45EA4045A06A38B1208D00F4E7
:102720007870E16A084300E0A7E005435F4920684C
:1027300088420FD12068C0685D490840284321685D
:10274000C8602068006920F04060616B0843216820
:10275000086106E02068C06856490840284321689F
:10276000C860206806F038FC8046206806F01BFC34
:102770000746B8F1000F66D1002F64D14B4920689D
:10278000884206D1207E810394F8380041EA400552
:1027900003E0207E216B41EA80352068C06844F266
:1027A0000301884328432168C86094F84400012845
:1027B00034D13E492068884200D100E000BFA06AC1
:1027C00008B1E06A00B900BF38492068884210D1DA
:1027D000A06C40F00101E06C0843216D0843616D7D
:1027E000084321680969344A114008432168086197
:1027F0001AE0B4F84800401E012141EA0041E06CB3
:102800000843216D0843616D0843216809692A4A1C
:10281000521E114008432168086105E020680069E4
:1028200020F00100216808612068006920F07040F4
:10283000216C0843216808611C492068884202D045
:102840002046FEF7BBF92069012809D12068006BFA
:1028500020F00F00E169491E08432168086305E084
:102860002068006B20F00F0021680863206E20F0C4
:10287000020040F00100206605E0206E40F01000EC
:1028800020664FF00109484681E60000C0FFFF5F67
:10289000C0FFFF7F14000020400D03000020024015
:1028A00000210240002302400063025800600258E9
:1028B0000740F0FF03C0F0FF1FF800FC7047000066
:1028C00010B5B6B00446142130A8FDF78AFDB82132
:1028D00002A8FDF786FD3149206888425BD14FF49C
:1028E00000210020CDE9021088102A9002A803F0F0
:1028F0007DFE08B1FEF772FE00BF2948006840F077
:102900002000274908600846006800F02000019078
:1029100000BF00BF00BF22480830006840F004003C
:102920001F49083108600846006800F00400019063
:1029300000BF00BF20203090032031900020329053
:1029400030A9184802F00AF8174818490860092009
:102950004860002115488160C1604FF480610161C9
:1029600049004161890081614911C1610021016211
:10297000416201F0CFFA08B1FEF730FE00BF0B480C
:10298000A065846300BF00220121122002F0E6F955
:10299000122002F0CFF936B010BD00000020024036
:1029A000D84402580008025810000240BC00002021
:1029B0002DE9F04104460F469046514A2168914264
:1029C00003D0504A2168914201D14F4900E04F495C
:1029D000084606F0DAFA0646206806F0FDFA0028F6
:1029E0007CD100BF94F85C00012802D10220BDE830
:1029F000F081012084F85C0000BF1EB1052E01D0DB
:102A0000092E73D12046FEF7A9FA0546002D68D19C
:102A1000206E40F60161884340F480702066394999
:102A20002068884201D1364800E020682168884249
:102A300000D01EB9206E20F480102066206E00F4B5
:102A4000805020B1606E20F00600606601E000203A
:102A500060662F48A16DC8632E48A16D08642E489A
:102A6000A16DC8641C202168086000BF002084F8A4
:102A70005C0000BF2068406840F01000216848609A
:102A800026492068884213D194F8382051002068E4
:102A9000224A904204D1C26822F003020A43C26073
:102AA00000BF2068C16841F00101C16000BF08E0BB
:102AB000216B2068C26822F003020A43C26000BF93
:102AC00000BF226802F1400143463A46A06D01F082
:102AD000ABFC0546206806F093FA0EE00CE005E03A
:102AE000FFE700BF002084F85C0006E0012500BF7E
:102AF000002084F85C0000E00225284677E700000B
:102B000000200240002102400023024000630258DE
:102B1000090E0008B90E00089B0E0008006002585C
:102B200070B5044600BF94F85C00012801D1022072
:102B300070BD012084F85C0000BF03212046FEF731
:102B4000D5F805464DBB2068C06820F00300216819
:102B5000C860A06D90F83500022808D1A06D00F083
:102B600023F805461DB1206E40F040002066206825
:102B7000406820F010002168486025B92046FEF723
:102B8000A3F9054602E02046FEF79EF92DB9206E16
:102B900020F4885040F00100206600BF002084F837
:102BA0005C0000BF2846C3E72DE9F041044601F070
:102BB000DDFF804614B90120BDE8F08194F83500AE
:102BC000022808D08020606500BF002084F834000F
:102BD00000BF0120F0E7FE492068884249D0FC4947
:102BE00018312068884244D0F94930312068884241
:102BF0003FD0F7494831206888423AD0F4496031E3
:102C00002068884235D0F24978312068884230D037
:102C1000EF499031206888422BD0ED49A8312068D7
:102C2000884226D0EB492068884222D0E9491831F1
:102C3000206888421DD0E74930312068884218D08A
:102C4000E44948312068884213D0E2496031206865
:102C500088420ED0DF4978312068884209D0DD49AA
:102C600090312068884204D0DA49A831206888422F
:102C700001D1012000E0002068B12068006820F048
:102C80001E00216808602068406920F080002168EB
:102C90004861256806E02068006820F00E00216881
:102CA00008602568CA492068884270D0C849183130
:102CB000206888426BD0C64930312068884266D08F
:102CC000C34948312068884261D0C14960312068D9
:102CD00088425CD0BE4978312068884257D0BC49D0
:102CE00090312068884252D0B949A8312068884282
:102CF0004DD0B8492068884249D0B649183120687B
:102D0000884244D0B3493031206888423FD0B1492D
:102D10004831206888423AD0AE4960312068884204
:102D200035D0AC4978312068884230D0A9499031FB
:102D3000206888422BD0A749A8312068884226D035
:102D4000A5492068884222D0A349143120688842CE
:102D50001DD0A14928312068884218D09E493C31B5
:102D60002068884213D09C495031206888420ED098
:102D7000994964312068884209D0974978312068A0
:102D8000884204D094498C312068884201D10120C6
:102D900000E0002028B1206E006820F48070216ED1
:102DA00008608B492068884249D0894918312068D9
:102DB000884244D086493031206888423FD08449D7
:102DC0004831206888423AD0814960312068884281
:102DD00035D07F4978312068884230D07C499031A5
:102DE000206888422BD07A49A8312068884226D0B2
:102DF00078492068884222D0764918312068884274
:102E00001DD0744930312068884218D0714948314A
:102E10002068884213D06F496031206888420ED004
:102E20006C4978312068884209D06A49903120681D
:102E3000884204D06749A8312068884206D12068BA
:102E4000006820F001002168086005E02068006843
:102E500020F001002168086011E001F087FEA0EB7E
:102E6000080005280BD920206065032084F8350070
:102E700000BF002084F8340000BF01209CE62868D1
:102E800000F001000028E8D151492068884249D06B
:102E90004F4918312068884244D04D49303120686C
:102EA00088423FD04A494831206888423AD0484950
:102EB00060312068884235D04549783120688842A1
:102EC00030D043499031206888422BD04049A83106
:102ED0002068884226D03F492068884222D03D4958
:102EE0001831206888421DD03A4930312068884224
:102EF00018D0384948312068884213D035496031AC
:102F0000206888420ED0334978312068884209D041
:102F1000304990312068884204D02E49A831206879
:102F2000884201D1012000E0002040B1A66D94F854
:102F30005C0000F01F013F208840B06007E0A76DF3
:102F400094F85C0000F01F0101208840786020495F
:102F50002068884276D01E4918312068884271D096
:102F60001B493031206888426CD0194948312068AB
:102F7000884267D0164960312068884262D014497F
:102F80007831206888425DD01149903120688842AC
:102F900058D00F49A8312068884253D00D49206885
:102FA00088424FD00B491831206888424AD00949DD
:102FB00030312068884245D006494831206888422F
:102FC00040D004496031206888423BD0014905E087
:102FD0001000024010040240085402587831206862
:102FE00088422FD02549206888422BD023491831A8
:102FF0002068884226D022492068884222D0204971
:103000001431206888421DD01D492831206888422B
:1030100018D01B493C312068884213D018495031E0
:10302000206888420ED0164964312068884209D051
:10303000134978312068884204D011498C312068C6
:10304000884201D1012000E0002068B1D4E91910C4
:103050004860E06E40B1E06E006820F48070E16E80
:103060000860D4E91C104860012084F8350000BFD6
:10307000002084F8340000BF00BF9DE5A00402409A
:103080000854025870B504460CB9012070BD94F87C
:103090003500022803D0802060650120F6E7DC4976
:1030A0002068884249D0DA4918312068884244D0E3
:1030B000D7493031206888423FD0D549483120680F
:1030C00088423AD0D24960312068884235D0D04910
:1030D00078312068884230D0CD49903120688842CC
:1030E0002BD0CB49A8312068884226D0C949206816
:1030F000884222D0C7491831206888421DD0C5496E
:1031000030312068884218D0C2494831206888424E
:1031100013D0C0496031206888420ED0BD49783153
:103120002068884209D0BB4990312068884204D089
:10313000B849A8312068884201D1012000E0002070
:10314000F0B3042084F83500B149206888424BD0A0
:10315000AF4918312068884246D0AD4930312068E7
:10316000884241D0AA494831206888423CD0A849C9
:1031700060312068884237D0A5497831206888427C
:1031800032D0A3499031206888422DD0A049A8317F
:103190002068884228D09F492068884224D09D49D1
:1031A0001831206888421FD09A49303120688842FF
:1031B0001AD0984948312068884215D0954900E0D6
:1031C00020E06031206888420ED092497831206832
:1031D000884209D08F4990312068884204D08D49B7
:1031E000A8312068884206D12068006820F00100DC
:1031F0002168086009E12068006820F0010021686A
:10320000086002E12068006820F00E002168086074
:103210007F492068884249D07D491831206888421A
:1032200044D07B493031206888423FD078494831CA
:10323000206888423AD0764960312068884235D08B
:10324000734978312068884230D0714990312068C4
:1032500088422BD06E49A8312068884226D06D491B
:103260002068884222D06B491831206888421DD0DE
:10327000684930312068884218D066494831206852
:10328000884213D063496031206888420ED061497A
:1032900078312068884209D05E49903120688842A0
:1032A00004D05C49A8312068884206D120680068B3
:1032B00020F001002168086005E02068006820F027
:1032C00001002168086052492068884270D0504946
:1032D0001831206888426BD04D49303120688842CF
:1032E00066D04B4948312068884261D048496031F6
:1032F000206888425CD0464978312068884257D09F
:10330000434990312068884252D04149A831206811
:1033100088424DD03F492068884249D03D49183104
:103320002068884244D03B493031206888423FD0F1
:1033300038494831206888423AD03649603120689F
:10334000884235D0334978312068884230D03149BD
:103350009031206888422BD02E49A83120688842BD
:1033600026D02D492068884222D02B49143120686C
:1033700088421DD0284928312068884218D0264923
:103380003C312068884213D023495031206888425C
:103390000ED0214964312068884209D01E49783115
:1033A0002068884204D01C498C312068884201D1B1
:1033B000012000E00020D8B1206E006820F4807069
:1033C000216E0860A56D94F85C0000F01F010120DB
:1033D00088406860D4E919104860E06E40B1E06E42
:1033E000006820F48070E16E0860D4E91C10486029
:1033F000012084F8350000BF002084F8340000BFAD
:10340000206D10B12046216D884700203EE6000067
:103410001000024010040240085402582DE9F84FF1
:10342000044600200090FE4800684FF41651B0FB9F
:10343000F1FAA66DD4F858803768D8F80090F949A9
:103440002068884249D0F74918312068884244D022
:10345000F4493031206888423FD0F2494831206831
:1034600088423AD0EF4960312068884235D0ED4932
:1034700078312068884230D0EA499031206888420B
:103480002BD0E849A8312068884226D0E649206838
:10349000884222D0E4491831206888421DD0E24990
:1034A00030312068884218D0DF494831206888428E
:1034B00013D0DD496031206888420ED0DA49783176
:1034C0002068884209D0D84990312068884204D0C9
:1034D000D549A8312068884201D1012000E00020B0
:1034E00000287DD094F85C0000F01F01082088407F
:1034F0003840002868D0CB492068884249D0C94963
:1035000018312068884244D0C6493031206888424A
:103510003FD0C4494831206888423AD0C14960311F
:103520002068884235D0BF4978312068884230D041
:10353000BC499031206888422BD0BA49A831206814
:10354000884226D0B8492068884222D0B64918312E
:10355000206888421DD0B44930312068884218D094
:10356000B14948312068884213D0AF4960312068A2
:1035700088420ED0AC4978312068884209D0AA49E7
:1035800090312068884204D0A749A8312068884239
:1035900004D12068006800F0040003E0206800689F
:1035A00000F0080080B12068006820F00400216865
:1035B000086094F85C0000F01F0108208840B060AB
:1035C000606D40F00100606594F85C0000F01F0140
:1035D000012088403840E8B392492068884200E0E2
:1035E000B7E24BD08F4918312068884246D08D49C8
:1035F00030312068884241D08A4948312068884269
:103600003CD0884960312068884237D0854978317C
:103610002068884232D083499031206888422DD07A
:103620008049A8312068884228D07F492068884294
:1036300024D07D491831206888421FD07A49303122
:10364000206888421AD0784948312068884215D0CD
:10365000754900E026E06031206888420ED072494A
:1036600078312068884209D06F49903120688842BB
:1036700004D06D49A8312068884204D1206840698F
:1036800000F0800002E020680068002050B194F84B
:103690005C0000F01F0101208840B060606D40F0C8
:1036A0000200606594F85C0000F01F01042088406F
:1036B0003840E8B35B49206888424BD059491831FB
:1036C0002068884246D0574930312068884241D02E
:1036D00054494831206888423CD0524960312068C2
:1036E000884237D04F4978312068884232D04D49DE
:1036F0009031206888422DD04A49A83120688842FC
:1037000028D049492068884224D047491831206888
:1037100088421FD044493031206888421AD042493B
:1037200048312068884215D03F496031206800E068
:1037300024E088420ED03C4978312068884209D084
:10374000394990312068884204D03749A83120682F
:10375000884204D12068006800F0020002E020687E
:103760000068002050B194F85C0000F01F010420B4
:103770008840B060606D40F00400606594F85C00C3
:1037800000F01F01102088403840E8B32549206828
:10379000884251D023491831206888424CD02149B1
:1037A00030312068884247D01E494831206888421D
:1037B00042D01C496031206888423DD01949783197
:1037C0002068884238D0174990312068884233D029
:1037D0001449A831206888422ED0134920688842B5
:1037E0002AD0114918312068884225D00E4930313D
:1037F0002068884220D00C494831206888421BD07C
:1038000009496031206800E04DE0884214D0064943
:103810007831206888420FD003499031206805E054
:10382000140000201000024010040240884203D01F
:10383000FE492068884204D12068006800F0080032
:1038400003E02068006800F0040060B394F85C00B6
:1038500000F01F0110208840B0602068006800F46C
:10386000802080B12068006800F4002028B9206C16
:10387000C8B12046216C884715E0A06C98B120465D
:10388000A16C88470FE02068006800F4807028B9B8
:103890002068006820F0080021680860206C10B1E2
:1038A0002046216C884794F85C0000F01F0120201E
:1038B0008840384000287DD0DD492068884249D0C2
:1038C000DB4918312068884244D0D949303120681A
:1038D00088423FD0D6494831206888423AD0D449FE
:1038E00060312068884235D0D149783120688842DB
:1038F00030D0CF499031206888422BD0CC49A831B4
:103900002068884226D0C949A8392068884221D039
:10391000C6499039206888421CD0C449783920684B
:10392000884217D0C14960392068884212D0BF4907
:103930004839206888420DD0BC4930392068884217
:1039400008D0BA4918392068884203D0B74920689E
:10395000884204D12068006800F0100003E020686D
:10396000006800F0020028B394F85C0000F01F012A
:1039700020208840B06094F8350004282DD12068BC
:10398000006820F01600216808602068406920F077
:10399000800021684861206C08B9A06C28B12068BB
:1039A000006820F008002168086094F85C0000F0CE
:1039B0001F0100E03FE03F208840B060012084F814
:1039C000350000BF002084F8340000BF206D10B126
:1039D0002046216D8847BDE8F88F2068006800F414
:1039E000802080B12068006800F4002028B9606C55
:1039F00008B32046616C88471DE0E06BD8B12046D3
:103A0000E16B884717E02068006800F4807068B9AF
:103A10002068006820F0100021680860012084F808
:103A2000350000BF002084F8340000BFE06B10B107
:103A30002046E16B8847606D00287AD0606D00F009
:103A40000100E8B3042084F83500794920688842F1
:103A50004BD0774918312068884246D074493031BC
:103A60002068884241D072494831206888423CD061
:103A70006F4960312068884237D06D4978312068BD
:103A8000884232D06A499031206888422DD06849F6
:103A9000A8312068884228D06449A8392068884223
:103AA00023D062499039206888421ED05F49783916
:103AB0002068884219D05D4960392068884200E05A
:103AC00040E012D059494839206888420DD0574902
:103AD00030392068884208D0544918392068884213
:103AE00003D052492068884206D12068006820F03F
:103AF00001002168086005E02068006820F00100EE
:103B00002168086000BF0098401C0090504500D913
:103B100005E02068006800F001000028F3D100BF34
:103B20002068006800F0010020B1032084F835000F
:103B300003E00DE0012084F8350000BF002084F888
:103B4000340000BFE06C002802D02046E16C8847BA
:103B5000D9E138492068884222D03649143120689A
:103B600088421DD0334928312068884218D0314915
:103B70003C312068884213D02E4950312068884259
:103B80000ED02C4964312068884209D02949783107
:103B90002068884204D027498C312068884201D1AE
:103BA000012000E000200028D2D02068056894F8A9
:103BB0005C0000F01F010420884000EA0900D8B32F
:103BC00005F00400C0B394F85C0000F01F0104206D
:103BD0008840C8F8040005F4004080B105F4803046
:103BE00030B9A06C0028B3D02046A16C88478AE188
:103BF000206C0028ACD02046216C884783E105F07A
:103C00002000E8BB0A492068884253D0084918318F
:103C1000206888424ED0064930312068884249D019
:103C2000034948312068884244D006E0B804024085
:103C300010000240085402584FE0B4496031206837
:103C4000884237D0B14978312068884232D0AF49B4
:103C50009031206888422DD0AC49A8312068884234
:103C600028D0AB492068884224D0A949183120685F
:103C700088421FD0A6493031206888421AD000E01F
:103C800025E0A34948312068884213D0A04960311B
:103C9000206888420ED09E4978312068884209D039
:103CA0009B4990312068884204D09949A831206806
:103CB000884206D12068006820F00800216808606A
:103CC00005E02068006820F0040021680860206C8E
:103CD00010B32046216C884715E194F85C0000F091
:103CE0001F010220884000EA0900E8B305F0020045
:103CF000D0B394F85C0000F01F0102208840C8F89F
:103D0000040005F4004070B105F4803028B9606CFF
:103D100010B12046616C8847F5E0E06BF0B32046B7
:103D2000E16B8847EFE005F02000C0BB77492068D1
:103D300088424ED0754918312068884249D073496D
:103D400030312068884244D0704948312068884228
:103D50003FD06E496031206888423AD06B49783153
:103D60002068884235D000E04EE0684990312068F4
:103D700088422ED06549A8312068884229D06449FC
:103D80002068884225D0624918312068884220D0B6
:103D90005F493031206888421BD001E06EE02DE0A1
:103DA0005B4948312068884213D059496031206806
:103DB00088420ED0564978312068884209D054494B
:103DC00090312068884204D05149A8312068884247
:103DD00006D12068006820F014002168086005E022
:103DE0002068006820F00A0021680860012084F83B
:103DF000350000BF002084F8340000BFE06BE8B35A
:103E00002046E16B88477EE094F85C0000F01F01DB
:103E10000820884000EA090080B305F0080068B374
:103E20003A49206888424BD0384918312068884286
:103E300046D0364930312068884241D03349483134
:103E4000206888423CD0314960312068884237D0B0
:103E50002E4978312068884232D02C499031206830
:103E600088422DD02949A8312068884228D0284985
:103E70002068884224D02649183100E043E02068B9
:103E800088421DD0224930312068884218D020490C
:103E900048312068884213D01D496031206888422B
:103EA0000ED01B4978312068884209D018499031DA
:103EB0002068884204D01649A8312068884206D17B
:103EC0002068006820F01C002168086005E0206878
:103ED000006820F00E002168086094F85C0000F093
:103EE0001F0101208840C8F804000120606584F8A3
:103EF000350000BF002084F8340000BFE06C10B132
:103F00002046E16C884700BF65E5000010000240D4
:103F1000100402402DE9F041044600F027FE8046DF
:103F200014B90120BDE8F081FE492068884249D0DB
:103F3000FC4918312068884244D0FA493031206861
:103F400088423FD0F7494831206888423AD0F54945
:103F500060312068884235D0F24978312068884243
:103F600030D0F0499031206888422BD0ED49A831FB
:103F70002068884226D0EC492068884222D0EA494D
:103F80001831206888421DD0E749303120688842C6
:103F900018D0E54948312068884213D0E2496031A1
:103FA000206888420ED0E04978312068884209D0E4
:103FB000DD4990312068884204D0DB49A83120686F
:103FC000884201D1012000E00020002873D0606AFF
:103FD00000B100BF022084F8350000BF002084F843
:103FE000340000BFCF492068884249D0CD491831FC
:103FF0002068884244D0CB493031206888423FD085
:10400000C8494831206888423AD0C64960312068A2
:10401000884235D0C34978312068884230D0C149C0
:104020009031206888422BD0BE49A8312068884250
:1040300026D0BD492068884222D0BB49183120686B
:1040400088421DD0B84930312068884218D0B6491E
:1040500048312068884213D0B349603120688842D3
:104060000ED0B14978312068884209D0AE499031EC
:104070002068884204D0AC49A8312068884206D123
:104080002068006820F001002168086005E02068D1
:10409000006820F00100216808600DE000F066FD76
:1040A000A0EB0800052807D920206065032084F8CC
:1040B0003500012036E769E02068006800F0010063
:1040C0000028EBD12068056898480540D4E9020132
:1040D00008432169084361690843A1690843E1690C
:1040E0000843216A08430543606A042803D1D4E9E0
:1040F0000B01084305436068292802D360682E2815
:1041000017D960683F2802D36068422811D96068D7
:10411000472802D3606848280BD960684F2802D32B
:104120006068522805D96068742804D360687728CD
:1041300001D8012000E0002008B145F48015206876
:1041400005602068456925F00705606A0543606AD7
:1041500004280DD1A06A0543E06A48B12046FDF766
:10416000A9F828B140206065012084F83500D9E61F
:10417000206845612046FCF779FF064694F85C000C
:1041800000F01F013F208840B0609EE06849206831
:10419000884222D066491431206888421DD0644983
:1041A00028312068884218D061493C312068884213
:1041B00013D05F495031206888420ED05C49643189
:1041C0002068884209D05A4978312068884204D052
:1041D00057498C312068884201D1012000E000203D
:1041E000E0B353492068884222D0514914312068F5
:1041F00088421DD04E4928312068884218D04C4949
:104200003C312068884213D04949503120688842A7
:104210000ED0474964312068884209D0444978313A
:104220002068884204D042498C312068884201D1FC
:10423000012000E0002000B100BF022084F835001A
:1042400000BF002084F8340000BF206805683948AA
:104250000540A068402802D1102106E02EE0A068A9
:10426000802801D1C10100E00021E06841EAD001CD
:10427000206941EAD001606941EAD001A06941EAC0
:10428000D001E06941EAD001206A41EA10100543FB
:104290002068056026492068401A1421B0FBF1F01F
:1042A0008000E0652046FCF7E1FE074694F85C00DC
:1042B00000F01F0101208840786006E04020606522
:1042C000032084F8350001202CE616492068884236
:1042D0007AD0144918312068884275D0114930319C
:1042E0002068884270D00F494831206888426BD0DE
:1042F0000C4960312068884266D00A4978312068CC
:10430000884261D007499031206888425CD00549D5
:10431000A8312068884257D003492068884253D08A
:10432000014909E010000240100402403F8010FEE5
:10433000085402580F00FEFF18312068884243D00D
:104340003749206888423FD0354918312068884273
:104350003AD0334930312068884235D0304948312D
:104360002068884230D02E496031206888422BD0A6
:104370002B4978312068884226D02A492068884213
:1043800022D028491431206888421DD0254928317F
:104390002068884218D023493C312068884213D0D5
:1043A00020495031206888420ED01E49643120686F
:1043B000884209D01B4978312068884204D01949C5
:1043C0008C312068884201D1012000E0002000B338
:1043D0002046FCF7C1FEA068802801D10020606063
:1043E0002079216E0860D4E919104860606860B1D6
:1043F0006068082809D82046FCF710FF0020E16E0D
:104400000860D4E91C10486003E00020E0662067E3
:10441000606700206065012084F83500002081E598
:1044200040040240085402582DE9F04104460D466C
:1044300016461F464FF0000814B90120BDE8F08170
:1044400000BF94F83400012801D10220F6E70120D2
:1044500084F8340000BF94F8350001287ED1022092
:1044600084F8350000206065E4492068884249D01E
:10447000E24918312068884244D0E0493031206850
:1044800088423FD0DD494831206888423AD0DB4934
:1044900060312068884235D0D84978312068884218
:1044A00030D0D6499031206888422BD0D349A831EA
:1044B0002068884226D0D2492068884222D0D0493C
:1044C0001831206888421DD0CD493031206888429B
:1044D00018D0CB4948312068884213D0C849603190
:1044E000206888420ED0C64978312068884209D0B9
:1044F000C34990312068884204D0C149A83120685E
:10450000884206D12068006820F001002168086018
:1045100005E02068006820F00100216808603B4643
:10452000324629462046FCF71DFFB44920688842E0
:104530004BD0B24918312068884246D0AF4930315B
:104540002068884241D0AD494831206888423CD03B
:10455000AA4960312068884237D000E042E1A7498B
:1045600078312068884230D0A44990312068884250
:104570002BD0A249A8312068884226D0A0492068C3
:10458000884222D09E491831206888421DD09C491B
:1045900030312068884218D09949483120688842D3
:1045A00013D097496031206888420ED09449783101
:1045B0002068884209D0924990312068884204D00E
:1045C0008F49A8312068884201D1012000E00020F5
:1045D00080B12068006820F01E0040F016002168BD
:1045E0000860206CB0B12068006840F008002168C5
:1045F00008600FE02068006820F00E0040F00A001C
:1046000021680860206C28B12068006840F0040030
:104610002168086079492068884270D0774918314C
:10462000206888426BD0754930312068884266D056
:10463000724948312068884261D0704960312068F1
:1046400088425CD06D4978312068884257D06B49E8
:1046500090312068884252D06849A8312068884249
:104660004DD067492068884249D065491831206893
:10467000884244D062493031206888423FD0604946
:104680004831206888423AD05D49603120688842CC
:1046900035D05B4978312068884230D05849903114
:1046A000206888422BD05649A8312068884226D0FD
:1046B00054492068884222D05249143120688842E7
:1046C0001DD0504928312068884218D04D493C31CE
:1046D0002068884213D04B495031206888420ED060
:1046E000484964312068884209D0464978312068B9
:1046F000884204D043498C312068884201D101208E
:1047000000E0002090B1206E006800F4803028B1F5
:10471000206E006840F48070216E0860E06E28B161
:10472000E06E006840F48070E16E086033492068F4
:10473000884249D0314918312068884244D02F49F5
:104740003031206888423FD02C4948312068884267
:104750003AD02A4960312068884235D027497831DB
:104760002068884230D025499031206888422BD07B
:104770002249A8312068884226D0214920688842F1
:1047800022D01F491831206888421DD01C49303181
:104790002068884218D01A4948312068884213D0CE
:1047A00017496031206888420ED015497831206859
:1047B000884209D0124990312068884204D01049BB
:1047C000A8312068884206D12068006840F00100C6
:1047D0002168086010E02068006840F0010021684E
:1047E000086009E04FF40060606500BF002084F8B5
:1047F000340000BF4FF0010840461FE610000240A1
:10480000100402400854025870B5044600F0AEF996
:1048100006462546681C10B104480078054400BFD0
:1048200000F0A4F9801BA842FAD370BD100000204C
:1048300000B5B5B0142130A8FBF7D3FD3F480068A0
:1048400008B135B000BD01203C490860B82102A87C
:10485000FBF7C7FD4FF080710020CDE902101490E6
:1048600002A801F0C3FE08B1FCF7B8FE00BF34484F
:10487000006840F48050324908600846006800F43F
:104880008050019000BF00BF4FF63F0030900220E3
:10489000319000203290032033900C20349030A9C6
:1048A000284800F05BF80C20309002203190002066
:1048B0003290032033900C20349030A9224800F02D
:1048C0004DF880203090022031900020329003205B
:1048D00033900C20349030A91C4800F03FF848F287
:1048E0003710309002203190002032900320339016
:1048F0000C20349030A9164800F030F84FF6837041
:1049000030900220319000203290032033900C2010
:10491000349030A90F4800F021F84CF20370309029
:104920000220319000203290032033900C203490EC
:1049300030A9094800F012F800BF82E7000000200B
:10494000D4440258001402580008025800000258CB
:104950000018025800100258000C0258F8B5024620
:104960000B4600216D4DD2E001278F401E6806EAFC
:104970000704002C72D01E7906F00306012E04D025
:104980001E7906F00306022E13D190684F0003260D
:10499000BE40B0434F00DE68BE4030439060506878
:1049A00001268E40B0431E79C6F300168E40304378
:1049B00050601E7906F00306032E09D0D0684F0020
:1049C0000326BE40B0434F009E68BE403043D060D7
:1049D0001E7906F00306022E13D1CF0802F120063D
:1049E00056F827004E07F70E0F26BE40B0434F077C
:1049F000FF0E1E69BE403043CF0802F1200646F884
:104A0000270010684F000326BE40B0431E7906F011
:104A100003064F00BE40304310605E6806F4403627
:104A2000002E73D000BF3E4E366846F002063C4F63
:104A30003E603E46366806F00206009600BF00BFA4
:104A4000384E8F0856F827008E07370F0F26BE40C6
:104A5000B043354EB24202D1002629E056E0334E33
:104A6000B24201D1012623E0314EB24201D10226E9
:104A70001EE0304EB24201D1032619E02E4EB24262
:104A800001D1042614E02D4EB24201D105260FE0DB
:104A90002B4EB24201D106260AE02A4EB24201D183
:104AA000072605E0284EB24201D1092600E00A2679
:104AB0008F073F0FBE4030431A4E8F0846F827003D
:104AC0004FF0B0463068A0435E6806F4801606B129
:104AD00020434FF0B04630607068A0435E6806F433
:104AE000001606B120434FF0B04670606868A043DE
:104AF0005E6806F4003606B1204368602868A0436B
:104B00005E6806F4803606B120432860491C1E68A2
:104B1000CE40002E7FF428AFF8BD00008000005882
:104B2000F4440258080400580000025800040258D7
:104B300000080258000C02580010025800140258D5
:104B400000180258001C02580024025810B542698F
:104B500021EA020302EA010443EA0443836110BD2F
:104B60000AB1816101E00B0483617047014800686C
:104B700070470000080000200348006803490978D6
:104B80000844014908607047080000201000002018
:104B900010B5032000F020F902F066FD1049096805
:104BA000C1F303210F4A515C01F01F0120FA01F407
:104BB0000B48006800F00F001146085C00F01F0071
:104BC00024FA00F008490860084804600F2000F04B
:104BD0000FF808B1012010BD00F09AF80020FAE7A4
:104BE0001844025894C10008180000201400002046
:104BF00070B504461148007808B9012070BD0F480F
:104C000000784FF47A71B1FBF0F00D490968B1FBFF
:104C1000F0F5284603F05BFA08B10120EEE7102C0E
:104C200007D200222146501E00F098F80548046083
:104C300001E00120E2E70020E0E700001000002092
:104C4000140000200C0000204178154A116014491E
:104C50000831096821F00101114A08321160121F60
:104C600041681160017B0907C27A41EA0261827AD8
:104C700041EAC241427B41EA8241827B41EA4241B0
:104C8000C27B41EA0241427A41EA0221027A41EAC8
:104C9000420102781143024A083211607047000055
:104CA00098ED00E000BF00BF00BFBFF35F8F00BF03
:104CB00000BF00BF0548006820F480300349086049
:104CC00000200249703108607047000024ED00E0C8
:104CD00040F001010D4A11600C497039096841F436
:104CE00080310A4A703A116000BF00BF00BFBFF3B5
:104CF0004F8F00BF00BF00BF00BF00BF00BFBFF3AA
:104D00006F8F00BF00BF00BF7047000094ED00E050
:104D100008B500BF0648006840F00200044908607A
:104D20000846006800F00200009000BF00BF08BD08
:104D3000F44402580146084600280DDB00BF00BFBE
:104D400000F01F0301229A4043099B0003F1E02376
:104D5000C3F8002100BF00BF00BF70472DE9F05F1E
:104D600080460D46164606F005F9074639462A469E
:104D7000334601F00700C0F1070ABAF1040F02D967
:104D80004FF0040A01E0C0F1070AD14600F1040A1D
:104D9000BAF1070F02D24FF0000A01E0A0F1030AB6
:104DA000D4464FF0010A0AFA09FAAAF1010A0AEAFE
:104DB000020A0AFA0CFA4FF0010B0BFA0CFBABF1EA
:104DC000010B0BEA030B4AEA0B042146404606F0AE
:104DD000D9F8BDE8F09F000000BF00F00702064BC5
:104DE00019684FF6FF031940044B0B4343EA0221B5
:104DF000014B196000BF70470CED00E00000FA05A0
:104E00002DE9F04F8DB081460C4693464FF0000AD5
:104E1000D046FE49D9F80000884202D1002601257B
:104E200001E001260025002710E007EB470201AB57
:104E300003EBC2017A1CD0B204F0F8FC20B14FF0B1
:104E4000010A0820C9F85400781CC7B2022FECD31D
:104E5000BAF1000F7ED1ED48006800F0010038B1D2
:104E6000EA48006820F00100E849086048F00108BD
:104E7000E748006800F0010038B1E548006820F01C
:104E80000100E349086048F00208E24806EB4601E9
:104E900001AA02EBC1018968491E50F8210020F4E3
:104EA0008072DC4806EB460101AB03EBC101896867
:104EB000491E40F82120001F006800F00100002872
:104EC0007FD0D448001F006820F00100D149091F9D
:104ED0000860012D73D1081D05EB450101AA52F8A8
:104EE0003110491E50F8210040F00202C94805EB7C
:104EF000450153F83110491E40F8212005EB4500CB
:104F000001A901EBC0004068A0B1C24805EB450112
:104F100001AA02EBC1014968491E50F8210040F086
:104F20002002BC4805EB450103EBC1014968491E5D
:104F300040F8212005EB450001A901EBC000C06845
:104F4000D8B1B44805EB450101AA02EBC101097BC8
:104F5000491E00E0C9E201F0010150F8210040F4CF
:104F60008022AC4805EB450101AB03EBC101097B95
:104F7000491E01F0010140F8212005EB450001A97F
:104F800001EBC0000069002819D0A24805EB4501DB
:104F900001AA02EBC101097C491E01F0010150F890
:104FA000210040F080629B4805EB450101AB03EB1B
:104FB000C101097C491E01F0010140F8212079E07E
:104FC000FFE706EB460001A951F83000002871D038
:104FD000904806EB460101AA52F83110491E50F8DC
:104FE000210020F001028B4806EB460101AB53F88B
:104FF0003110491E40F8212006EB460001A901EBC3
:10500000C0004068A0B1834806EB460101AA02EB4C
:10501000C1014968491E50F8210020F010027D4866
:1050200006EB460103EBC1014968491E40F8212007
:1050300006EB460001A901EBC000C068C8B1754885
:1050400006EB460101AA02EBC101097B491E01F0F2
:10505000010150F8210020F480326E4806EB460131
:1050600001AB03EBC101097B491E01F0010140F8CE
:10507000212006EB460001A901EBC0000069C8B180
:10508000644806EB460101AA02EBC101097C491EF6
:1050900001F0010150F8210020F080725D4806EB1C
:1050A000460101AB03EBC101097C491E01F001017E
:1050B00040F8212005EB450101AA52F83110206883
:1050C000884222D005EB450102EBC101A068896846
:1050D00088421AD005EB450102EBC10160684968BE
:1050E000884201D1606880B905EB450101AA02EB55
:1050F000C101E068C968884207D005EB450102EBB1
:10510000C10120690969884227D105EB450101AA3F
:1051100052F831102068884220D105EB450102EB9E
:10512000C10160684968884218D105EB450102EB6E
:10513000C101E068C968884210D105EB450102EB66
:10514000C10120690969884208D13248001F0068FE
:1051500040F001002F49091F08608DE02D4805EB44
:10516000450101AA52F83110491E50F8210020F0E3
:105170000102284805EB450101AB53F83110491EE7
:1051800040F8212005EB450001A901EBC000406873
:10519000A0B1204805EB450101AA02EBC101496815
:1051A000491E50F8210020F010021A4805EB450175
:1051B00003EBC1014968491E40F82120154805EB61
:1051C000450101AA02EBC1018968491E50F821007E
:1051D00020F480720F4805EB450101AB03EBC101E0
:1051E0008968491E40F8212005EB450001A901EB23
:1051F000C000C068F8B1074805EB450101AA02EB01
:10520000C101097B491E01F0010105E00050005277
:1052100000A0005204B4005250F8210020F4803263
:10522000B44805EB450103EBC101097B491E01F0C0
:10523000010140F8212005EB450001A901EBC00068
:105240000069C8B1AB4805EB450101AA02EBC101F9
:10525000097C491E01F0010150F8210020F0807204
:10526000A44805EB450101AB03EBC101097C491ED4
:1052700001F0010140F821209E48A168491E50F824
:10528000210020F440714FF4807040EA4620014331
:105290009848A268521E40F822106069401E954945
:1052A000091F0968C1F3074188420BD99148001FC3
:1052B000006820F47F01A08A401E41EA00408D4929
:1052C000091F08608B48001F006800F001000028DB
:1052D00075D088482168491E50F8210020F003004D
:1052E000401C84492268521E41F82200606868B15F
:1052F00008466168491E50F8210020F0300040F057
:1053000010027C486168491E40F82120E06800F4E2
:10531000803090B17748217B491E01F0010150F89F
:10532000210020F4E02040F480327248217B491EA5
:1053300001F0010140F8212013E0E06888B16D48D8
:10534000217B491E01F0010150F8210020F0E060AE
:1053500040F080726748217B491E01F0010140F84E
:105360002120206900F4803090B16248217C491EE0
:1053700001F0010150F8210020F4E02040F4403217
:105380005C48217C491E01F0010140F821209AE08F
:105390002069002811D05748217C491E01F00101E5
:1053A00050F8210020F0E06040F040725148217C2C
:1053B000491E01F0010140F8212084E0FFE74D483B
:1053C0002168491E50F8210020F00301012040EA25
:1053D0004600014347482268521E40F82210606888
:1053E00078B144486168491E50F8210020F030002F
:1053F000102141EA461108433E496268521E41F8B5
:105400002200E06800F48030A8B13A48217B491EB0
:1054100001F0010150F8210020F4E0204FF4803128
:1054200041EA864108433349227B521E02F00102C1
:1054300041F8220016E0E068A0B12E48217B491E09
:1054400001F0010150F8210020F0E0604FF0807180
:1054500041EA866108432749227B521E02F001027D
:1054600041F82200206900F48030A8B12148217C55
:10547000491E01F0010150F8210020F4E0204FF412
:10548000403141EA864108431A49227C521E02F00B
:10549000010241F8220016E02069A0B11548217CE4
:1054A000491E01F0010150F8210020F0E0604FF0AA
:1054B000407141EA866108430E49227C521E02F087
:1054C000010241F8220008F0010028B10A480068F2
:1054D00040F001000849086008F0020028B10748C0
:1054E000006840F001000549086050460DB0BDE875
:1054F000F08F000004B400520050005200A000528F
:10550000F8B504460025FFF731FB06460CB9012526
:105510007AE000206065206D002875D1204600F0FB
:1055200077F841F28831204600F0FCF8208A401ECE
:10553000E16841EA00416069401E41EA0020616B78
:105540000843E169084321688968304A11400843EB
:10555000216888602068C06820F4E020216A084340
:105560002168C860208EA16B41EA00402168086173
:105570002168E06B48612068006820F4F851606899
:10558000401E41EA002021680860A06D33460022D9
:1055900020210090204604F0BDF905468DBB20680F
:1055A000C06820F0FF00616A491E08432168C86096
:1055B0002068006820F04000A16808432168086066
:1055C000D4E90A0108432168D1F8081121F0A0416B
:1055D00008432168C1F808012068006840F0010014
:1055E00021680860A069022805D12068806840F021
:1055F000020021688860E068B0F1806F02D101206C
:10560000206501E0022020652846F8BDF4F8E0F8A6
:1056100010B5B6B00446142130A8FAF7E2FEB8215E
:1056200002A8FAF7DEFE3B49206888426FD14FF0AE
:1056300000710020CDE90210159002A800F0D6FFFD
:1056400008B1FBF7CBFF00BF3348006840F40010FF
:10565000314908600846006800F40010019000BF5E
:1056600000BF00BF0846006840F48040086008465C
:10567000006800F48040019000BF00BF00BF2648D2
:105680000C30006840F0200023490C3108600846C7
:10569000006800F02000019000BF00BF00BF084676
:1056A000006840F0020008600846006800F0020050
:1056B000019000BF00BF4FF4707030900220319015
:1056C00000203290032033900A20349030A91348F0
:1056D000FFF744F94FF480603090022031900020B1
:1056E0003290032033900920349030A90B48FFF703
:1056F00035F9402030900220319000203290032074
:1057000033900A20349030A90548FFF727F936B0C6
:1057100010BD000000500052D4440258001402583A
:1057200000040258024691650020704770B5044697
:1057300015480068C0F3800048B91348006800F0BD
:105740000700A04201D0012070BD0020FCE70E48F8
:10575000006820F0070020430B490860FFF706FAB5
:10576000054607E0FFF702FA401BB0F57A7F01D942
:105770000120E9E7044808380068C0F340300028F9
:10578000F0D00020E0E700000C48025810B501F00E
:1057900021FF05490968C1F30211044A515C01F077
:1057A0001F01C84010BD00002044025894C10008E9
:1057B00070B50146844D2D6805F00303824D2D68B8
:1057C000C5F30510804D2D1D2D6805F001047E4D9B
:1057D0000C352D68C5F3CC0515FB04F501EE105A08
:1057E000B8EE411AF0EE410A00286FD023B1012B28
:1057F0004ED0022B6BD16BE0734D283D2D68C5F365
:1058000040153DB3704D283D2D68C5F3C1066F4D61
:1058100025FA06F201EE102AF8EE411A01EE100AFE
:10582000B8EE411A81EE812A9FED691AC0EE811A05
:10583000654D08352D68C5F3080501EE105AB8EE20
:10584000411A31EE811AF7EE001A31EE211A22EEDA
:10585000010A1CE001EE100AB8EE411ADFED5D1AF4
:1058600081EE812A9FED5A1AC0EE811A564D0835F5
:105870002D68C5F3080501EE105AB8EE411A31EE55
:10588000811AF7EE001A31EE211A22EE010A5BE0CE
:1058900001EE100AB8EE411ADFED4F1A81EE812AAF
:1058A0009FED4B1AC0EE811A474D08352D68C5F3A0
:1058B000080501EE105AB8EE411A31EE811AF7EEE2
:1058C000001A31EE211A22EE010A3DE077E01DE0D8
:1058D00001EE100AB8EE411A9FED402AC2EE011AFD
:1058E0009FED3B1A80EE812A374D08352D68C5F3B0
:1058F000080501EE105AB8EE411A32EE011AB7EE61
:10590000002A31EE021A21EE810A1DE001EE100A92
:10591000B8EE411ADFED2F1A81EE812A9FED2C1A85
:10592000C0EE811A284D08352D68C5F3080501EE33
:10593000105AB8EE411A31EE811AF7EE001A31EE24
:10594000211A22EE010A00BF00BF1F4D08352D6845
:10595000C5F3462501EE105AB8EE411AF7EE001ACB
:1059600031EE211AC0EE011ABCEEE11A81ED001AE7
:10597000154D08352D68C5F3064501EE105AB8EEF1
:10598000411AF7EE001A31EE211AC0EE011ABCEEF0
:10599000E11A81ED011A0C4D08352D68C5F3066535
:1059A00001EE105AB8EE411AF7EE001A31EE211A44
:1059B000C0EE011ABCEEE11A81ED021A03E00025E7
:1059C0000D604D608D6070BD284402580090D0037A
:1059D000000000460024744C0024744A20BCBE4BD6
:1059E00070B50146844D2D6805F00303824D2D6886
:1059F000C5F30530804D2D1D2D68C5F300147E4D77
:105A000014352D68C5F3CC0515FB04F501EE105ACD
:105A1000B8EE411AF0EE410A00286FD023B1012BF5
:105A20004ED0022B6BD16BE0734D283D2D68C5F332
:105A300040153DB3704D283D2D68C5F3C1066F4D2F
:105A400025FA06F201EE102AF8EE411A01EE100ACC
:105A5000B8EE411A81EE812A9FED691AC0EE811AD3
:105A6000654D10352D68C5F3080501EE105AB8EEE6
:105A7000411A31EE811AF7EE001A31EE211A22EEA8
:105A8000010A1CE001EE100AB8EE411ADFED5D1AC2
:105A900081EE812A9FED5A1AC0EE811A564D1035BB
:105AA0002D68C5F3080501EE105AB8EE411A31EE23
:105AB000811AF7EE001A31EE211A22EE010A5BE09C
:105AC00001EE100AB8EE411ADFED4F1A81EE812A7D
:105AD0009FED4B1AC0EE811A474D10352D68C5F366
:105AE000080501EE105AB8EE411A31EE811AF7EEB0
:105AF000001A31EE211A22EE010A3DE077E01DE0A6
:105B000001EE100AB8EE411A9FED402AC2EE011ACA
:105B10009FED3B1A80EE812A374D10352D68C5F375
:105B2000080501EE105AB8EE411A32EE011AB7EE2E
:105B3000002A31EE021A21EE810A1DE001EE100A60
:105B4000B8EE411ADFED301A81EE812A9FED2C1A52
:105B5000C0EE811A284D10352D68C5F3080501EEF9
:105B6000105AB8EE411A31EE811AF7EE001A31EEF2
:105B7000211A22EE010A00BF00BF1F4D10352D680B
:105B8000C5F3462501EE105AB8EE411AF7EE001A99
:105B900031EE211AC0EE011ABCEEE11A81ED001AB5
:105BA000154D10352D68C5F3064501EE105AB8EEB7
:105BB000411AF7EE001A31EE211AC0EE011ABCEEBE
:105BC000E11A81ED011A0C4D10352D68C5F30665FB
:105BD00001EE105AB8EE411AF7EE001A31EE211A12
:105BE000C0EE011ABCEEE11A81ED021A03E00025B5
:105BF0000D604D608D6070BD284402580090D00348
:105C0000000000460024744C0024744A20BCBE4BA3
:105C100070B50146844D2D6805F00303824D2D6853
:105C2000C5F30550804D2D1D2D68C5F300247E4D14
:105C30001C352D68C5F3CC0515FB04F501EE105A93
:105C4000B8EE411AF0EE410A00286FD023B1012BC3
:105C50004ED0022B6BD16BE0734D283D2D68C5F300
:105C600040153DB3704D283D2D68C5F3C1066F4DFD
:105C700025FA06F201EE102AF8EE411A01EE100A9A
:105C8000B8EE411A81EE812A9FED691AC0EE811AA1
:105C9000654D18352D68C5F3080501EE105AB8EEAC
:105CA000411A31EE811AF7EE001A31EE211A22EE76
:105CB000010A1CE001EE100AB8EE411ADFED5D1A90
:105CC00081EE812A9FED5A1AC0EE811A564D183581
:105CD0002D68C5F3080501EE105AB8EE411A31EEF1
:105CE000811AF7EE001A31EE211A22EE010A5BE06A
:105CF00001EE100AB8EE411ADFED4F1A81EE812A4B
:105D00009FED4B1AC0EE811A474D18352D68C5F32B
:105D1000080501EE105AB8EE411A31EE811AF7EE7D
:105D2000001A31EE211A22EE010A3DE077E01DE073
:105D300001EE100AB8EE411A9FED402AC2EE011A98
:105D40009FED3B1A80EE812A374D18352D68C5F33B
:105D5000080501EE105AB8EE411A32EE011AB7EEFC
:105D6000002A31EE021A21EE810A1DE001EE100A2E
:105D7000B8EE411ADFED301A81EE812A9FED2C1A20
:105D8000C0EE811A284D18352D68C5F3080501EEBF
:105D9000105AB8EE411A31EE811AF7EE001A31EEC0
:105DA000211A22EE010A00BF00BF1F4D18352D68D1
:105DB000C5F3462501EE105AB8EE411AF7EE001A67
:105DC00031EE211AC0EE011ABCEEE11A81ED001A83
:105DD000154D18352D68C5F3064501EE105AB8EE7D
:105DE000411AF7EE001A31EE211AC0EE011ABCEE8C
:105DF000E11A81ED011A0C4D18352D68C5F30665C1
:105E000001EE105AB8EE411AF7EE001A31EE211ADF
:105E1000C0EE011ABCEEE11A81ED021A03E0002582
:105E20000D604D608D6070BD284402580090D00315
:105E3000000000460024744C0024744A20BCBE4B71
:105E40002DE9F04389B006460F464FF4807186EA8B
:105E50000100384370D1F748006800F00709B9F134
:105E6000050F65D2DFE809F0031221623000F14826
:105E70005038006800F00070B0F1007F04D106A82F
:105E8000FFF796FC079C00E0002453E0E9485038F7
:105E9000006800F00060B0F1006F04D103A8FFF7C4
:105EA0009FFD039C00E0002444E0E2485038006875
:105EB00000F00050B0F1005F04D16846FFF7A8FE83
:105EC000009C00E0002435E0DA48001F006800F084
:105ED0004055D8485038006800F00400042809D123
:105EE00045B9D44850380068C0F3C101D24820FAFF
:105EF00001F41AE0CF485038006800F48070B0F523
:105F0000807F04D1B5F1805F01D1CC4C0DE0C94850
:105F10005038006800F40030B0F5003F04D1B5F10E
:105F2000005F01D1C64C00E0002403E0C54C01E055
:105F3000002400BF4BE3FFE74FF4806186EA0100D5
:105F400038437BD1BB480830006800F46009B9F5DC
:105F5000800F2CD006DCB9F1000F0AD0B9F5001F74
:105F600069D115E0B9F5C00F63D0B9F5000F62D162
:105F70002CE0B0485038006800F00070B0F1007FAD
:105F800004D106A8FFF714FC079C00E0002454E0AD
:105F9000A8485038006800F00060B0F1006F04D1EC
:105FA00003A8FFF71DFD039C00E0002445E0A14885
:105FB0005038006800F00050B0F1005F04D168462E
:105FC000FFF726FE009C00E0002436E09948001F01
:105FD000006800F0405597485038006800F0040011
:105FE000042809D145B9934850380068C0F3C1016D
:105FF000914820FA01F41BE08E485038006800F404
:106000008070B0F5807F04D1B5F1805F01D18B4CF9
:106010000EE088485038006800F40030B0F5003FCA
:1060200005D1B5F1005F02D1854C01E006E0002406
:1060300003E0844C01E0002400BFC8E24FF400619B
:1060400086EA010038437BD17A480830006800F0C6
:10605000E069B9F1007F2CD006DCB9F1000F0AD05D
:10606000B9F1807F69D115E0B9F1407F63D0B9F112
:10607000806F62D12CE06F485038006800F00070EB
:10608000B0F1007F04D106A8FFF792FB079C00E067
:10609000002454E067485038006800F00060B0F118
:1060A000006F04D103A8FFF79BFC039C00E00024D1
:1060B00045E060485038006800F00050B0F1005FE3
:1060C00004D16846FFF7A4FD009C00E0002436E000
:1060D0005848001F006800F0405556485038006886
:1060E00000F00400042809D145B95248503800682E
:1060F000C0F3C101504820FA01F41BE04D4850386C
:10610000006800F48070B0F5807F04D1B5F1805F45
:1061100001D14A4C0EE047485038006800F4003086
:10612000B0F5003F05D1B5F1005F02D1444C01E06C
:1061300006E0002403E0434C01E0002400BF46E2F7
:106140004FF4805186EA0100384372D13948006823
:1061500000F4E048B8F5005F2CD006DCB8F1000F81
:106160000AD0B8F5805F75D115E0B8F5405F6FD003
:10617000B8F5804F6ED12CE02E485038006800F002
:106180000070B0F1007F04D106A8FFF711FB079C57
:1061900000E0002460E027485038006800F000600C
:1061A000B0F1006F04D103A8FFF71AFC039C00E0D4
:1061B000002451E01F485038006800F00050B0F152
:1061C000005F04D16846FFF723FD009C00E0002437
:1061D00042E01848001F006800F04055154850384C
:1061E000006800F00400042809D145B9114850386E
:1061F0000068C0F3C101104820FA01F427E00D48FF
:106200005038006800F48070B0F5807F04D1B5F19B
:10621000805F01D1094C1AE006485038006800F44C
:106220000030B0F5003F11D1B5F1005F0ED1044C44
:106230000DE012E0504402580090D00300093D00E8
:1062400040787D010080BB0004E001E0002403E011
:10625000E14C01E0002400BFB9E14FF4005186EAAF
:106260000100384367D1DD48006800F4E028B8F544
:10627000403F33D009DCB8F1000F0DD0B8F5803FB6
:106280000ED0B8F5003F53D119E0B8F5802F37D0C4
:10629000B8F5A02F4CD13FE001F0C2F9044649E027
:1062A000CE485038006800F00060B0F1006F04D1B3
:1062B00003A8FFF795FB049C00E000243AE0C748E0
:1062C0005038006800F00050B0F1005F04D168461B
:1062D000FFF79EFC019C00E000242BE0BF485038F3
:1062E000006800F00400042808D1BC485038006859
:1062F000C0F3C101BA4820FA01F400E0002419E01B
:10630000B6485038006800F48070B0F5807F01D145
:10631000B44C00E000240DE0B0485038006800F4B0
:106320000030B0F5003F01D1AF4C00E0002401E0A7
:10633000002400BF4BE14FF4002186EA01003843FE
:1063400061D1A6480830006800F44038B8F1000F69
:1063500006D0B8F5803F12D0B8F5003F50D11DE00F
:106360009E485038006800F00060B0F1006F04D122
:1063700003A8FFF735FB039C00E0002442E09748A8
:106380005038006800F00050B0F1005F04D168465A
:10639000FFF73EFC029C00E0002433E08F48001F22
:1063A000006800F040558D485038006800F0040047
:1063B000042809D145B9894850380068C0F3C101A3
:1063C000874820FA01F41AE084485038006800F445
:1063D0008070B0F5807F04D1B5F1805F01D1814C30
:1063E0000DE07E485038006800F40030B0F5003F02
:1063F00004D1B5F1005F01D17B4C00E0002401E045
:10640000002400BFE3E04FF4803186EA0100384306
:106410002CD17248001F006800F48038B8F1000FDA
:1064200003D0B8F5803F1ED10EE06C4850380068AC
:1064300000F00070B0F1007F04D106A8FFF7B8F9B2
:10644000079C00E0002410E064485038006800F029
:106450000060B0F1006F04D103A8FFF7C1FA059CFA
:1064600000E0002401E0002400BFB0E04FF48041D0
:1064700086EA0100384368D158480830006800F0C7
:10648000E048B8F1405F33D009DCB8F1000F0DD01F
:10649000B8F1805F0ED0B8F1005F53D119E0B8F1C8
:1064A000804F37D0B8F1A04F4CD13FE0FFF76EF9E5
:1064B000044649E049485038006800F00060B0F1F7
:1064C000006F04D103A8FFF78BFA049C00E00024BE
:1064D0003AE042485038006800F00050B0F1005FE8
:1064E00004D16846FFF794FB019C00E000242BE0F8
:1064F0003A485038006800F00400042808D13748B2
:1065000050380068C0F3C101354820FA01F400E0BA
:10651000002419E031485038006800F48070B0F56C
:10652000807F01D12F4C00E000240DE02B48503833
:10653000006800F40030B0F5003F01D12A4C00E0C3
:10654000002401E0002400BF41E04FF4004186EA4E
:10655000010038433AD12148006800F04058B8F1B2
:10656000000F06D0B8F1805F0FD0B8F1005F2AD1DC
:106570001AE01A485038006800F40030B0F5003FC7
:1065800001D1194C00E000241FE014485038006885
:1065900000F00070B0F1007F04D106A8FFF708F901
:1065A000079C00E0002410E00C485038006800F020
:1065B0000060B0F1006F04D103A8FFF711FA049C4A
:1065C00000E0002401E0002400BF00E00024204699
:1065D00009B0BDE8F08300000080BB0050440258C1
:1065E0000090D00300093D0040787D012DE9F04185
:1065F00004460025A8464FF00062D4E9001011407F
:106600000020134659404040014331D1606E48B1EB
:10661000B0F5801F0DD0B0F5001F11D0B0F5401FB0
:1066200016D114E0FE48006840F40030FC490860D0
:1066300010E0022104F1080003F0A8F9054609E082
:10664000022104F1280003F053FA054602E001E0BC
:10665000012500BF00BF55B9F1482430006820F47F
:106660004010616E0843EE492431086000E0A846FE
:106670004FF48072D4E900101140002013465940B5
:10668000404001432ED1A06D05281BD2DFE800F069
:10669000030A11181900E248006840F40030E0498C
:1066A000086011E0002104F1080003F06FF90546CD
:1066B0000AE0002104F1280003F01AFA054603E07D
:1066C00002E001E0012500BF00BF55B9D4482430E5
:1066D000006820F00700A16D0843D149243108600B
:1066E00000E0A8464FF48062D4E900101140002079
:1066F00013465940404001433DD1D4F8A400B0F5C1
:10670000C00F24D007DC68B1B0F5001F11D0B0F580
:10671000800F1FD114E0B0F5000F19D0B0F5200F95
:1067200018D116E0BE48006840F40030BC4908604B
:1067300012E0002104F1080003F028F905460BE0FF
:10674000002104F1280003F0D3F9054604E003E03A
:1067500002E001E0012500BF00BF5DB9B0482C3068
:10676000006820F46000D4F8A4100843AC492C3130
:10677000086000E0A8464FF40062D4E90001104030
:10678000002113465840494008433DD1D4F8A800A1
:10679000B0F1407F24D007DC68B1B0F1807F11D028
:1067A000B0F1007F1FD114E0B0F1806F19D0B0F1CB
:1067B000A06F18D116E09A48006840F4003098495C
:1067C000086012E0002104F1080003F0DFF805463C
:1067D0000BE0002104F1280003F08AF9054604E0EB
:1067E00003E002E001E0012500BF00BF5DB98C4875
:1067F0002C30006820F0E060D4F8A81008438849E5
:106800002C31086000E0A8464FF00073D4E9001076
:106810001940002059404040014328D1E06CA8B104
:10682000102804D0202809D0302810D10DE07C4851
:10683000006840F400307A4908600AE0022104F15F
:10684000080003F0A3F8054603E002E001E001259B
:1068500000BF00BF55B972482030006820F03000FA
:10686000E16C08436E492031086000E0A8464FF40F
:106870008053D4E9001019400020594040400143A2
:1068800037D1E06DB0F5005F1AD004DC50B1B0F53F
:10689000805F1ED10DE0B0F5405F18D0B0F5804F9D
:1068A00017D115E05E48006840F400305C4908608C
:1068B00011E0002104F1080003F068F805460AE041
:1068C000002104F1280003F013F9054603E002E07B
:1068D00001E0012500BF00BF55B9514824300068D0
:1068E00020F4E040E16D08434D492431086000E0A8
:1068F000A8464FF40053D4E9001019400020594035
:106900004040014335D1206EB0F5403F1ED007DC3A
:1069100068B1B0F5803F0BD0B0F5003F19D10EE063
:10692000B0F5802F13D0B0F5A02F12D110E012E0F7
:10693000012104F1080003F029F805460BE00121CC
:1069400004F1280003F0D4F8054604E003E002E077
:1069500001E0012500BF00BF55B93148243000686F
:1069600020F4E020216E08432D492431086000E026
:10697000A8464FF48042D4E900011040002113469C
:1069800058404940084337D1D4F8AC00B0F1405FDB
:106990001ED007DC68B1B0F1805F0BD0B0F1005FB2
:1069A00019D10EE0B0F1804F13D0B0F1A04F12D149
:1069B00010E012E0012104F1080002F0E7FF0546B3
:1069C0000BE0012104F1280003F092F8054604E0F1
:1069D00003E002E001E0012500BF00BF5DB91048FF
:1069E0002C30006820F0E040D4F8AC1008430C498B
:1069F0002C31086000E0A8464FF40043D4E90001C0
:106A0000184000215840494008432AD1E06EB8B1EF
:106A1000B0F1805F06D0B0F1005F12D109E0000054
:106A20002C440258F948006840F40030F7490860E7
:106A300009E0012104F1080002F0A8FF054602E088
:106A400001E0012500BF00BF55B9F04824300068BF
:106A500020F04050E16E0843EC492431086000E02A
:106A6000A8464FF08073D4E9001019400020594027
:106A70004040014328D1A06CA8B1012804D00228CD
:106A800009D0032810D10DE0E048006840F4003040
:106A9000DE4908600AE0022104F1080002F076FFF6
:106AA000054603E002E001E0012500BF00BF55B943
:106AB000D6482030006820F00300A16C0843D34979
:106AC0002031086000E0A8464FF48003D4E90010AC
:106AD000194000205940404001437DD1CC48006816
:106AE00040F48070CA490860FEF740F8064606E0A8
:106AF000FEF73CF8801B642801D9032505E0C44853
:106B0000006800F480700028F2D000BF85BBBF4849
:106B10004430006800F44070B4F8B01001F44071E3
:106B2000884213D0B9484430006820F44077B74811
:106B30004430006840F48030B4494431086008466D
:106B4000006820F48030086008460760D4F8B00080
:106B5000B0F5807F15D1FEF709F8064609E0FEF78B
:106B600005F8801B41F28831884202D9032507E0ED
:106B700038E0A64844300068C0F340000028EED05A
:106B800000BF55BB00BFB4F8B00000F44070B0F5D2
:106B9000407F0ED19D481C38006820F47C519D4AEE
:106BA000D4F8B000104041EA101098491C39086030
:106BB00007E096481C38006820F47C5093491C3943
:106BC0000860924844300068B4F8B010C1F30B017B
:106BD00008438E49443101E005E001E0086002E02D
:106BE000A84600E0A8460122D4E900011040002197
:106BF000134658404940084330D1A06F18281AD096
:106C000005DC48B1082808D0102817D10CE020284E
:106C100012D0282812D110E012E0012104F108005E
:106C200002F0B4FE05460BE0012104F1280002F059
:106C30005FFF054604E003E002E001E0012500BF3C
:106C400000BF55B971482830006820F03800A16FA6
:106C500008436E492831086000E0A8460223D4E9C1
:106C600000101940002059404040014329D1606F75
:106C7000062816D2DFE800F003040B12131412E00A
:106C8000012104F1080002F081FE05460BE001211C
:106C900004F1280002F02CFF054604E003E002E0C6
:106CA00001E0012500BF00BF55B9584828300068F1
:106CB00020F00700616F084354492831086000E064
:106CC000A8460422D4E90010114000201346594080
:106CD000404001432BD1D4F89000062816D2DFE8BB
:106CE00000F003040B12131412E0012104F1080058
:106CF00002F04CFE05460BE0012104F1280002F0F1
:106D0000F7FE054604E003E002E001E0012500BFD4
:106D100000BF5DB93D482C30006820F00700D4F872
:106D20009010084339492C31086000E0A846202320
:106D3000D4E900011840002158404940084337D1A8
:106D4000D4F88C00B0F1405F1ED007DC68B1B0F120
:106D5000805F0BD0B0F1005F19D10EE0B0F1804F31
:106D600013D0B0F1A04F12D110E012E0002104F1D5
:106D7000080002F00BFE05460BE0022104F128009A
:106D800002F0B6FE054604E003E002E001E0012562
:106D900000BF00BF5DB91D482830006820F0E0400A
:106DA000D4F88C10084319492831086000E0A8463F
:106DB0004023D4E9001019400020594040400143CD
:106DC0003CD1D4F89800B0F5406F25D007DC68B10D
:106DD000B0F5806F0BD0B0F5006F20D10EE0B0F5AC
:106DE000805F1AD0B0F5A05F19D117E019E000213B
:106DF00004F1080002F0CAFD054612E0022104F188
:106E0000280002F075FE05460BE000002C440258F5
:106E100000480258FFFCFF0F03E002E001E00125FB
:106E200000BF00BF4DB9FE48006820F4E050D4F820
:106E300098100843FA49086000E0A8468023D4E986
:106E400000101940002059404040014335D1D4F88A
:106E50009C00B0F5C04F1ED007DC68B1B0F5005FF4
:106E60000BD0B0F5804F19D10EE0B0F5004F13D024
:106E7000B0F5204F12D110E012E0002104F108001B
:106E800002F084FD05460BE0022104F1280002F027
:106E90002FFE054604E003E002E001E0012500BF0B
:106EA00000BF4DB9DE48006820F46040D4F89C1063
:106EB0000843DB49086000E0A8460823D4E9000144
:106EC0001840002158404940084317D1D4F88000A9
:106ED000B0F5805F07D1022104F1280002F008FE1E
:106EE00008B14FF00108CE48001F006820F4405060
:106EF000D4F880100843CA49091F08601023D4E958
:106F000000011840002158404940084315D1D4F8E9
:106F10009400B0F5807F07D1022104F1280002F02F
:106F2000E7FD08B14FF00108BD48006820F440704B
:106F3000D4F894100843BA4908604FF40023D4E908
:106F400000011840002158404940084327D1D4F897
:106F5000A00030B1B0F5803F0AD0B0F5003F0FD1AE
:106F60000DE0002104F1080002F010FD054609E0E3
:106F7000022104F1280002F0BBFD054602E001E019
:106F8000012500BF00BF4DB9A548006820F440307E
:106F9000D4F8A0100843A249086000E0A8464FF4C6
:106FA0008023D4E90001184000215840494008439B
:106FB0002DD1D4F88400B0F5801F06D0B0F5001FA5
:106FC0000CD0B0F5401F11D10FE095482C38006867
:106FD00040F4003092492C39086009E0012104F1A5
:106FE000280002F085FD054602E001E0012500BF12
:106FF00000BF5DB98A48001F006820F44010D4F833
:10700000841008438649091F086000E0A8464FF431
:107010008032D4E900011040002113465840494015
:10702000084325D1206D18B1B0F5803F10D108E09C
:107030007B482C38006840F4003079492C390860CE
:1070400008E0022104F1080002F0A0FC054601E07E
:10705000012500BF00BF55B971480C38006820F405
:107060008030216D08436E490C39086000E0A84665
:107070004FF00053D4E9001019400020594040401F
:10708000014307D1022104F1280002F031FD08B1CB
:107090004FF001084FF40032D4E900011040002104
:1070A000134658404940084327D1E06FA0B1B0F5DE
:1070B000807F06D0B0F5007F0CD0B0F5407F0CD1BA
:1070C00009E057482C38006840F4003054492C3906
:1070D000086004E003E002E001E0012500BF00BF1A
:1070E00055B94F48001F006820F44070E16F084315
:1070F0004B49091F086000E0A8464FF48012D4E90C
:10710000001011400020134659404040014309D16E
:1071100043480838006820F00040216F0843404988
:10712000083908604FF40013D4E900011840002129
:1071300058404940084309D139480838006820F0D0
:107140008070A16E08433649083908604FF08043CB
:10715000D4E900101940002059404040014311D1AA
:1071600000BF2F484838006820F400402C494839B7
:10717000086008460068D4F8B41008432849483924
:10718000086000BF4FF00042D4E900011040002128
:10719000134658404940084309D121480C3800683B
:1071A00020F04050616D08431D490C3908604FF4D0
:1071B0000002D4E90010114000201346594040401D
:1071C00001430AD11648001F006820F44000D4F89B
:1071D000881008431249091F0860012200216068D5
:1071E000104049405040014306D104F1080002F02C
:1071F000CDFB054605B1A84602220021606810407B
:1072000049405040014307D1012104F1080002F038
:10721000BDFB054605B1A84604230020616801E0D6
:10722000584402581940042240405140084307D1B5
:10723000022104F1080002F0A9FB054605B1A846A9
:10724000082300206168194008224040514008434B
:1072500007D1002104F1280002F04AFC054605B1DF
:10726000A846102300206168194010224040514078
:10727000084307D1012104F1280002F039FC05463A
:1072800005B1A846202200216068104049405040C6
:10729000014307D1022104F1280002F029FC054630
:1072A00005B1A846B8F1000F02D10020BDE8F08179
:1072B0000120FBE72DE9F04104460D4614B90120F9
:1072C000BDE8F081BD48006800F00F00A8420ED272
:1072D000BA48006820F00F002843B8490860084603
:1072E000006800F00F00A84201D00120E8E72078F4
:1072F00000F0040004280ED1B1492069096801F0AA
:107300007001884207D9AE48006820F070002169FA
:107310000843AB490860207800F00800082811D124
:10732000A749091D6069096801F07001884209D9FF
:10733000A348001D006820F0700061690843A0495F
:10734000091D0860207800F01000102811D19C4918
:10735000091DA069096801F4E061884209D99848CB
:10736000001D006820F4E060A16908439449091DEC
:107370000860207800F02000202811D190490831C1
:10738000E069096801F07001884209D98C48083029
:10739000006820F07000E1690843894908310860FD
:1073A000207800F0020002280ED18549E0680968C3
:1073B00001F00F01884207D98148006820F00F00D2
:1073C000E16808437E490860207800F00100002849
:1073D00050D07B48006820F47060A1680843784969
:1073E00008606068022807D1754818380068C0F343
:1073F0004040F8B9012063E76068032807D170486E
:1074000018380068C0F34060A0B9012058E76068F0
:10741000012807D16A4818380068C0F3002048B92D
:1074200001204DE7664818380068C0F3800008B9AD
:10743000012045E762480838006820F007006168CD
:1074400008435F4908390860FDF790FB064608E0ED
:10745000FDF78CFB801B41F28831884201D9032063
:107460002EE757480838006800F038006168B0EB34
:10747000C10FEDD1207800F0020002280ED1504952
:10748000E068096801F00F01884207D24C480068A3
:1074900020F00F00E1680843494908604748006848
:1074A00000F00F00A8420ED94448006820F00F00F9
:1074B0002843424908600846006800F00F00A842CF
:1074C00001D00120FCE6207800F0040004280ED151
:1074D0003B492069096801F07001884207D23848A9
:1074E000006820F070002169084335490860207861
:1074F00000F00800082811D13149091D60690968A8
:1075000001F07001884209D22D48001D006820F06A
:107510007000616908432A49091D0860207800F05D
:107520001000102811D12649091DA069096801F42D
:10753000E061884209D22248001D006820F4E06022
:10754000A16908431E49091D0860207800F0200049
:10755000202811D11A490831E069096801F0700149
:10756000884209D216480830006820F07000E169AE
:10757000084313490831086000F076F8104909689B
:10758000C1F303210F4A515C01F01F0120FA01F7FA
:107590000B48006800F00F001146085C00F01F0067
:1075A00027FA00F0084908600848076008480068A2
:1075B000FDF71EFB8046404682E600000020005298
:1075C0001844025894C1000818000020140000203C
:1075D0000C00002010B500F047F80D490968C1F310
:1075E00003210C4A515C01F01F0120FA01F4084804
:1075F000006800F00F001146085C00F01F0024FA3C
:1076000000F005490860054804600846006810BDA0
:107610001844025894C100081800002014000020EB
:1076200000B5FFF7D7FF05490968C1F30211044A05
:10763000515C01F01F01C84000BD00001C4402580D
:1076400094C1000800B5FFF7C5FF05490968C1F3FB
:107650000221044A515C01F01F01C84000BD000036
:107660001C44025894C10008F0B5824E366806F0FA
:10767000380636B1082E15D0102E15D0182E7DD113
:1076800014E07C4E103E3668C6F3401646B1794E83
:10769000103E3668C6F3C107774E26FA07F000E0C1
:1076A0007548E5E07548E3E07548E1E0714E18364D
:1076B000366806F003046F4E18363668C6F30511B7
:1076C0006C4E1C36366806F001056A4E2436366864
:1076D000C6F3CC0616FB05F601EE106AB8EE410AB9
:1076E000002971D024B1012C50D0022C6DD16DE055
:1076F000604E103E3668C6F340163EB35D4E103EF7
:107700003668C6F3C1075C4E26FA07F301EE103A5D
:10771000F8EE411A01EE101AB8EE411A81EE812AF4
:107720009FED581AC0EE011A524E20363668C6F345
:10773000080601EE106AB8EE411A31EE811AF7EE32
:10774000001A31EE211A62EE010A1EE001EE101A53
:10775000B8EE411ADFED4C1A81EE812A9FED491AED
:10776000C0EE011A434E20363668C6F3080601EE15
:10777000106AB8EE411A31EE811A00E076E0F7EEB9
:10778000001A31EE211A62EE010A5BE001EE101AD6
:10779000B8EE411A9FED3D2AC2EE011A9FED391A4B
:1077A00080EE012A334E20363668C6F3080601EE15
:1077B000106AB8EE411A32EE011AB7EE002A31EE25
:1077C000021A61EE810A3DE04EE01DE001EE101A62
:1077D000B8EE411ADFED2E1A81EE812A9FED291AAB
:1077E000C0EE011A234E20363668C6F3080601EEB5
:1077F000106AB8EE411A31EE811AF7EE001A31EE36
:10780000211A62EE010A1DE001EE101AB8EE411ACB
:107810009FED1E2AC2EE011A9FED1A1A80EE012A70
:10782000144E20363668C6F3080601EE106AB8EE2C
:10783000411A32EE011AB7EE002A31EE021A61EE59
:10784000810A00BF00BF0B4E20363668C6F34626BD
:10785000721C01EE102AB8EE411AC0EE811ABCEE7D
:10786000E11A11EE100A00E0002001E0034800BF19
:1078700000BFF0BD104402580090D00300093D0045
:1078800040787D01000000460024744C0024744AB6
:1078900020BCBE4B2DE9F047044614B90120BDE8D9
:1078A000F087207800F00100002870D0F9480068C7
:1078B00000F03808F7481830D0F80090B8F1100FF1
:1078C00006D0B8F1180F0FD109F0030002280BD130
:1078D000F04810380068C0F3404000286AD0606863
:1078E000002867D10120DAE700BF6068B0F5803F6B
:1078F00008D1E8481038006840F48030E549103974
:1079000008602EE0606868B9E2481038006820F42A
:107910008030E049103908600846006820F4802073
:1079200008601EE06068B0F5A02F0DD1D94810386E
:10793000006840F48020D749103908600846006884
:1079400040F4803008600CE0D2481038006820F421
:107950008030D049103908600846006820F4802043
:10796000086000BF606898B1FDF700F9054606E0C1
:10797000FDF7FCF8401B642801D903208FE7C548B8
:1079800010380068C0F340400028F1D012E012E047
:10799000FDF7ECF8054606E0FDF7E8F8401B642823
:1079A00001D903207BE7BB4810380068C0F3404092
:1079B0000028F1D100BF207800F00200022879D120
:1079C000B448006800F03808B2481830D0F8009089
:1079D000B8F1000F05D0B8F1180F35D109F0030048
:1079E00088BBAC4810380068C0F3800018B1E0686C
:1079F00008B9012053E7A7481038006820F01900A3
:107A0000E1680843A34910390860FDF7AFF805465F
:107A100006E0FDF7ABF8401B022801D903203EE742
:107A20009C4810380068C0F380000028F1D09948C5
:107A30000C38006820F0FE40217C40EA0160954946
:107A40000C39086045E0FFE7E06838B3914810382A
:107A5000006820F01900E16808438E491039086079
:107A6000FDF784F8054606E0FDF780F8401B022884
:107A700001D9032013E7874810380068C0F380005D
:107A80000028F1D083480C38006820F0FE40217CAB
:107A900040EA01607F490C3908601AE07D481038DF
:107AA000006820F001007B4910390860FDF75EF89E
:107AB000054607E00EE0FDF759F8401B022801D902
:107AC0000320ECE6734810380068C0F380000028FB
:107AD000F1D100BF207800F0100010286FD16D4860
:107AE000006800F038086B481830D0F80090B8F102
:107AF000080F06D0B8F1180F1CD109F003000128B7
:107B000018D1644810380068C0F3002020B1E06943
:107B1000802801D00120C2E600BF5E48001F006837
:107B200020F07C5094F8201040EA01605949091F68
:107B3000086043E0E06938B356481038006840F008
:107B40008000544910390860FDF710F8054606E03A
:107B5000FDF70CF8401B022801D903209FE64D4891
:107B600010380068C0F300200028F1D000BF494859
:107B7000001F006820F07C5094F8201040EA01605B
:107B80004449091F086019E042481038006820F095
:107B90008000404910390860FCF7E8FF054606E020
:107BA000FCF7E4FF401B022801D9032077E639489F
:107BB00010380068C0F300200028F1D100BF207801
:107BC00000F00800082836D16069D0B1314864302F
:107BD000006840F001002F4964310860FCF7C6FFDF
:107BE000054606E0FCF7C2FF401B022801D903202E
:107BF00055E6284864300068C0F340000028F1D002
:107C000019E024486430006820F001002149643103
:107C10000860FCF7ABFF054606E0FCF7A7FF401B3A
:107C2000022801D903203AE61A4864300068C0F3FC
:107C300040000028F1D1207800F02000202838D121
:107C4000A069D0B113481038006840F48050114941
:107C500010390860FCF78AFF054606E0FCF786FF4E
:107C6000401B022801D9032019E60A481038006891
:107C7000C0F340300028F1D01BE0064810380068FF
:107C800020F48050034910390860FCF76FFF054667
:107C900009E0000010440258FCF768FF401B02286E
:107CA00001D90320FBE5D0480068C0F3403000282C
:107CB000F2D1207800F0040004287DD1CB48006880
:107CC00040F48070C9490860FCF750FF054606E0A3
:107CD000FCF74CFF401B642801D90320DFE5C348B3
:107CE000006800F480700028F2D000BFA06801286E
:107CF00008D1BD487030006840F00100BA497031C9
:107D000008602DE0A06868B9B7487030006820F0BE
:107D10000100B549703108600846006820F0040091
:107D200008601DE0A06805280DD1AF4870300068DC
:107D300040F00400AC49703108600846006840F02B
:107D4000010008600CE0A8487030006820F00100D5
:107D5000A549703108600846006820F004000860FA
:107D600000BFA068A0B1FCF701FF054608E0FCF7E2
:107D7000FDFE401B41F28831884201D903208EE587
:107D8000994870300068C0F340000028EFD013E03D
:107D9000FCF7ECFE054608E0FCF7E8FE401B41F26C
:107DA0008831884201D9032079E58F487030006816
:107DB000C0F340000028EFD1606A00287DD08A48D7
:107DC0001030006800F03800182877D0606A022868
:107DD00075D18548006820F0807083490860FCF701
:107DE000C5FE054606E0FCF7C1FE401B022801D98E
:107DF000032054E57C480068C0F340600028F2D1BD
:107E000000BFD4E90A1041EA001077492831096817
:107E100040F2F33291430843734928310860208EC1
:107E2000401EC0F30800616B491E4FF47E4202EA17
:107E300041210843218F491ED20102EA0141084332
:107E40003C21095D491E120202EA016108436649AC
:107E50003031086000BF081F006820F00100091FD2
:107E600008606148343000684FF6F8718843A16CAF
:107E700040EAC1005C49343108605B482C3000683E
:107E800020F00C00216C084357492C31086008464B
:107E9000006820F00200616C084353492C310860EF
:107EA0000846006840F4803008600846006840F4E6
:107EB000003008600846006802E092E038E01FE009
:107EC00040F4802008600846006840F00100086027
:107ED0004548006840F0807043490860FCF746FE62
:107EE000054606E0FCF742FE401B022801D90320AC
:107EF000D5E43D480068C0F340600028F2D070E04F
:107F00003948006820F0807037490860FCF72EFE81
:107F1000054606E0FCF72AFE401B022801D9032093
:107F2000BDE431480068C0F340600028F2D158E059
:107F30002D48283007682C4830300668606A0128D0
:107F400021D007F00301A06A81421CD1C7F30511BB
:107F5000E06A884217D1C6F30801206B401E8142B7
:107F600011D1606B401EC6F3462188420BD1A06B35
:107F7000401EC6F30641884205D1E06B401EC6F3A1
:107F80000661884201D0012089E417483430006836
:107F9000C0F3CC07A06CB84223D013482C30006843
:107FA00020F0010010492C310860FCF7DFFD054688
:107FB00000BFFCF7DBFD401BFBD00B4834300068F2
:107FC0004FF6F8718843A16C40EAC100064934318C
:107FD000086005482C30006840F0010002492C314F
:107FE000086000205BE4000000440258004802588A
:107FF00070B504460D460CB9012070BD94F82C00F4
:1080000028B9002084F82D00204600F019F802203D
:1080100084F82C00211D2068F9F7FEFA2946D4E9DE
:108020000002F9F74DFB0548006840F000400349A5
:108030000860012084F82C000020DEE70040005298
:1080400010B50446FCF7F4FB10BD70B504460D46B0
:1080500094F82C00022800D170BD94F82C0001285F
:108060000AD1022084F82C0029462068F9F70AFB7F
:10807000012084F82C0001E00120EDE70020EBE76F
:108080002DE9F04104460E46174694F82C50022D77
:1080900002D10220BDE8F081012D01D0052D12D1C1
:1080A000022084F82C003A4631462068F9F7F4FAA9
:1080B0003068022803D1052084F82C0005E0012057
:1080C00084F82C0001E00120E4E70020E2E770B52D
:1080D00004462546681EB0F1807F01D301200FE0E1
:1080E000681E4FF0E02148610F214FF0FF3002F091
:1080F00049FF00204FF0E02188610720086100203F
:1081000070BD000030B502460B4600BF92F83C003F
:10811000012801D1022030BD012082F83C0000BFBF
:10812000022082F83D001068416810688468254D7F
:108130001068A84203D0244D1068A84203D121F44E
:1081400070015868014321F07001186801431068FC
:1081500041601C4D1068A84223D01068B0F1804FD8
:108160001FD01A4D1068A8421BD0194D1068A842A4
:1081700017D0184D1068A84213D0134D1068A842AC
:108180000FD0154D1068A8420BD0144D1068A842AE
:1081900007D0134D1068A84203D0124D1068A842B2
:1081A00005D124F08004986804431068846001209D
:1081B00082F83D0000BF002082F83C0000BF00BFF5
:1081C000A9E7000000000140000401400004004055
:1081D00000080040000C0040001800400040014032
:1081E00000E0004000E4004010B504460CB9012056
:1081F00010BD94F83D0028B9002084F83C002046CA
:1082000000F02AF8022084F83D00211D206801F0CA
:1082100079FE012084F8480000BF84F83E00012167
:108220003F20015540200155412001554220015574
:108230004320015500BF00BF012084F844004520C1
:108240000155462001554720015500BF012084F803
:108250003D000020CCE7000008B5094A01689142C2
:108260000DD100BF0749096841F00201054A1160BC
:108270001146096801F00201009100BF00BF08BD6E
:1082800000040040E8440258014691F83D000128EE
:1082900001D001207047022081F83D00204B086882
:1082A000984223D00868B0F1804F1FD01D4B08685A
:1082B00098421BD01C4B0868984217D01B4B08688B
:1082C000984213D01A4B086898420FD0194B08688F
:1082D00098420BD0184B0868984207D0174B086893
:1082E000984203D0164B0868984210D108688068FD
:1082F000144B00EA0302062A0FD0B2F5803F0CD0DF
:108300000868006840F001000B68186005E0086824
:10831000006840F001000B6818600020BAE7000018
:10832000000001400004004000080040000C004034
:1083300000040140001800400040014000E00040FF
:1083400000E40040070001002DE9F04104460D461D
:10835000002700BF94F83C00012802D10220BDE8AC
:10836000F081012084F83C0000BF022084F83D0029
:10837000206886684048064026F47F46206886606C
:108380002868702826D00CDC00F00F01002966D187
:108390000011072863D2DFE800F0555657584B37D5
:1083A0004100B0F1101F52D009DCB0F5805F10D051
:1083B000B0F5005F1BD0B0F5801F50D146E0A0F5AE
:1083C00080102038002843D0102842D0202846D1E1
:1083D00040E046E0D5E902136A68206801F006FE35
:1083E0002068866846F077062068866039E0D5E91F
:1083F00002136A68206801F0F9FD2068806840F483
:108400008040216888602CE0EA686968206801F093
:1084100005FE5021206801F0F5FD22E0EA68696858
:10842000206801F00EFE6021206801F0EBFD18E0ED
:10843000EA686968206801F0F1FD4021206801F0D8
:10844000E1FD0EE000BF00BF00BF00BF00BF00BFE6
:1084500000BF00BF2968206801F0D4FD01E00127BA
:1084600000BF00BF012084F83D0000BF002084F859
:108470003C0000BF384672E788FFCEFF014600BFD0
:1084800091F88400012801D102207047012081F871
:10849000840000BF2420C1F88800086802680868CA
:1084A000006820F001000B68186022F000520020E4
:1084B0004866086802602020C1F8880000BF0020DC
:1084C00081F8840000BF00BFDFE72DE9F0410446DA
:1084D0000E461746D4F88C00202825D106B117B9CE
:1084E0000120BDE8F0810120E066002020673A46C7
:1084F0003146204602F038FB05469DB9E06E012862
:108500000FD110202168086200BF00BF216851E828
:10851000001F41F01000226842E800010029F5D157
:1085200000E001252846DCE70220DAE70C4B026870
:108530009A4207D10B4A127822B90122094B1A70CC
:10854000094B1970094B02689A4207D1084A127800
:1085500022B90122064B1A70064B197070470000B1
:10856000001001401C0000201D00002000480040B9
:108570001E0000201F000020704770B504460D4605
:1085800000BF94F88400012801D1022070BD0120B1
:1085900084F8840000BF2420C4F88800206806689E
:1085A0002068006820F00100216808602068806869
:1085B00020F06060284321688860204601F092FD29
:1085C000206806602020C4F8880000BF002084F8DE
:1085D000840000BF00BFD9E770B504460D4600BF58
:1085E00094F88400012801D1022070BD012084F894
:1085F000840000BF2420C4F8880020680668206832
:10860000006820F00100216808602068806820F080
:108610006040284321688860204601F063FD20689F
:1086200006602020C4F8880000BF002084F8840081
:1086300000BF00BFD9E77047704770472DE9F0478A
:1086400004462068C569206806682068876840F687
:108650000F0005EA0009B9F1000F0FD105F0200065
:1086600060B106F0200010B907F0805030B1606FA3
:1086700010B12046616F8847BDE8F087B9F1000F5F
:108680007ED0F848384018B9F74830400028F7D075
:1086900005F0010058B106F4807040B10120216856
:1086A0000862D4F8900040F00100C4F8900005F092
:1086B000020058B107F0010040B1022021680862B1
:1086C000D4F8900040F00400C4F8900005F00400D5
:1086D00058B107F0010040B1042021680862D4F8C5
:1086E000900040F00200C4F8900005F0080070B15E
:1086F00006F0200010B9DB48384040B1082021685E
:108700000862D4F8900040F00800C4F8900005F426
:10871000006060B106F0806048B14FF400602168ED
:108720000862D4F8900040F02000C4F89000D4F81B
:108730009000002852D005F0200050B106F0200033
:1087400010B907F0805020B1606F10B12046616F02
:108750008847D4F890A02068806800F04000402846
:1087600002D00AF0280070B3204601F07BFE20689A
:10877000806800F04000402826D100BF00BF00E024
:108780002DE02168083151E8001F21F040002168E8
:10879000083141E80002002AF1D100BFD4F880007E
:1087A00068B1B248D4F880100865D4F88000FAF7B0
:1087B00069FC98B1D4F88000016D88470EE020462E
:1087C000FFF73BFF0AE003E02046FFF736FF05E036
:1087D0002046FFF732FF0020C4F890004CE7E06E1F
:1087E00001287DD105F01000002879D006F0100096
:1087F0000028FAD01020216808622068806800F004
:10880000400040286DD1D4F8800000689849884223
:108810006BD0D4F88000006895491831884264D044
:10882000D4F8800000689249303188425DD0D4F895
:10883000800000688E494831884256D0D4F88000C4
:1088400000688B49603188424FD0D4F880000068BE
:1088500087497831884248D0D4F88000006884493C
:108860009031884241D0D4F8800000688049A83116
:1088700088423AD0D4F8800000687E49884234D0DB
:10888000D4F8800000687B49183188422DD0D4F894
:108890008000006877493031884226D0D4F88000C3
:1088A00000687449483188421FD0D4F880000068BD
:1088B00070496031884218D0D4F8800000686D4952
:1088C0007831884211D0D4F880000068694990312D
:1088D00088420AD0D4F8800000686649A83102E0D6
:1088E000CAE07BE001E0884204D1D4F8800000684F
:1088F000406803E0D4F88000006840681FFA80F800
:10890000B8F1000F58D0B4F85C00404554DDA4F82D
:108910005E80D4F88000C069B0F5807F40D000BF91
:1089200000BF216851E8001F21F48070226842E8EE
:1089300000010029F5D100BF00BF00BF2168083148
:1089400051E8001F21F001002168083141E80002D0
:10895000002AF3D100BF00BF00BF2168083151E8F1
:10896000001F21F040002168083141E80002002A80
:10897000F3D100BF2020C4F88C000020E06600BFC7
:1089800000BF216851E8001F21F01000226842E872
:1089900000010029F5D100BFD4F88000FAF704F9EE
:1089A00002202067B4F85C00B4F85E20801A81B21F
:1089B0002046FFF7BBFD10E0B4F85C0040450CD149
:1089C000D4F88000C069B0F5807F06D1022020670E
:1089D000B4F85C102046FFF7A9FD4DE634F85C0FB3
:1089E0006188401A1FFA80F860885C3CC8B3B8F10F
:1089F000000F36D000BF00BF216851E8001F21F4EE
:108A00009070226842E800010029F5D100BF00BF44
:108A100000BF2168083151E8001F124AD24301EA21
:108A200002002168083141E80002002AF1D100BFAC
:108A30002020C4F88C000020E066606700BF00BF03
:108A4000216851E8001F21F01000226842E800016F
:108A50000029F5D100BF0220206741462046FFF7DC
:108A600065FD09E601000010200100041FA30008B5
:108A7000100002401004024005F4801050B107F4C9
:108A8000800038B14FF48010216808622046FFF75B
:108A9000D3FDF1E505F0800058B106F0800010B973
:108AA00007F4000028B1A06F10B12046A16F8847DD
:108AB000E2E505F0400030B106F0400018B1204674
:108AC00001F006FDD8E505F4000030B106F0804065
:108AD00018B12046FFF7AFFDCEE505F0807030B14C
:108AE00006F0004018B12046FFF746FDC4E500BF80
:108AF000C2E510B504460CB9012010BDA06900B153
:108B000000E000BFD4F8880028B9002084F8840071
:108B1000204600F02BF82420C4F888002068006864
:108B200020F0010021680860A06A10B1204601F021
:108B300005FB204601F004FD012800D1DDE7206897
:108B4000406820F49040216848602068806820F0E8
:108B50002A00216888602068006840F001002168D0
:108B60000860204601F066FBC7E7000010B5B6B00C
:108B70000446142130A8F7F734FCB82102A8F7F70F
:108B800030FC6649206888425FD101210020CDE990
:108B90000210209002A8FDF729FD08B1F8F71EFD8C
:108BA00000BF5F48006840F010005D49086008465B
:108BB000006800F01000019000BF00BF00BF5848DF
:108BC0001038006840F00100554910390860084627
:108BD000006800F00100019000BF00BF4FF4C060CA
:108BE0003090022031900020329033900720349052
:108BF00030A94C48FBF7B2FE4B484C49086029208D
:108C00004860002149488160C1604FF48061016182
:108C1000002141618161C1614FF400310162002195
:108C20004162FBF777F908B1F8F7D8FC00BF3F487D
:108C3000C4F88000846300BF002211462520FCF7A1
:108C40008DF82520FCF776F865E0394920688842E0
:108C500061D102210020CDE902101F9002A8FDF78A
:108C6000C5FC08B1F8F7BAFC00BF2D480838006809
:108C700040F480202A49083908600846006800F45A
:108C80008020019000BF00BF00BF25481038006859
:108C900040F002002249103908600846006800F0E0
:108CA0000200019000BF00BF4FF4406030900220EE
:108CB00031900020329033900720349030A91D4825
:108CC000FBF74CFE184818301B4908602D204860FF
:108CD000002119488160C1604FF480610161002169
:108CE00041618161C1614FF48031016200214162C3
:108CF000FBF710F908B1F8F771FC00BF0E48C4F893
:108D00008000846300BF002211462720FCF726F86C
:108D10002720FCF70FF836B010BD0000001001400E
:108D2000F044025800000258280002403803002096
:108D30000048004000040258B0030020704770470C
:108D40002DE9F84F04460E4617469946D4F8880098
:108D5000202854D106B117B90120BDE8F88F0020B2
:108D60005434E06321206063FBF700FF82462780D4
:108D70006780543CA068B0F5805F04D1206910B9C9
:108D80000025B04602E035464FF0000820E053468B
:108D9000002280212046CDF8009001F049FF20B14B
:108DA0002020C4F888000320D7E745B9B8F80000B0
:108DB000C0F308002168886208F1020803E02878FF
:108DC000216888626D1CB4F85600401EA4F8560055
:108DD000B4F856000028DAD153460022402120463C
:108DE000CDF8009001F024FF20B12020C4F88800C5
:108DF0000320B2E72020C4F888000020ADE702205D
:108E0000ABE7704706E001210348FBF79FFE6420B3
:108E1000FBF7FAFCF7E700000004025870B5F7F71B
:108E2000BDFD00224FF480514B48FBF799FE002214
:108E30004FF400414848FBF793FE00224FF4804175
:108E40004548FBF78DFE002208214448FBF788FEC9
:108E5000002240214248FBF783FE002202213E48C7
:108E6000FBF77EFE012251033B48FBF779FE05200C
:108E7000FBF7CAFC00224FF400513748FBF770FEA5
:108E8000002204213448FBF76BFE002003F084F835
:108E9000002505E03349485D03F07EF8681CC5B243
:108EA000042DF7DB012204212B48FBF759FE002497
:108EB00001E0601CC4B20A2CFBDB0022042126481E
:108EC000FBF74EFE012003F067F8002505E0264978
:108ED000485D03F061F8681CC5B2042DF7DB012280
:108EE00004211D48FBF73CFE002401E0601CC4B2D5
:108EF0000A2CFBDB002204211748FBF731FE02207D
:108F000003F04AF8002505E01849485D03F044F8ED
:108F1000681CC5B2042DF7DB012204210E48FBF7C3
:108F20001FFE002401E0601CC4B20A2CFBDB0122FE
:108F300080210B48FBF714FE002401E0601CC4B242
:108F40000A2CFBDB002280210548FBF709FE0120EB
:108F5000FBF75AFC70BD00000004025800180258CC
:108F6000000802583D000020A4F10008A8F1000804
:108F70008168024A1140491C81607047C0FFFF7F31
:108F80000146886800F4404070470146886800F058
:108F90001F007047024602F1600000EB8103186871
:108FA00000F0F840704701468868C0F3C000704781
:108FB00001468868C0F3400070470146886800F0A9
:108FC000010070470146886800F0010070470146C3
:108FD0008868C0F30070704701468868C0F380005D
:108FE000704701468868C0F3800070470146C86832
:108FF00000F4406008B9012070470020FCE7000041
:109000008168024A1140091D81607047C0FFFF7FDF
:10901000826822F0E0720A438260704710B503460E
:1090200003F1600404EB8100074CA34205D10468FE
:1090300024F000441443046004E0046824F0004475
:109040001443046010BD0000006002581FB50020EA
:109050000090019002900390FBF724FE01208DF810
:10906000000000208DF801004FF0105001901220F8
:109070008DF80800E0208DF8090001208DF80A0025
:1090800003208DF80B0000208DF80C008DF80D00EA
:1090900001208DF80E008DF80F006846FBF7D4FD17
:1090A00001208DF801004FF0C04001900F208DF895
:1090B000080000208DF809008DF80E006846FBF7C7
:1090C000C3FD02208DF801004FF0405001900020B8
:1090D0008DF809008DF80A0001208DF80E00684611
:1090E000FBF7B2FD03208DF801004FF060500190B6
:1090F00000208DF80F006846FBF7A6FD05208DF8CF
:1091000001004FF04040019018208DF80800012028
:109110008DF80A006846FBF797FD0420FBF7D8FDA1
:109120001FBD000000B58DB000200A900B900C9080
:10913000242101A8F7F755F92848294908604FF478
:1091400000204860002126488160016104214161BE
:109150000021017641760121C161002180F82010B3
:109160004FF4906181624FF48061C1620321016319
:109170000021C163016480F8441001218164F9F782
:10918000FDF908B1F8F72AFA00200A900AA9144854
:10919000F8F742FB08B1F8F721FA124801900620CF
:1091A00002900220039040F2FF700490042005908A
:1091B000002006908DF8250001A90948F8F7DEFB8C
:1091C00008B1F8F70BFA40F2FF7200210448F8F7F3
:1091D000C1FA08B1F8F702FA0DB000BD0020024054
:1091E0004C0000200001802108B500BF1248006833
:1091F00040F00100104908600846006800F00100D6
:10920000009000BF00BF002211460B20FBF7A6FD17
:109210000B20FBF78FFD002201210C20FBF79EFDA8
:109220000C20FBF787FD002211460D20FBF796FD71
:109230000D20FBF77FFD08BDD844025800B58BB068
:1092400000200790089009900A901C216846F7F7C3
:10925000C8F81A481A4908600020486001211848D7
:1092600081600821C16010210161402141614FF4FA
:10927000C07181610021C1614FF400610162490048
:10928000416249008162022000900A20019006207C
:1092900002900920039004200490032005900220EE
:1092A000069069460648FEF7A3FE08B1F8F796F95E
:1092B00007A9034800F0CEFC0BB000BD40410052AE
:1092C0003401002000B587B0142102A8F7F789F80F
:1092D00000BF6248006840F004006049086008462A
:1092E000006800F00400019000BF00BF00BF084606
:1092F000006840F0200008600846006800F0200088
:10930000019000BF00BF00BF0846006840F0800029
:1093100008600846006800F08000019000BF00BFB0
:1093200000BF0846006840F0010008600846006879
:1093300000F00100019000BF00BF00BF08460068B8
:1093400040F0020008600846006800F0020001904A
:1093500000BF00BF00BF0846006840F04000086042
:109360000846006800F04000019000BF00BF00BF49
:109370000846006840F0100008600846006800F0E9
:109380001000019000BF00BF00BF0846006840F019
:10939000080008600846006800F00800019000BF5F
:1093A00000BF012211462E48FBF7DAFB00224FF2E4
:1093B00006012B48FBF7D4FB002248212948FBF784
:1093C000CFFB00224FF470712748FBF7C9FB002246
:1093D0004FF480712548FBF7C3FB012002900390F6
:1093E000002004900320059002A91D48FBF7B6FA5F
:1093F0004FF206000290012003900020049002200A
:10940000059002A91648FBF7A9FA4820029001200E
:109410000390002004900220059002A91148FBF758
:109420009DFA4FF470700290012003900020049088
:109430000220059002A90C48FBF790FA4FF48070C7
:10944000029001200390002004900220059002A9C0
:109450000648FBF783FA07B000BD0000E04402585D
:109460000004025800180258000802580000025870
:1094700000B587B0182101A8F6F7B3FF19481A49BB
:10948000086004204860002117488160C1601721EE
:1094900001610421416100218161C16101620321F7
:1094A00041624FF0804181620021C1620163082165
:1094B000416300218163C163FCF722F808B1F8F72A
:1094C0008DF80120019003904FF00110049041F2BB
:1094D000883201A90448FBF793FC08B1F8F77EF83D
:1094E00007B000BD005000526801002000B587B0F1
:1094F0000020039004900590069000900190029047
:109500001448154908600420486000211248816011
:109510006321C1600021016180218161FEF764FE49
:1095200008B1F8F75BF84FF48050039003A90A489C
:10953000FEF70AFF08B1F8F751F82020009000204C
:10954000029069460448FEF7DDFD08B1F8F746F8D9
:1095500007B000BD00040040C401002010B552480F
:10956000524908604FF4E130486000214F48816063
:10957000C16001610C21416100218161C161016211
:1095800041620020494988620846FFF7B2FA08B1F3
:10959000F8F724F800214548FFF71EF808B1F8F75E
:1095A0001DF800214148FEF7E8FF08B1F8F716F86A
:1095B0003E48FEF763FF08B1F8F710F880223C49F7
:1095C0003A48FEF782FF3B4800683B49884258D042
:1095D0003848006838491831884252D03548006808
:1095E0003549303188424CD03248006832494831E0
:1095F000884246D02F4800682F496031884240D0C9
:109600002C4800682C49783188423AD029480068B3
:1096100029499031884234D0264800682649A8312B
:1096200088422ED0234800682449884229D0214806
:10963000006822491831884223D01E4800681F491B
:10964000303188421DD01B4800681C49483188428F
:1096500017D01848006819496031884211D0154860
:1096600000681649783188420BD0124800681349C7
:109670009031884205D00F4800681049A8318842CF
:1096800008D10C480068006820F008000949096802
:10969000086007E007480068006820F004000549FA
:1096A0000968086010BD0000001001401002002091
:1096B0000000002438030020100002401004024083
:1096C00010B55248524908604FF4E130486000211B
:1096D0004F488160C16001610C21416100218161BD
:1096E000C161016241620020494988620846FFF772
:1096F00000FA08B1F7F772FF00214548FEF76CFF4A
:1097000008B1F7F76BFF00214148FEF736FF08B1BB
:10971000F7F764FF3E48FEF7B1FE08B1F7F75EFFCA
:1097200080223C493A48FEF7D0FE3B4800683B495E
:10973000884258D03848006838491831884252D099
:10974000354800683549303188424CD0324800688D
:1097500032494831884246D02F4800682F4960314D
:10976000884240D02C4800682C49783188423AD051
:109770002948006829499031884234D02648006839
:109780002649A83188422ED02348006824498842BF
:1097900029D02148006822491831884223D01E4828
:1097A00000681F49303188421DD01B4800681C49A1
:1097B0004831884217D018480068194960318842FA
:1097C00011D0154800681649783188420BD01248EC
:1097D000006813499031884205D00F48006810494D
:1097E000A831884208D10C480068006820F00800C1
:1097F00009490968086007E007480068006820F028
:10980000040005490968086010BD000000480040D8
:10981000A402002000010024B00300201000024038
:109820001004024000BFFEE700BFFEE7F0B50546AA
:109830000020002415B1022D00D809B9012064E0F0
:1098400000260E604E608E60CE600E61022D08D143
:109850002E4E366806F001060EB92D4C01E04FF48D
:10986000007400234FE0294E361D56F8232002F0E5
:1098700001063EB102F0020604F00207BE4201D129
:109880005E1C0E6002F010063EB102F0200604F0ED
:109890002007BE4201D15E1C4E6002F480763EB1CC
:1098A00002F4007604F40077BE4201D15E1C8E60A3
:1098B00002F480368EB102F4802604F48027BE4282
:1098C0000BD102F4003626B95E1C46F48036CE6019
:1098D00003E05E1C46F08076CE6002F080768EB1AA
:1098E00002F0806604F08067BE420BD102F0007681
:1098F00026B95E1C46F480360E6103E05E1C46F01D
:1099000080760E615B1C022BADD3F0BD00B400521B
:10991000220204042DE9F04104460E4617469846FB
:10992000069D12E0681C80B1FBF720F9A0EB08004F
:10993000A84200D84DB94FF400702065606D40F02A
:10994000010060650120BDE8F0812068006A3040B8
:1099500008B1012000E00020B842E3D10020F2E786
:10996000704700B5AFB0B8216846F6F73AFD4FF042
:1099700000410020CDE9001015906846FCF736FE46
:1099800008B1F7F72BFE2FB000BD00002DE9F04124
:1099900004460E4600275548006800F003000328DF
:1099A00002D10120BDE8F08150482838006820F03D
:1099B00080604E4928390860FBF7D8F8054606E074
:1099C000FBF7D4F8401B022801D90320EAE74748F7
:1099D00028380068C0F3C0600028F1D100BF4348B8
:1099E000006820F47C30216840EA01303F4908607B
:1099F000A088401EC0F30800A168491E4FF47E42B3
:109A000002EA41210843A189491ED20102EA01412B
:109A10000843217C491E120202EA016108433349CE
:109A20001031086000BF3148001D006820F0C00000
:109A3000616908432D49091D08600846006820F047
:109A40002000A16908432949091D086008460068EB
:109A500020F0100008602548143000684FF6F871B7
:109A60008843E16940EAC1002049143108601F4879
:109A7000001D006840F010001C49091D08602EB947
:109A80000846006840F40020086012E0012E08D16A
:109A90001648001D006840F480101449091D086034
:109AA00007E01248001D006840F400100F49091D2E
:109AB00008600E482838006840F080600B4928395B
:109AC0000860FBF753F8054606E0FBF74FF8401B2C
:109AD000022801D9032065E7044828380068C0F34C
:109AE000C0600028F1D038465CE7000028440258E6
:109AF0002DE9F04104460E4600275548006800F065
:109B00000300032802D10120BDE8F0815048283825
:109B1000006820F080504E4928390860FBF726F88D
:109B2000054606E0FBF722F8401B022801D9032076
:109B3000EAE7474828380068C0F340700028F1D1B0
:109B400000BF4348006820F07C70218840EA015043
:109B50003F490860A088401EC0F30800A168491E64
:109B60004FF47E4202EA41210843A189491ED201F5
:109B700002EA01410843217C491E120202EA016106
:109B8000084333491831086000BF3148001D0068A0
:109B900020F44060616908432D49091D08600846AA
:109BA000006820F40070A16908432949091D086074
:109BB0000846006820F48070086025481C30006862
:109BC0004FF6F8718843E16940EAC10020491C3131
:109BD00008601F48001D006840F480701C49091D82
:109BE00008602EB90846006840F48000086012E062
:109BF000012E08D11648001D006840F400001449E9
:109C0000091D086007E01248001D006840F08070E0
:109C10000F49091D08600E482838006840F0805040
:109C20000B4928390860FAF7A1FF054606E0FAF764
:109C30009DFF401B022801D9032065E7044828380E
:109C40000068C0F340700028F1D038465CE700009F
:109C50002844025838B505460C46002000900120E3
:109C60002060102060600120A0600020E0604FF6BE
:109C7000FF7221462846FEF703FA6420FAF7C4FD76
:109C800002202060102060600120A0600020E060C1
:109C90004FF6FF7221462846FEF7F2F903202060B6
:109CA000102060600820A0600020E0604FF6FF7286
:109CB00021462846FEF7E4F94FF40C70009004208A
:109CC0002060102060600120A0600098E0604FF6E6
:109CD000FF7221462846FEF7D3F940F21E4128467E
:109CE000FEF7B3F938BD000008B50F48006840F032
:109CF000C0400D49086000BF0B480838006840F4B8
:109D000080500949083908600846006800F480500E
:109D1000009000BF00BF00BF00BF00BFBFF34F8F68
:109D200000BF00BF00BF08BDDC440258704710B53B
:109D3000FAF722FF10BD000000B59DB04C210AA823
:109D4000F6F74FFB202102A8F6F74BFB0220FBF7AA
:109D5000EDFC00BF002001902648006820F4404040
:109D6000244908600846006800F44040019000BFA4
:109D700000BF00BF1F48006800F40050B0F5005F4E
:109D8000F8D102200A9001200D9040200E90022070
:109D90001390002114910421159122211691012183
:109DA00017910221189119910C211A9100211B91F0
:109DB0004FF440611C910AA8FDF76CFD08B1F7F75C
:109DC0000DFC3F2002900320039000200490082007
:109DD00005904020069007900001089040200990CF
:109DE000032102A8FDF766FA08B1F7F7F7FB1DB0EB
:109DF00000BD0000184802583A48006840F470005E
:109E0000384908603848006800F00F00072806D27B
:109E10003548006820F00F00C01D33490860334802
:109E2000006840F001003149086000202F491031DE
:109E300008602E4800682E4908402C4908602A48CE
:109E4000006800F00F00072806D92748006820F0B6
:109E50000F00C01D24490860002024491831086003
:109E6000091D0860091D0860224820492831086042
:109E70002148091D08602148091D08600020091DAE
:109E800008601E48091D08600020091D08601B4865
:109E9000091D08600020091D08601448006820F4AE
:109EA00080201249086000201049603108600F4886
:109EB000D430006800F4805098B90C48D430006861
:109EC00040F480500949D431086043F2D2000C4973
:109ED00008600648D430006820F480500349D4312B
:109EE0000860704788ED00E00020005200440258EE
:109EF0007FEDF6EA000202020000FF01800201018C
:109F00000040005210B502682E4B98420ED0B0F1BE
:109F1000804F0BD02C4B984208D02C4B984205D048
:109F20002B4B984202D02B4B984203D122F0700267
:109F30004B681A43234B98421DD0B0F1804F1AD082
:109F4000214B984217D0214B984214D0204B984275
:109F500011D0204B98420ED01F4B98420BD01F4B74
:109F6000984208D01E4B984205D01E4B984202D012
:109F70001D4B984203D122F44072CB681A4322F061
:109F800080034C6943EA04028B68C3620B688362F6
:109F90000C4B98420BD00F4B984208D00E4B984276
:109FA00005D00E4B984202D00D4B984201D10B695F
:109FB0000363036843F00403036001234361026009
:109FC00010BD0000000001400004004000080040F7
:109FD000000C0040000401400040014000440140EA
:109FE0000048014000E0004000E4004030B50C466D
:109FF000816821F47F4142EA03252543294381609A
:10A0000030BD00000A468168034B194042F0070347
:10A0100019438160704700008FFFCFFF30B50B46BA
:10A020001446026A056A25F001050562816921F07E
:10A03000F00141EA041122F00A021A43816102622E
:10A0400030BD30B50B461446026A056A25F010058E
:10A050000562816921F4704141EA043122F0A002D5
:10A0600042EA03128161026230BD00000FB410B5F4
:10A07000A2B025A8019002A8019A249900F068FFD7
:10A080000020019002A8F6F7B7F984B24FF0FF3331
:10A09000224602A90348FEF753FE22B010BC5DF829
:10A0A00014FB0000100200200FB410B5A2B025A8C8
:10A0B000019002A8019A249900F04AFF0020019023
:10A0C00002A8F6F799F984B24FF0FF33224602A9AD
:10A0D0000348FEF735FE22B010BC5DF814FB00000B
:10A0E000A402002070B5456E2DB90125A0F86A5074
:10A0F000A0F868501CE0102310240568AD68C5F373
:10A1000042610568AD686A0F0A4DAD5C15FB04F548
:10A11000094EB65C95FBF6F5A0F86A50054D6D5CEE
:10A1200015FB03F5044E765C95FBF6F5A0F8685038
:10A1300070BD000084C100088CC1000890F8281090
:10A1400001F00801082907D10168496821F400419C
:10A15000826B11430268516090F8281001F00101F0
:10A1600039B10168496821F40031C26A11430268BB
:10A17000516090F8281001F00201022907D101680E
:10A18000496821F48031026B11430268516090F8F4
:10A19000281001F00401042907D10168496821F45D
:10A1A0008021426B11430268516090F8281001F041
:10A1B0001001102907D10168896821F48051C26B10
:10A1C00011430268916090F8281001F020012029C5
:10A1D00007D10168896821F40051026C11430268BB
:10A1E000916090F8281001F04001402913D10168D6
:10A1F000496821F48011426C114302685160416C3E
:10A20000B1F5801F07D10168496821F4C001826C53
:10A2100011430268516090F8281001F080018029F4
:10A2200007D10168496821F40021C26C114302681A
:10A230005160704738B504460020C4F89000FAF722
:10A2400095FC05462068006800F00800082821D128
:10A250006FF07E402B4600224FF400110090204604
:10A2600000F0E6FCB0B100BF00BF216851E8001F5C
:10A2700021F08000226842E800010029F5D100BFEA
:10A280002020C4F8880000BF002084F8840000BFAC
:10A29000032038BD2068006800F00400042830D195
:10A2A0006FF07E402B4600224FF480010090204644
:10A2B00000F0BEFC28B300BF00BF216851E8001FBA
:10A2C00021F49070226842E800010029F5D100BF16
:10A2D00000BF00BF2168083151E8001F21F00100D4
:10A2E0002168083141E80002002AF3D100BF202094
:10A2F000C4F88C0000BF002084F8840000BF032055
:10A30000C7E72020C4F88800C4F88C000020E0666D
:10A31000206700BF84F8840000BF00BFB9E770B5B4
:10A320000446A56B0020A5F85E002846FEF785F9D7
:10A3300070BD2DE9F0410546AC6BD4F88860D4F8C7
:10A340008C702068806800F08000802807D1212E62
:10A3500005D10020A4F85600204600F0D1F820686E
:10A36000806800F04000402807D1222F05D100204E
:10A37000A4F85E00204600F075F8D4F8900040F094
:10A380001000C4F890002046FEF757F9BDE8F081B0
:10A3900070B50546AC6BE869B0F5807F40D0002011
:10A3A000A4F85E0000BF00BF216851E8001F21F43F
:10A3B0008070226842E800010029F5D100BF00BF8B
:10A3C00000BF2168083151E8001F21F00100216819
:10A3D000083141E80002002AF3D100BF00BF00BFEE
:10A3E0002168083151E8001F21F040002168083140
:10A3F00041E80002002AF3D100BF2020C4F88C00FD
:10A40000E06E01280CD100BF00BF216851E8001F99
:10A4100021F01000226842E800010029F5D100BFB8
:10A4200000202067E06E012805D1B4F85C102046BA
:10A43000FEF77CF802E02046FEF780FC70BD70B5A8
:10A440000546AC6B01202067E06E012806D1B4F808
:10A450005C0041082046FEF769F802E02046FEF75E
:10A460006EFC70BD00BF00BF026852E8002F22F4EE
:10A470009071036843E80012002AF5D100BF00BFC5
:10A4800000BF0268083252E8002F104B02EA0301B5
:10A490000268083242E80013002BF2D100BFC16EFF
:10A4A00001290CD100BF00BF026852E8002F22F042
:10A4B0001001036843E80012002AF5D100BF2021F3
:10A4C000C0F88C100021C16641677047FEFFFFEFA6
:10A4D00010B5044600BF00BF216851E8001F21F0FD
:10A4E0004000226842E800010029F5D100BF202089
:10A4F000C4F888000020A0672046FEF782FC10BD4B
:10A5000000BF00BF026852E8002F22F0C0010368BC
:10A5100043E80012002AF5D100BF00BF00BF026867
:10A52000083252E8002F22F400010268083242E8A3
:10A530000013002BF3D100BF2021C0F88810704712
:10A540002DE9F04F89B0054600200890F8492868A9
:10A55000884200D100E000BF2969A8680843696902
:10A560000843E96940EA010828680068F1490840A1
:10A5700040EA0800296808602868406820F44050D4
:10A58000E968084329684860D5F81880E8492868D0
:10A59000884202D0286A40EA080828688068E649AC
:10A5A000084040EA0800296888602868C06A20F0EE
:10A5B0000F00696A08432968C86200BFDF4928683C
:10A5C000884220D1DE48006800F03800182811D0F9
:10A5D00005DC48B1082809D0102811D108E020284E
:10A5E0000AD028280CD109E001240BE0042409E05A
:10A5F000082407E0102405E0202403E0402401E0C3
:10A60000802400BF42E1CF492868884219D1CC4854
:10A61000006800F00700062810D2DFE800F003050C
:10A6200007090B0D00240BE0042409E0082407E0CF
:10A63000102405E0202403E0402401E0802400BF32
:10A6400024E1C1492868884219D1BD48006800F05A
:10A650000700062810D2DFE800F0030507090B0DFC
:10A6600000240BE0042409E0082407E0102405E09E
:10A67000202403E0402401E0802400BF06E1B34928
:10A680002868884219D1AE48006800F00700062803
:10A6900010D2DFE800F0030507090B0D00240BE0E2
:10A6A000042409E0082407E0102405E0202403E046
:10A6B000402401E0802400BFE8E0A54928688842E2
:10A6C00019D19F48006800F00700062810D2DFE883
:10A6D00000F0030507090B0D00240BE0042409E03A
:10A6E000082407E0102405E0202403E0402401E0D2
:10A6F000802400BFCAE097492868884220D190484A
:10A70000006800F03800182811D005DC48B108288E
:10A7100009D0102811D108E020280AD028280CD10F
:10A7200009E001240BE0042409E0082407E01024D8
:10A7300005E0202403E0402401E0802400BFA5E0E0
:10A7400085492868884219D17D48006800F00700D3
:10A75000062810D2DFE800F0030507090B0D0024DE
:10A760000BE0042409E0082407E0102405E020247D
:10A7700003E0402401E0802400BF87E07749286897
:10A78000884219D16E48006800F00700062810D2F0
:10A79000DFE800F0030507090B0D00240BE004249B
:10A7A00009E0082407E0102405E0202403E0402409
:10A7B00001E0802400BF69E069492868884220D10F
:10A7C0005F48006800F03800182811D005DC48B157
:10A7D000082809D0102811D108E020280AD02828FC
:10A7E0000CD109E001240BE0042409E0082407E06F
:10A7F000102405E0202403E0402401E0802400BF71
:10A8000044E058492868884220D14D48006800F04B
:10A810003800182811D005DC48B1082809D01028C4
:10A8200011D108E020280AD028280CD109E0012401
:10A830000BE0042409E0082407E0102405E02024AC
:10A8400003E0402401E0802400BF1FE0384928686D
:10A8500088421AD13A48001D006800F00700062817
:10A8600010D2DFE800F0030507090B0D02240BE00E
:10A87000042409E0082407E0102405E0202403E074
:10A88000402401E0802400BF00E0802400BF28496C
:10A89000286888424BD1102C1AD006DC022C09D033
:10A8A000042C0BD0082C29D10DE0202C21D0402CD9
:10A8B00024D120E0FAF76AFF064623E005A8FBF75B
:10A8C0008FF8069E1EE002A8FBF7A2F9039E19E08E
:10A8D0001B4854380068C0F3401040B11848543841
:10A8E0000068C0F3C101204820FA01F600E01E4EC6
:10A8F00008E01E4E06E04FF4004603E0002601206B
:10A90000089000BF00BF002E10D01949686A31F8C6
:10A910001000B6FBF0F9686800EB4000484503D82A
:10A9200068680003484525D20120089007E153E0FC
:10A93000000C0058F369FFCFFFF4FF110010014035
:10A94000544402580044004000480040004C00407D
:10A95000005000400014014000780040007C00409E
:10A9600000180140001C01400090D00300093D0088
:10A970006CC100087849686A31F810C0624600234B
:10A9800030461946F5F7C2FC4FF4807C002203469E
:10A99000A3FB0C0B01FB0CB103FB02136968490814
:10A9A00084461CEB010143EB0200CDE90010D5F811
:10A9B00004C06246002308460199F5F7A7FC074644
:10A9C000B7F5407F05D3B7F5801F02D22868C7606E
:10A9D000B5E001200890B2E0E869B0F5004F5BD126
:10A9E000082C1AD005DC5CB1012C0DD0042C2DD123
:10A9F0000EE0102C16D0202C23D0402C26D122E0A3
:10AA0000FCF70EFE064625E0FCF71CFE064621E09C
:10AA100005A8FAF7E5FF069E1CE002A8FBF7F8F888
:10AA2000039E17E04D480068C0F3401038B14B4812
:10AA30000068C0F3C1014A4820FA01F600E0484E20
:10AA400008E0484E06E04FF4004603E000260120EF
:10AA5000089000BF00BF7EB33F49686A31F810001C
:10AA6000B6FBF0F04000696800EB5100B0FBF1F775
:10AA7000102F0ED3B7F5803F0BD24FF6F07007EAD8
:10AA8000000AC7F342004AEA000A2868C0F80CA08E
:10AA900055E00120089052E0082C1BD005DC64B181
:10AAA000012C0ED0042C2ED10FE0102C17D0202C0E
:10AAB00024D0402C27D123E041E0FCF7B1FD06462D
:10AAC00025E0FCF7BFFD064621E005A8FAF788FF60
:10AAD000069E1CE002A8FBF79BF8039E17E01F48A8
:10AAE0000068C0F3401038B11C480068C0F3C101D1
:10AAF0001B4820FA01F600E0194E08E0194E06E066
:10AB00004FF4004603E000260120089000BF00BF7C
:10AB1000AEB11149686A31F81000B6FBF0F069680F
:10AB200000EB5100B0FBF1F7102F06D3B7F5803FD3
:10AB300003D2B8B22968C86001E001200890012062
:10AB4000A5F86A00A5F8680000206867A86708985B
:10AB500009B0BDE8F08F00006CC100080044025845
:10AB60000090D00300093D0070B504460E4615461E
:10AB700044F8586FA5800020A06322206063A06A7B
:10AB8000583CF8B12748241DE16FC8632648E16F9F
:10AB900008642648E16FC8640020E16F086554F836
:10ABA000043C03F12401626DE06F241F2B46F9F78A
:10ABB0003BFC38B11020C4F890002020C4F88C0071
:10ABC000012070BD206960B100BF00BF216851E85D
:10ABD000001F41F48070226842E800010029F5D18D
:10ABE00000BF00BF00BF2168083151E8001F41F0DD
:10ABF00001002168083141E80002002AF3D100BFBA
:10AC000000BF00BF2168083151E8001F41F040003B
:10AC10002168083141E80002002AF3D100BF00207A
:10AC2000CFE7000091A300083FA4000833A3000869
:10AC30002DE9F04104460D4617469846069E41E030
:10AC4000701C00283ED0F9F791FFA0EB0800B0423D
:10AC500000D816B90320BDE8F0812068006800F034
:10AC6000040070B3802D2DD0402D2BD02068C069FA
:10AC7000C0F3C00078B10820216808622046FFF7C1
:10AC8000F1FB0820C4F8900000BF002084F8840085
:10AC900000BF0120DFE72068C069C0F3C02080B199
:10ACA0004FF40060216808622046FFF7DBFB20209C
:10ACB000C4F8900000BF002084F8840000BF032087
:10ACC000C9E7FFE72068C0692840A84201D10120F8
:10ACD00000E00020B842B3D00020BCE710B53C48EB
:10ACE000FDF7ACFC80223B493948FDF7EEFB3A48C2
:10ACF00000683A49884258D03748006837491831C7
:10AD0000884252D0344800683449303188424CD0AF
:10AD10003148006831494831884246D02E480068A1
:10AD20002E496031884240D02B4800682B49783149
:10AD300088423AD02848006828499031884234D067
:10AD4000254800682549A83188422ED0224800684D
:10AD50002349884229D02048006821491831884277
:10AD600023D01D4800681E49303188421DD01A4842
:10AD700000681B494831884217D0174800681849B5
:10AD80006031884211D014480068154978318842F2
:10AD90000BD01148006812499031884205D00E4806
:10ADA00000680F49A831884208D10B480068006844
:10ADB00020F0080008490968086007E006480068B4
:10ADC000006820F0040004490968086010BD000014
:10ADD0001002002000000024380300201000024070
:10ADE0001004024010B53C48FDF728FC80223B4986
:10ADF0003948FDF76AFB3A4800683A49884258D01A
:10AE00003748006837491831884252D034480068C2
:10AE10003449303188424CD031480068314948319A
:10AE2000884246D02E4800682E496031884240D082
:10AE30002B4800682B49783188423AD0284800686E
:10AE400028499031884234D0254800682549A831E6
:10AE500088422ED0224800682349884229D02048C1
:10AE6000006821491831884223D01D4800681E49D6
:10AE7000303188421DD01A4800681B494831884249
:10AE800017D01748006818496031884211D014481B
:10AE900000681549783188420BD011480068124982
:10AEA0009031884205D00E4800680F49A831884289
:10AEB00008D10B480068006820F0080008490968BC
:10AEC000086007E006480068006820F004000449B4
:10AED0000968086010BD0000A402002000010024E1
:10AEE000B0030020100002401004024000BFFEE743
:10AEF00070B506464FF000450022E90D1248F9F7FB
:10AF00002FFE00241CE006EA050030B900224FF4B1
:10AF100080710E48F9F724FE04E0012211020B486B
:10AF2000F9F71EFE012211020748F9F719FE6D0814
:10AF300000224FF480710448F9F712FE601CC4B27D
:10AF4000202CE0DB70BD0000000002580008025811
:10AF500037B514460846064B6A46214600F0F8F815
:10AF600004466946002000F08AFC20463EBD0000F1
:10AF70007FB8000802480068C0F302207047000054
:10AF80000CED00E010B5002804DB0A07130E054A9B
:10AF9000135406E00A07140E034A00F00F031B1FA8
:10AFA000D45410BD00E400E018ED00E002E008C851
:10AFB000121F08C1002AFAD170477047002001E033
:10AFC00001C1121F002AFBD1704700002DE9FF5F6D
:10AFD00082B00021DDE90430020DDDF840B003430A
:10AFE00018D044F61050A2F2FF32424315141198C3
:10AFF00001281FD0A5EB0B00401C5FEA000A4FF0B0
:10B0000000064E4FDFF83891B046504615D5CAF1CC
:10B01000000413E0119801244AA3012801D16FEA2A
:10B020000B010298119AC0E90031C0E9024206B052
:10B03000BDE8F09FCBF10000DFE704460021404A65
:10B04000491842EB0450CDE9001012E0E00707D0A8
:10B0500032463B4640464946F5F7F5FA8046894672
:10B0600032463B4610461946F5F7EDFA06460F46BE
:10B070006410002CEAD1DDE90401DDE90023BAF116
:10B08000000F06DAF5F7DFFA42464B46F5F7DBFA32
:10B0900005E0F5F74AFB42464B46F5F746FB04460A
:10B0A0000E460022284BF5F7C7FB03D84FF0FF30C0
:10B0B000014607E00022254B20463146F5F71CFAF1
:10B0C000F5F7A2FB102409E0002C0ADB0A2200237A
:10B0D000F5F71CF9039B30321A55641E50EA010241
:10B0E000F2D1641C039AC4F111031444119A012A89
:10B0F00003D0012208430DD10AE0084304D0002008
:10B100004FF0110B119072E7A3EB0B056D1E0DE0D4
:10B110005B4504DD4FF0000205F1010504E003DAB0
:10B120004FF00002A5F10105002AECD00298119918
:10B13000C0E90231C0E9004579E700000000144091
:10B140000000F03F300000000000F0430000E03F4E
:10B150002DE9FF4F95B09B468946064600250FE234
:10B16000252877D100242746F84A0121059400E0DC
:10B17000044316F8013F203B01FA03F01042F7D1D7
:10B1800030782A2811D06FF02F033078A0F13002E8
:10B19000092A16D8059A44F0020402EB820203EB56
:10B1A00042021044761C0590EFE759F8042B0592F3
:10B1B000002A03DA504244F40054059044F002049B
:10B1C000761C30782E2816D116F8010F44F00404AE
:10B1D0002A280DD06FF02F023078A0F13003092B10
:10B1E00009D807EB870302EB4303C718761CF3E784
:10B1F00059F8047B761C30786C280FD006DC4C287C
:10B2000017D068280DD06A2814D104E0742810D013
:10B210007A280FD10DE044F400140AE044F48014BD
:10B2200001E044F440147278824202D104F58014A3
:10B23000761C761C307866280BD013DC582877D023
:10B2400009DC002875D04528F6D04628F4D04728D8
:10B250001AD19DE118E0632835D0642879D065289B
:10B2600012D195E1702873D008DC6728F1D06928E5
:10B270006FD06E280DD06F2806D1B5E073282CD082
:10B28000752875D0782874D05A46179990476D1C48
:10B2900075E1C4F30250022809D003280DD0D9F873
:10B2A000001004280DD00D6009F1040967E1D9F8F8
:10B2B0000010EA17C1E90052F6E7D9F800100D8036
:10B2C000F2E70D70F0E719F8041B8DF8001000206C
:10B2D0008DF80100EA46012003E059F804AB4FF075
:10B2E000FF3061074FF0000102D40DE008F10101C9
:10B2F0008846B9420FDA8045F8DB1AF808100029B1
:10B30000F4D108E008F1010188468142FADB1AF81D
:10B3100008100029F6D105985B46A0EB08072146E6
:10B320003846179A00F094FA284400EB080507E025
:10B330004DE029E10DE01AF8010B5A4617999047A4
:10B34000B8F10108F7D25B4621463846179A13E157
:10B3500042E00A220092C4F302524FF0000A022A8D
:10B3600008D059F804CB032A4FEAEC710AD00DE05B
:10B3700029E02AE009F1070121F00702F2E802C101
:10B38000914609E00FFA8CFC4FEAEC71042A03D1D4
:10B390004FFA8CFC4FEAEC71002907DA0A460021CB
:10B3A000DCF1000C61EB02012D2202E0220504D544
:10B3B0002B228DF80420012203E0E20701D0202295
:10B3C000F7E7904659E00A2102E010220DE0102133
:10B3D0004FF0000A00910BE010224FF0000A44F0F9
:10B3E00004040827009203E008224FF0000A0092AC
:10B3F000C4F30252022A05D059F804CB0021032AD3
:10B4000008D009E009F1070121F00702F2E802C1C2
:10B41000914605E01FFA8CFC042A01D10CF0FF0CC8
:10B420004FF00008220728D5702806D0009B83F033
:10B43000100353EA0A0305D00EE040228DF80420E1
:10B44000012208E05CEA010206D030228DF80420D7
:10B450008DF8050002229046009B83F0080353EA12
:10B460000A030AD15CEA010201D1620705D5302244
:10B470008DF804204FF001087F1E582804D034A016
:10B4800003900EA802900DE036A0F9E753466046FF
:10B49000009AF4F73BFF84460398825C0298401EB2
:10B4A000029002705CEA0100F0D1029806A9081A25
:10B4B00000F1200A600702D524F4803400E001275F
:10B4C000574502DDA7EB0A0000E0002000EB0A016F
:10B4D000009005984144401A0590E00306D45B466D
:10B4E0002146179A059800F0B3F90544002706E0B5
:10B4F00001A85A46C05D179990476D1C7F1C4745AF
:10B50000F6DBE0030CD55B462146179A059800F060
:10B510009FF9054404E030205A46179990476D1C66
:10B520000099481E00900029F5DC08E00298029975
:10B530005A460078491C0291179990476D1CBAF140
:10B540000001AAF1010AF1DC65E10000092801000F
:10B550003031323334353637383961626364656689
:10B56000000000003031323334353637383941424B
:10B57000434445460000000000F058F90544761C9D
:10B58000307800287FF4ECAD19B02846BDE8F08F84
:10B59000620700D4062709F1070222F0070CFCE835
:10B5A0000223E14603F000485FEA080C02D00FF2E4
:10B5B000702C0DE05FEA045C02D50FF2682C07E006
:10B5C0005FEAC47C02D00FF2602C01E0AFF2700C95
:10B5D0004FF0FF3823F00043CDF850C065280CD061
:10B5E00006DC452809D046281DD047283DD13DE03E
:10B5F000662818D067287ED138E00021112F01DBA2
:10B60000112000E0781CCDE9000106A90EA8FFF783
:10B61000DDFCDDE90F010E9A03910021009207F194
:10B62000010A04914DE04FF000400097CDE9011070
:10B6300006A90EA8FFF7CAFCDDE90F0203920E9BD4
:10B6400011990022DDF80CA00093049211B9791C25
:10B6500000EB010AB7EB0A0004D4C0F1FF3007F198
:10B66000010A0490AAEB0700019044E0012F00DAE0
:10B6700001270021112F01DD112000E03846CDE91E
:10B68000000106A90EA8FFF7A1FCDDE90F010E9A43
:10B690000391002104910092BA4621070CD403992A
:10B6A000514500DA8A46BAF1010F05DD009AAAF188
:10B6B0000101515C302908D0B84202DA10F1040FC0
:10B6C00006DA0121CDE9011015E0AAF10101E9E74F
:10B6D000002805DC049901440491AAEB000102E072
:10B6E000411C514500DD8A460499401A401C0190D6
:10B6F0004FF000400290200704D40198504501DB30
:10B70000CDF8048000208DF84F0002980DF14F070E
:10B71000B0F1004F25D02B200E9002984FF0020878
:10B7200000280CDA404202902D200E9007E00A21FA
:10B730000298F4F784FE3031029007F8011DB8F149
:10B740000001A8F10108F2DC02980028EFD1791E6F
:10B750000E980870307800F0200040F0450007F89F
:10B76000020D12A8C01B00F107081498007800B160
:10B77000012000EB0A01019801EBE07105984144BA
:10B78000401A401E0590E00306D45B462146179AF6
:10B79000059800F05DF805441498007818B15A46F1
:10B7A000179990476D1CE00324D55B462146179AF4
:10B7B000059800F04DF805441CE00498002807DBCC
:10B7C000DDE90301884203DD0098405C179901E040
:10B7D000179930205A469047049805F10105401CFE
:10B7E00004900198401E019004D12E205A461799CA
:10B7F00090476D1CBAF10001AAF1010ADDDC05E0F9
:10B8000017F8010B5A46179990476D1CB8F10001C3
:10B81000A8F10108F4DC5B462146179A0598ABE6CF
:10B820002D0000002B000000200000002DE9F04159
:10B83000044600251E461746880404D405E0394610
:10B840002020B0476D1C641EF9D52846BDE8F08164
:10B850002DE9F041044600251E469046C80301D557
:10B86000302700E02027880404D505E0414638460B
:10B87000B0476D1C641EF9D52846BDE8F0810A6802
:10B88000531C0B60107070472DE9F04704468A4640
:10B8900015461CB1BAF1000F00D00DB9BDE8F08714
:10B8A0004FF000084FF6FF790026374600210BE0E5
:10B8B0003AF81100361847F10007404500DD804690
:10B8C000484500DA8146491CA942F1D3A4F810800A
:10B8D000A4F81290404600F095F984ED010A48461C
:10B8E00000F090F984ED020A94ED010AD4ED020A09
:10B8F00030EE600A84ED000A30463946F4F791FDD7
:10B9000000EE900A00EE105AB8EE401A80EE810A5E
:10B91000DFED050A20EE200ADFED040A80EE201A92
:10B9200084ED031A00BFB9E733335340000080476A
:10B9300070B58AB006460C4615460EB104B10DB975
:10B940000AB070BD2A46214605A8FFF79DFFB0EE5C
:10B95000080A2A462146684600F01CF89DED050AB3
:10B96000DDED000A9FED0A1A60EE810AB4EEE00AEE
:10B97000F1EE10FA05DD142269463046F4F718FDA1
:10B9800004E0142205A93046F4F712FD00BFD7E702
:10B99000713D8A3F2DE9F04F2DED028BADF60C0D78
:10B9A00005468B469046B0EE408A2DB1BBF1000FA4
:10B9B00002D0B8F1000F05D10DF60C0DBDEC028BD5
:10B9C000BDE8F08FB5EEC08AF1EE10FA05D8424618
:10B9D00059462846FFF758FFEEE79FED5F0AB4EEA1
:10B9E000C08AF1EE10FA03DB9FED5C0AB0EE408AEC
:10B9F000002404E0002003A941F82400641CB4F5ED
:10BA0000007FF7D300263746002412E03BF81400ED
:10BA1000C109B1F5007F01D340F2FF1103AA52F82A
:10BA20002120521C03AB43F82120361847F10007B0
:10BA3000641C4445EAD300EE108AB8EE400A20EEBA
:10BA4000080ADFED470A80EE201ABCEEC10A10EEAC
:10BA5000109AB9F1000F01D14FF001094FF0000A1F
:10BA600000200290002416E0504603A951F824104B
:10BA70008A44CA450ED3A9EB000203AB53F8241045
:10BA800001B90121D301B3FBF1F303EBC4139BB262
:10BA9000029303E0641CB4F5007FE5D300BF4FF0D0
:10BAA000000A4FF6FF7001904FF4007421E05146F8
:10BAB00003A850F824008244CA4519D3A9EB010316
:10BAC0000DF10C0C5CF8242002B901224FEAC31CD2
:10BAD000BCFBF2FE04F1010CCEEBCC10B0F5803FC4
:10BAE00001D34FF6FF701FFA80FCCDF804C004E0CC
:10BAF00000BF201EA4F10104D9D100BF0198288203
:10BB000002986882019800F07DF885ED010A02989C
:10BB100000F078F885ED020A95ED010AD5ED020AEC
:10BB200030EE600A85ED000A30463946F4F779FCBC
:10BB300000EE900A00EE108AB8EE400A80EE801AFD
:10BB40009FED080A21EE000ADFED070A80EE201AB9
:10BB500085ED031A00BF2FE7000048420000444271
:10BB60000000C842333353400000804710B586B010
:10BB70002048007801283BD11F48F6F7D1FF1F4825
:10BB80004FF48041002923DD00F01F0462180346B2
:10BB900000BF00BF00BFBFF34F8F00BF00BF00BF9B
:10BBA00000BF174C23602033203A002AF9DC00BF85
:10BBB00000BF00BFBFF34F8F00BF00BF00BF00BF7B
:10BBC00000BF00BFBFF36F8F00BF00BF00BF00BF4B
:10BBD00000BF4FF40052094901A8FFF7A9FE002059
:10BBE000044908704FF4005204490348F6F7E0FE98
:10BBF00006B010BD3C0000204C00002000020024D4
:10BC00005CEF00E000EE100AB8EE400ADFED040A37
:10BC100060EE200A9FED031A80EE810A7047000053
:10BC20003333534000008047F8B52DA0FEF73CFAAF
:10BC30000520F8F7E9FD2EA0FEF736FA0520F8F703
:10BC4000E3FD2EA0FEF730FA0520F8F7DDFD2E48C3
:10BC500000880A2190FBF1F201FB12072A480088B4
:10BC600090FBF1F090FBF1F201FB120426480088F2
:10BC7000642190FBF1F00A2190FBF1F201FB120527
:10BC8000214800884FF47A7190FBF1F00A2190FB73
:10BC9000F1F201FB120623462A4631461BA000970B
:10BCA000FEF702FA0520F8F7AFFD1DA0FEF7FCF93C
:10BCB0000520F8F7A9FD1DA0FEF7F6F90520F8F715
:10BCC000A3FD1D4801781DA0FEF7EEF90520F8F749
:10BCD0009BFD1EA0FEF7E8F90520F8F795FDF8BDDD
:10BCE00041542B56455253494F4E0D0A0000000057
:10BCF00041542B4C414444520D0A000041542B4204
:10BD00004155440D0A0000000200003841542B50F8
:10BD1000494E25642564256425640D0A0000000051
:10BD200041542B50494E0D0A0000000041542B4E47
:10BD3000414D450D0A0000000000003841542B45DC
:10BD40004E4C4F4725640D0A0000000041542B451E
:10BD50004E4C4F470D0A000010B50446214602A084
:10BD6000FEF7A2F910BD000025730D0A00000000C7
:10BD7000FDF76CF900BF6448006800F4003000B1C2
:10BD800039E000BF00BF00BFBFF34F8F00BF00BF4F
:10BD900000BF00BF00BF00BFBFF36F8F00BF00BF79
:10BDA00000BF00205949086000BF00BF00BFBFF3BB
:10BDB0004F8F00BF00BF00BF00BF00BF00BFBFF379
:10BDC0006F8F00BF00BF00BF4F48006840F40030D5
:10BDD0004D49086000BF00BF00BFBFF34F8F00BFD9
:10BDE00000BF00BF00BF00BF00BFBFF36F8F00BF29
:10BDF00000BF00BF00BF00BF434B1B6803F480338C
:10BE000003B148E00023404C7034236000BF00BF02
:10BE100000BFBFF34F8F00BF00BF00BF231F1868D4
:10BE2000C0F34E3100BFC0F3C90200BF43F6E07358
:10BE300003EA41134FF0404404EA82742343334C35
:10BE40001034236000BF00BF131EA2F10102EDD128
:10BE50000B1EA1F10101E6D100BF00BF00BFBFF37F
:10BE60004F8F00BF00BF00BF274B1B6843F48033D8
:10BE7000254C236000BF00BF00BFBFF34F8F00BF42
:10BE800000BF00BF00BF00BF00BFBFF36F8F00BF88
:10BE900000BF00BF00BFF8F77BFEFDF74DFFFDF7C9
:10BEA00060FDFDF70FFAFDF79FF9FDF7C7F9FDF704
:10BEB000DFFAFDF753FBFDF719FBFDF733F9FDF74B
:10BEC000FFFBFDF711FF00F033F84FF4005210496B
:10BED0001048F6F76DFD1048FCF7D6F94FF47A706C
:10BEE000F8F792FCFFF7A0FEFCF798FF0BA0FFF716
:10BEF00033FFDFED0D0A9FED0D0A0120F4F752FD2F
:10BF000001E000F01BF8FCE714ED00E050EF00E06A
:10BF1000000200244C000020C4010020626C756502
:10BF20005F6F6B0D0A000000CDCC4C3F00401C46FB
:10BF300002200149087070472000002070B50025DC
:10BF400000241DE01148056804EB4400104901EB92
:10BF50008000806804EB44010D4A02EB81014968CE
:10BF60000844A8420AD804EB440152F82100804753
:10BF700004EB4400064901EB80008560601CC4B2FC
:10BF8000044800788442DDDB70BD0000080000201A
:10BF9000240000202000002070B5064680250022E5
:10BFA00069001248F8F7DCFD00241CE006EA0500F1
:10BFB00030B900224FF480710D48F8F7D1FD04E04C
:10BFC000012211020A48F8F7CBFD012211020748AD
:10BFD000F8F7C6FD6D1000224FF480710348F8F7A2
:10BFE000BFFD601CC4B2082CE0DB70BD000002582D
:10BFF0000008025810B54B48007801283DD14A4846
:10C000008021002923DD00F01F046218034600BFD1
:10C0100000BF00BFBFF34F8F00BF00BF00BF00BF16
:10C02000424C23602033203A002AF9DC00BF00BFD5
:10C0300000BFBFF34F8F00BF00BF00BF00BF00BFF6
:10C0400000BFBFF36F8F00BF00BF00BF00BF00BFC6
:10C050003748027834493748F4F7AAF98021324842
:10C06000F4F7BFF9334934A0FEF700F880213148D6
:10C07000F4F7B7F900202B490870314800780128FF
:10C080004ED130488021002923DD00F01F046218C2
:10C09000034600BF00BF00BFBFF34F8F00BF00BF0C
:10C0A00000BF00BF214C23602033203A002AF9DC76
:10C0B00000BF00BF00BFBFF34F8F00BF00BF00BF76
:10C0C00000BF00BF00BFBFF36F8F00BF00BF00BF46
:10C0D00000BF00BF1C4802781A491C48F4F768F9F1
:10C0E00080211848F4F77DF919A11848F4F78BF965
:10C0F00028B9002201211848F8F732FD09E017A1FC
:10C100001248F4F780F920B9012211461248F8F7D5
:10C1100027FD80210D48F4F764F9002008490870D4
:10C1200010BD00001C000020000000245CEF00E0B7
:10C130001D0000208000002452783A25730D0A006B
:10C140001E000020000100241F00002080010024A8
:10C150006C65645F6F6E0000000402586C65645F7C
:10C160006F66660000061016000610160100020039
:10C170000400060008000A000C0010002000400027
:10C18000800000010101010307010000080402040E
:10C190000801010100000000010203040102030480
:10C1A00006070809000000001F0000003F00000013
:10C1B0005F0000007F0000009F000000BF00000043
:10C1C000DF000000FF0000001F0100003F01000031
:10C1D0005F0100007F0100009F010000BF0100001F
:10C1E000DF010000FF0100001F0200003F0200000D
:10C1F0005F0200007F0200009F020000BF020000FB
:10C20000DF020000FF0200001F0300003F030000E8
:10C210005F0300007F0300009F030000BF030000D6
:10C22000DF030000FF0300001F0400003F040000C4
:10C230005F0400007F0400009F040000BF040000B2
:10C24000DF040000FF0400001F0500003F050000A0
:10C250005F0500007F0500009F050000BF0500008E
:10C26000DF050000FF0500001F0600003F0600007C
:10C270005F0600007F0600009F060000BF0600006A
:10C28000DF060000FF0600001F0700003F07000058
:10C290005F0700007F0700009F070000BF07000046
:10C2A000DF070000FF0700001F0800003F08000034
:10C2B0005F0800007F0800009F080000BF08000022
:10C2C000DF080000FF0800001F0900003F09000010
:10C2D0005F0900007F0900009F090000BF090000FE
:10C2E000DF090000FF0900001F0A00003F0A0000EC
:10C2F0005F0A00007F0A00009F0A0000BF0A0000DA
:10C30000DF0A0000FF0A00001F0B00003F0B0000C7
:10C310005F0B00007F0B00009F0B0000BF0B0000B5
:10C32000DF0B0000FF0B00001F0C00003F0C0000A3
:10C330005F0C00007F0C00009F0C0000BF0C000091
:10C34000DF0C0000FF0C00001F0D00003F0D00007F
:10C350005F0D00007F0D00009F0D0000BF0D00006D
:10C36000DF0D0000FF0D00001F0E00003F0E00005B
:10C370005F0E00007F0E00009F0E0000BF0E000049
:10C38000DF0E0000FF0E00001F0F00003F0F000037
:10C390005F0F00007F0F00009F0F0000BF0F000025
:10C3A000DF0F0000FF0F00001F1000003F10000013
:10C3B0005F1000007F1000009F100000BF10000001
:10C3C000DF100000FF1000001F1100003F110000EF
:10C3D0005F1100007F1100009F110000BF110000DD
:10C3E000DF110000FF1100001F1200003F120000CB
:10C3F0005F1200007F1200009F120000BF120000B9
:10C40000DF120000FF1200001F1300003F130000A6
:10C410005F1300007F1300009F130000BF13000094
:10C42000DF130000FF1300001F1400003F14000082
:10C430005F1400007F1400009F140000BF14000070
:10C44000DF140000FF1400001F1500003F1500005E
:10C450005F1500007F1500009F150000BF1500004C
:10C46000DF150000FF1500001F1600003F1600003A
:10C470005F1600007F1600009F160000BF16000028
:10C48000DF160000FF1600001F1700003F17000016
:10C490005F1700007F1700009F170000BF17000004
:10C4A000DF170000FF1700001F1800003F180000F2
:10C4B0005F1800007F1800009F180000BF180000E0
:10C4C000DF180000FF1800001F1900003F190000CE
:10C4D0005F1900007F1900009F190000BF190000BC
:10C4E000DF190000FF1900001F1A00003F1A0000AA
:10C4F0005F1A00007F1A00009F1A0000BF1A000098
:10C50000DF1A0000FF1A00001F1B00003F1B000085
:10C510005F1B00007F1B00009F1B0000BF1B000073
:10C52000DF1B0000FF1B00001F1C00003F1C000061
:10C530005F1C00007F1C00009F1C0000BF1C00004F
:10C54000DF1C0000FF1C00001F1D00003F1D00003D
:10C550005F1D00007F1D00009F1D0000BF1D00002B
:10C56000DF1D0000FF1D00001F1E00003F1E000019
:10C570005F1E00007F1E00009F1E0000BF1E000007
:10C58000DF1E0000FF1E00001F1F00003F1F0000F5
:10C590005F1F00007F1F00009F1F0000BF1F0000E3
:10C5A000DF1F0000FF1F00001F2000003F200000D1
:10C5B0005F2000007F2000009F200000BF200000BF
:10C5C000DF200000FF2000001F2100003F210000AD
:10C5D0005F2100007F2100009F210000BF2100009B
:10C5E000DF210000FF2100001F2200003F22000089
:10C5F0005F2200007F2200009F220000BF22000077
:10C60000DF220000FF2200001F2300003F23000064
:10C610005F2300007F2300009F230000BF23000052
:10C62000DF230000FF2300001F2400003F24000040
:10C630005F2400007F2400009F240000BF2400002E
:10C64000DF240000FF2400001F2500003F2500001C
:10C650005F2500007F2500009F250000BF2500000A
:10C66000DF250000FF2500001F2600003F260000F8
:10C670005F2600007F2600009F260000BF260000E6
:10C68000DF260000FF2600001F2700003F270000D4
:10C690005F2700007F2700009F270000BF270000C2
:10C6A000DF270000FF2700001F2800003F280000B0
:10C6B0005F2800007F2800009F280000BF2800009E
:10C6C000DF280000FF2800001F2900003F2900008C
:10C6D0005F2900007F2900009F290000BF2900007A
:10C6E000DF290000FF2900001F2A00003F2A000068
:10C6F0005F2A00007F2A00009F2A0000BF2A000056
:10C70000DF2A0000FF2A00001F2B00003F2B000043
:10C710005F2B00007F2B00009F2B0000BF2B000031
:10C72000DF2B0000FF2B00001F2C00003F2C00001F
:10C730005F2C00007F2C00009F2C0000BF2C00000D
:10C74000DF2C0000FF2C00001F2D00003F2D0000FB
:10C750005F2D00007F2D00009F2D0000BF2D0000E9
:10C76000DF2D0000FF2D00001F2E00003F2E0000D7
:10C770005F2E00007F2E00009F2E0000BF2E0000C5
:10C78000DF2E0000FF2E00001F2F00003F2F0000B3
:10C790005F2F00007F2F00009F2F0000BF2F0000A1
:10C7A000DF2F0000FF2F00001F3000003F3000008F
:10C7B0005F3000007F3000009F300000BF3000007D
:10C7C000DF300000FF3000001F3100003F3100006B
:10C7D0005F3100007F3100009F310000BF31000059
:10C7E000DF310000FF3100001F3200003F32000047
:10C7F0005F3200007F3200009F320000BF32000035
:10C80000DF320000FF3200001F3300003F33000022
:10C810005F3300007F3300009F330000BF33000010
:10C82000DF330000FF3300001F3400003F340000FE
:10C830005F3400007F3400009F340000BF340000EC
:10C84000DF340000FF3400001F3500003F350000DA
:10C850005F3500007F3500009F350000BF350000C8
:10C86000DF350000FF3500001F3600003F360000B6
:10C870005F3600007F3600009F360000BF360000A4
:10C88000DF360000FF3600001F3700003F37000092
:10C890005F3700007F3700009F370000BF37000080
:10C8A000DF370000FF3700001F3800003F3800006E
:10C8B0005F3800007F3800009F380000BF3800005C
:10C8C000DF380000FF3800001F3900003F3900004A
:10C8D0005F3900007F3900009F390000BF39000038
:10C8E000DF390000FF3900001F3A00003F3A000026
:10C8F0005F3A00007F3A00009F3A0000BF3A000014
:10C90000DF3A0000FF3A00001F3B00003F3B000001
:10C910005F3B00007F3B00009F3B0000BF3B0000EF
:10C92000DF3B0000FF3B00001F3C00003F3C0000DD
:10C930005F3C00007F3C00009F3C0000BF3C0000CB
:10C94000DF3C0000FF3C00001F3D00003F3D0000B9
:10C950005F3D00007F3D00009F3D0000BF3D0000A7
:10C96000DF3D0000FF3D00001F3E00003F3E000095
:10C970005F3E00007F3E00009F3E0000BF3E000083
:10C98000DF3E0000FF3E00001F3F00003F3F000071
:10C990005F3F00007F3F00009F3F0000BF3F00005F
:10C9A000DF3F0000DF3F0000BF3F00009F3F00006F
:10C9B0007F3F00005F3F00003F3F00001F3F00003F
:10C9C000FF3E0000DF3E0000BF3E00009F3E000033
:10C9D0007F3E00005F3E00003F3E00001F3E000023
:10C9E000FF3D0000DF3D0000BF3D00009F3D000017
:10C9F0007F3D00005F3D00003F3D00001F3D000007
:10CA0000FF3C0000DF3C0000BF3C00009F3C0000FA
:10CA10007F3C00005F3C00003F3C00001F3C0000EA
:10CA2000FF3B0000DF3B0000BF3B00009F3B0000DE
:10CA30007F3B00005F3B00003F3B00001F3B0000CE
:10CA4000FF3A0000DF3A0000BF3A00009F3A0000C2
:10CA50007F3A00005F3A00003F3A00001F3A0000B2
:10CA6000FF390000DF390000BF3900009F390000A6
:10CA70007F3900005F3900003F3900001F39000096
:10CA8000FF380000DF380000BF3800009F3800008A
:10CA90007F3800005F3800003F3800001F3800007A
:10CAA000FF370000DF370000BF3700009F3700006E
:10CAB0007F3700005F3700003F3700001F3700005E
:10CAC000FF360000DF360000BF3600009F36000052
:10CAD0007F3600005F3600003F3600001F36000042
:10CAE000FF350000DF350000BF3500009F35000036
:10CAF0007F3500005F3500003F3500001F35000026
:10CB0000FF340000DF340000BF3400009F34000019
:10CB10007F3400005F3400003F3400001F34000009
:10CB2000FF330000DF330000BF3300009F330000FD
:10CB30007F3300005F3300003F3300001F330000ED
:10CB4000FF320000DF320000BF3200009F320000E1
:10CB50007F3200005F3200003F3200001F320000D1
:10CB6000FF310000DF310000BF3100009F310000C5
:10CB70007F3100005F3100003F3100001F310000B5
:10CB8000FF300000DF300000BF3000009F300000A9
:10CB90007F3000005F3000003F3000001F30000099
:10CBA000FF2F0000DF2F0000BF2F00009F2F00008D
:10CBB0007F2F00005F2F00003F2F00001F2F00007D
:10CBC000FF2E0000DF2E0000BF2E00009F2E000071
:10CBD0007F2E00005F2E00003F2E00001F2E000061
:10CBE000FF2D0000DF2D0000BF2D00009F2D000055
:10CBF0007F2D00005F2D00003F2D00001F2D000045
:10CC0000FF2C0000DF2C0000BF2C00009F2C000038
:10CC10007F2C00005F2C00003F2C00001F2C000028
:10CC2000FF2B0000DF2B0000BF2B00009F2B00001C
:10CC30007F2B00005F2B00003F2B00001F2B00000C
:10CC4000FF2A0000DF2A0000BF2A00009F2A000000
:10CC50007F2A00005F2A00003F2A00001F2A0000F0
:10CC6000FF290000DF290000BF2900009F290000E4
:10CC70007F2900005F2900003F2900001F290000D4
:10CC8000FF280000DF280000BF2800009F280000C8
:10CC90007F2800005F2800003F2800001F280000B8
:10CCA000FF270000DF270000BF2700009F270000AC
:10CCB0007F2700005F2700003F2700001F2700009C
:10CCC000FF260000DF260000BF2600009F26000090
:10CCD0007F2600005F2600003F2600001F26000080
:10CCE000FF250000DF250000BF2500009F25000074
:10CCF0007F2500005F2500003F2500001F25000064
:10CD0000FF240000DF240000BF2400009F24000057
:10CD10007F2400005F2400003F2400001F24000047
:10CD2000FF230000DF230000BF2300009F2300003B
:10CD30007F2300005F2300003F2300001F2300002B
:10CD4000FF220000DF220000BF2200009F2200001F
:10CD50007F2200005F2200003F2200001F2200000F
:10CD6000FF210000DF210000BF2100009F21000003
:10CD70007F2100005F2100003F2100001F210000F3
:10CD8000FF200000DF200000BF2000009F200000E7
:10CD90007F2000005F2000003F2000001F200000D7
:10CDA000FF1F0000DF1F0000BF1F00009F1F0000CB
:10CDB0007F1F00005F1F00003F1F00001F1F0000BB
:10CDC000FF1E0000DF1E0000BF1E00009F1E0000AF
:10CDD0007F1E00005F1E00003F1E00001F1E00009F
:10CDE000FF1D0000DF1D0000BF1D00009F1D000093
:10CDF0007F1D00005F1D00003F1D00001F1D000083
:10CE0000FF1C0000DF1C0000BF1C00009F1C000076
:10CE10007F1C00005F1C00003F1C00001F1C000066
:10CE2000FF1B0000DF1B0000BF1B00009F1B00005A
:10CE30007F1B00005F1B00003F1B00001F1B00004A
:10CE4000FF1A0000DF1A0000BF1A00009F1A00003E
:10CE50007F1A00005F1A00003F1A00001F1A00002E
:10CE6000FF190000DF190000BF1900009F19000022
:10CE70007F1900005F1900003F1900001F19000012
:10CE8000FF180000DF180000BF1800009F18000006
:10CE90007F1800005F1800003F1800001F180000F6
:10CEA000FF170000DF170000BF1700009F170000EA
:10CEB0007F1700005F1700003F1700001F170000DA
:10CEC000FF160000DF160000BF1600009F160000CE
:10CED0007F1600005F1600003F1600001F160000BE
:10CEE000FF150000DF150000BF1500009F150000B2
:10CEF0007F1500005F1500003F1500001F150000A2
:10CF0000FF140000DF140000BF1400009F14000095
:10CF10007F1400005F1400003F1400001F14000085
:10CF2000FF130000DF130000BF1300009F13000079
:10CF30007F1300005F1300003F1300001F13000069
:10CF4000FF120000DF120000BF1200009F1200005D
:10CF50007F1200005F1200003F1200001F1200004D
:10CF6000FF110000DF110000BF1100009F11000041
:10CF70007F1100005F1100003F1100001F11000031
:10CF8000FF100000DF100000BF1000009F10000025
:10CF90007F1000005F1000003F1000001F10000015
:10CFA000FF0F0000DF0F0000BF0F00009F0F000009
:10CFB0007F0F00005F0F00003F0F00001F0F0000F9
:10CFC000FF0E0000DF0E0000BF0E00009F0E0000ED
:10CFD0007F0E00005F0E00003F0E00001F0E0000DD
:10CFE000FF0D0000DF0D0000BF0D00009F0D0000D1
:10CFF0007F0D00005F0D00003F0D00001F0D0000C1
:10D00000FF0C0000DF0C0000BF0C00009F0C0000B4
:10D010007F0C00005F0C00003F0C00001F0C0000A4
:10D02000FF0B0000DF0B0000BF0B00009F0B000098
:10D030007F0B00005F0B00003F0B00001F0B000088
:10D04000FF0A0000DF0A0000BF0A00009F0A00007C
:10D050007F0A00005F0A00003F0A00001F0A00006C
:10D06000FF090000DF090000BF0900009F09000060
:10D070007F0900005F0900003F0900001F09000050
:10D08000FF080000DF080000BF0800009F08000044
:10D090007F0800005F0800003F0800001F08000034
:10D0A000FF070000DF070000BF0700009F07000028
:10D0B0007F0700005F0700003F0700001F07000018
:10D0C000FF060000DF060000BF0600009F0600000C
:10D0D0007F0600005F0600003F0600001F060000FC
:10D0E000FF050000DF050000BF0500009F050000F0
:10D0F0007F0500005F0500003F0500001F050000E0
:10D10000FF040000DF040000BF0400009F040000D3
:10D110007F0400005F0400003F0400001F040000C3
:10D12000FF030000DF030000BF0300009F030000B7
:10D130007F0300005F0300003F0300001F030000A7
:10D14000FF020000DF020000BF0200009F0200009B
:10D150007F0200005F0200003F0200001F0200008B
:10D16000FF010000DF010000BF0100009F0100007F
:10D170007F0100005F0100003F0100001F0100006F
:10D18000FF000000DF000000BF0000009F00000063
:10D190007F0000005F0000003F0000001F00000053
:10D1A000000000000000000000000000000000007F
:10D1B000000000000000000000000000000000006F
:10D1C000000000000000000000000000000000005F
:10D1D000000000000000000000000000000000004F
:10D1E000000000000000000000000000000000003F
:10D1F000000000000000000000000000000000002F
:10D20000000000000000000000000000000000001E
:10D21000000000000000000000000000000000000E
:10D2200000000000000000000000000000000000FE
:10D2300000000000000000000000000000000000EE
:10D2400000000000000000000000000000000000DE
:10D2500000000000000000000000000000000000CE
:10D2600000000000000000000000000000000000BE
:10D2700000000000000000000000000000000000AE
:10D28000000000000000000000000000000000009E
:10D29000000000000000000000000000000000008E
:10D2A000000000000000000000000000000000007E
:10D2B000000000000000000000000000000000006E
:10D2C000000000000000000000000000000000005E
:10D2D000000000000000000000000000000000004E
:10D2E000000000000000000000000000000000003E
:10D2F000000000000000000000000000000000002E
:10D30000000000000000000000000000000000001D
:10D31000000000000000000000000000000000000D
:10D3200000000000000000000000000000000000FD
:10D3300000000000000000000000000000000000ED
:10D3400000000000000000000000000000000000DD
:10D3500000000000000000000000000000000000CD
:10D3600000000000000000000000000000000000BD
:10D3700000000000000000000000000000000000AD
:10D38000000000000000000000000000000000009D
:10D39000000000000000000000000000000000008D
:10D3A000000000000000000000000000000000007D
:10D3B000000000000000000000000000000000006D
:10D3C000000000000000000000000000000000005D
:10D3D000000000000000000000000000000000004D
:10D3E000000000000000000000000000000000003D
:10D3F000000000000000000000000000000000002D
:10D40000000000000000000000000000000000001C
:10D41000000000000000000000000000000000000C
:10D4200000000000000000000000000000000000FC
:10D4300000000000000000000000000000000000EC
:10D4400000000000000000000000000000000000DC
:10D4500000000000000000000000000000000000CC
:10D4600000000000000000000000000000000000BC
:10D4700000000000000000000000000000000000AC
:10D48000000000000000000000000000000000009C
:10D49000000000000000000000000000000000008C
:10D4A000000000000000000000000000000000007C
:10D4B000000000000000000000000000000000006C
:10D4C000000000000000000000000000000000005C
:10D4D000000000000000000000000000000000004C
:10D4E000000000000000000000000000000000003C
:10D4F000000000000000000000000000000000002C
:10D50000000000000000000000000000000000001B
:10D51000000000000000000000000000000000000B
:10D5200000000000000000000000000000000000FB
:10D5300000000000000000000000000000000000EB
:10D5400000000000000000000000000000000000DB
:10D5500000000000000000000000000000000000CB
:10D5600000000000000000000000000000000000BB
:10D5700000000000000000000000000000000000AB
:10D58000000000000000000000000000000000009B
:10D59000000000000000000000000000000000008B
:10D5A000000000000000000000000000000000007B
:10D5B000000000000000000000000000000000006B
:10D5C000000000000000000000000000000000005B
:10D5D000000000000000000000000000000000004B
:10D5E000000000000000000000000000000000003B
:10D5F000000000000000000000000000000000002B
:10D60000000000000000000000000000000000001A
:10D61000000000000000000000000000000000000A
:10D6200000000000000000000000000000000000FA
:10D6300000000000000000000000000000000000EA
:10D6400000000000000000000000000000000000DA
:10D6500000000000000000000000000000000000CA
:10D6600000000000000000000000000000000000BA
:10D6700000000000000000000000000000000000AA
:10D68000000000000000000000000000000000009A
:10D69000000000000000000000000000000000008A
:10D6A000000000000000000000000000000000007A
:10D6B000000000000000000000000000000000006A
:10D6C000000000000000000000000000000000005A
:10D6D000000000000000000000000000000000004A
:10D6E000000000000000000000000000000000003A
:10D6F000000000000000000000000000000000002A
:10D700000000000000000000000000000000000019
:10D710000000000000000000000000000000000009
:10D7200000000000000000000000000000000000F9
:10D7300000000000000000000000000000000000E9
:10D7400000000000000000000000000000000000D9
:10D7500000000000000000000000000000000000C9
:10D7600000000000000000000000000000000000B9
:10D7700000000000000000000000000000000000A9
:10D780000000000000000000000000000000000099
:10D790000000000000000000000000000000000089
:10D7A0000000000000000000000000000000000079
:10D7B0000000000000000000000000000000000069
:10D7C0000000000000000000000000000000000059
:10D7D0000000000000000000000000000000000049
:10D7E0000000000000000000000000000000000039
:10D7F0000000000000000000000000000000000029
:10D800000000000000000000000000000000000018
:10D810000000000000000000000000000000000008
:10D8200000000000000000000000000000000000F8
:10D8300000000000000000000000000000000000E8
:10D8400000000000000000000000000000000000D8
:10D8500000000000000000000000000000000000C8
:10D8600000000000000000000000000000000000B8
:10D8700000000000000000000000000000000000A8
:10D880000000000000000000000000000000000098
:10D890000000000000000000000000000000000088
:10D8A0000000000000000000000000000000000078
:10D8B0000000000000000000000000000000000068
:10D8C0000000000000000000000000000000000058
:10D8D0000000000000000000000000000000000048
:10D8E0000000000000000000000000000000000038
:10D8F0000000000000000000000000000000000028
:10D900000000000000000000000000000000000017
:10D910000000000000000000000000000000000007
:10D9200000000000000000000000000000000000F7
:10D9300000000000000000000000000000000000E7
:10D9400000000000000000000000000000000000D7
:10D9500000000000000000000000000000000000C7
:10D9600000000000000000000000000000000000B7
:10D9700000000000000000000000000000000000A7
:10D980000000000000000000000000000000000097
:10D990000000000000000000000000000000000087
:10D9A00000000000FF3F0000FF3F0000FF3F0000BD
:10D9B000FF3F0000FF3F0000FF3F0000FF3F00006F
:10D9C000FF3F0000FF3F0000FF3F0000FF3F00005F
:10D9D000FF3F0000FF3F0000FF3F0000FF3F00004F
:10D9E000FF3F0000FF3F0000FF3F0000FF3F00003F
:10D9F000FF3F0000FF3F0000FF3F0000FF3F00002F
:10DA0000FF3F0000FF3F0000FF3F0000FF3F00001E
:10DA1000FF3F0000FF3F0000FF3F0000FF3F00000E
:10DA2000FF3F0000FF3F0000FF3F0000FF3F0000FE
:10DA3000FF3F0000FF3F0000FF3F0000FF3F0000EE
:10DA4000FF3F0000FF3F0000FF3F0000FF3F0000DE
:10DA5000FF3F0000FF3F0000FF3F0000FF3F0000CE
:10DA6000FF3F0000FF3F0000FF3F0000FF3F0000BE
:10DA7000FF3F0000FF3F0000FF3F0000FF3F0000AE
:10DA8000FF3F0000FF3F0000FF3F0000FF3F00009E
:10DA9000FF3F0000FF3F0000FF3F0000FF3F00008E
:10DAA000FF3F0000FF3F0000FF3F0000FF3F00007E
:10DAB000FF3F0000FF3F0000FF3F0000FF3F00006E
:10DAC000FF3F0000FF3F0000FF3F0000FF3F00005E
:10DAD000FF3F0000FF3F0000FF3F0000FF3F00004E
:10DAE000FF3F0000FF3F0000FF3F0000FF3F00003E
:10DAF000FF3F0000FF3F0000FF3F0000FF3F00002E
:10DB0000FF3F0000FF3F0000FF3F0000FF3F00001D
:10DB1000FF3F0000FF3F0000FF3F0000FF3F00000D
:10DB2000FF3F0000FF3F0000FF3F0000FF3F0000FD
:10DB3000FF3F0000FF3F0000FF3F0000FF3F0000ED
:10DB4000FF3F0000FF3F0000FF3F0000FF3F0000DD
:10DB5000FF3F0000FF3F0000FF3F0000FF3F0000CD
:10DB6000FF3F0000FF3F0000FF3F0000FF3F0000BD
:10DB7000FF3F0000FF3F0000FF3F0000FF3F0000AD
:10DB8000FF3F0000FF3F0000FF3F0000FF3F00009D
:10DB9000FF3F0000FF3F0000FF3F0000FF3F00008D
:10DBA000FF3F0000FF3F0000FF3F0000FF3F00007D
:10DBB000FF3F0000FF3F0000FF3F0000FF3F00006D
:10DBC000FF3F0000FF3F0000FF3F0000FF3F00005D
:10DBD000FF3F0000FF3F0000FF3F0000FF3F00004D
:10DBE000FF3F0000FF3F0000FF3F0000FF3F00003D
:10DBF000FF3F0000FF3F0000FF3F0000FF3F00002D
:10DC0000FF3F0000FF3F0000FF3F0000FF3F00001C
:10DC1000FF3F0000FF3F0000FF3F0000FF3F00000C
:10DC2000FF3F0000FF3F0000FF3F0000FF3F0000FC
:10DC3000FF3F0000FF3F0000FF3F0000FF3F0000EC
:10DC4000FF3F0000FF3F0000FF3F0000FF3F0000DC
:10DC5000FF3F0000FF3F0000FF3F0000FF3F0000CC
:10DC6000FF3F0000FF3F0000FF3F0000FF3F0000BC
:10DC7000FF3F0000FF3F0000FF3F0000FF3F0000AC
:10DC8000FF3F0000FF3F0000FF3F0000FF3F00009C
:10DC9000FF3F0000FF3F0000FF3F0000FF3F00008C
:10DCA000FF3F0000FF3F0000FF3F0000FF3F00007C
:10DCB000FF3F0000FF3F0000FF3F0000FF3F00006C
:10DCC000FF3F0000FF3F0000FF3F0000FF3F00005C
:10DCD000FF3F0000FF3F0000FF3F0000FF3F00004C
:10DCE000FF3F0000FF3F0000FF3F0000FF3F00003C
:10DCF000FF3F0000FF3F0000FF3F0000FF3F00002C
:10DD0000FF3F0000FF3F0000FF3F0000FF3F00001B
:10DD1000FF3F0000FF3F0000FF3F0000FF3F00000B
:10DD2000FF3F0000FF3F0000FF3F0000FF3F0000FB
:10DD3000FF3F0000FF3F0000FF3F0000FF3F0000EB
:10DD4000FF3F0000FF3F0000FF3F0000FF3F0000DB
:10DD5000FF3F0000FF3F0000FF3F0000FF3F0000CB
:10DD6000FF3F0000FF3F0000FF3F0000FF3F0000BB
:10DD7000FF3F0000FF3F0000FF3F0000FF3F0000AB
:10DD8000FF3F0000FF3F0000FF3F0000FF3F00009B
:10DD9000FF3F0000FF3F0000FF3F0000FF3F00008B
:10DDA000FF3F0000FF3F0000FF3F0000FF3F00007B
:10DDB000FF3F0000FF3F0000FF3F0000FF3F00006B
:10DDC000FF3F0000FF3F0000FF3F0000FF3F00005B
:10DDD000FF3F0000FF3F0000FF3F0000FF3F00004B
:10DDE000FF3F0000FF3F0000FF3F0000FF3F00003B
:10DDF000FF3F0000FF3F0000FF3F0000FF3F00002B
:10DE0000FF3F0000FF3F0000FF3F0000FF3F00001A
:10DE1000FF3F0000FF3F0000FF3F0000FF3F00000A
:10DE2000FF3F0000FF3F0000FF3F0000FF3F0000FA
:10DE3000FF3F0000FF3F0000FF3F0000FF3F0000EA
:10DE4000FF3F0000FF3F0000FF3F0000FF3F0000DA
:10DE5000FF3F0000FF3F0000FF3F0000FF3F0000CA
:10DE6000FF3F0000FF3F0000FF3F0000FF3F0000BA
:10DE7000FF3F0000FF3F0000FF3F0000FF3F0000AA
:10DE8000FF3F0000FF3F0000FF3F0000FF3F00009A
:10DE9000FF3F0000FF3F0000FF3F0000FF3F00008A
:10DEA000FF3F0000FF3F0000FF3F0000FF3F00007A
:10DEB000FF3F0000FF3F0000FF3F0000FF3F00006A
:10DEC000FF3F0000FF3F0000FF3F0000FF3F00005A
:10DED000FF3F0000FF3F0000FF3F0000FF3F00004A
:10DEE000FF3F0000FF3F0000FF3F0000FF3F00003A
:10DEF000FF3F0000FF3F0000FF3F0000FF3F00002A
:10DF0000FF3F0000FF3F0000FF3F0000FF3F000019
:10DF1000FF3F0000FF3F0000FF3F0000FF3F000009
:10DF2000FF3F0000FF3F0000FF3F0000FF3F0000F9
:10DF3000FF3F0000FF3F0000FF3F0000FF3F0000E9
:10DF4000FF3F0000FF3F0000FF3F0000FF3F0000D9
:10DF5000FF3F0000FF3F0000FF3F0000FF3F0000C9
:10DF6000FF3F0000FF3F0000FF3F0000FF3F0000B9
:10DF7000FF3F0000FF3F0000FF3F0000FF3F0000A9
:10DF8000FF3F0000FF3F0000FF3F0000FF3F000099
:10DF9000FF3F0000FF3F0000FF3F0000FF3F000089
:10DFA000FF3F0000FF3F0000FF3F0000FF3F000079
:10DFB000FF3F0000FF3F0000FF3F0000FF3F000069
:10DFC000FF3F0000FF3F0000FF3F0000FF3F000059
:10DFD000FF3F0000FF3F0000FF3F0000FF3F000049
:10DFE000FF3F0000FF3F0000FF3F0000FF3F000039
:10DFF000FF3F0000FF3F0000FF3F0000FF3F000029
:10E00000FF3F0000FF3F0000FF3F0000FF3F000018
:10E01000FF3F0000FF3F0000FF3F0000FF3F000008
:10E02000FF3F0000FF3F0000FF3F0000FF3F0000F8
:10E03000FF3F0000FF3F0000FF3F0000FF3F0000E8
:10E04000FF3F0000FF3F0000FF3F0000FF3F0000D8
:10E05000FF3F0000FF3F0000FF3F0000FF3F0000C8
:10E06000FF3F0000FF3F0000FF3F0000FF3F0000B8
:10E07000FF3F0000FF3F0000FF3F0000FF3F0000A8
:10E08000FF3F0000FF3F0000FF3F0000FF3F000098
:10E09000FF3F0000FF3F0000FF3F0000FF3F000088
:10E0A000FF3F0000FF3F0000FF3F0000FF3F000078
:10E0B000FF3F0000FF3F0000FF3F0000FF3F000068
:10E0C000FF3F0000FF3F0000FF3F0000FF3F000058
:10E0D000FF3F0000FF3F0000FF3F0000FF3F000048
:10E0E000FF3F0000FF3F0000FF3F0000FF3F000038
:10E0F000FF3F0000FF3F0000FF3F0000FF3F000028
:10E10000FF3F0000FF3F0000FF3F0000FF3F000017
:10E11000FF3F0000FF3F0000FF3F0000FF3F000007
:10E12000FF3F0000FF3F0000FF3F0000FF3F0000F7
:10E13000FF3F0000FF3F0000FF3F0000FF3F0000E7
:10E14000FF3F0000FF3F0000FF3F0000FF3F0000D7
:10E15000FF3F0000FF3F0000FF3F0000FF3F0000C7
:10E16000FF3F0000FF3F0000FF3F0000FF3F0000B7
:10E17000FF3F0000FF3F0000FF3F0000FF3F0000A7
:10E18000FF3F0000FF3F0000FF3F0000FF3F000097
:10E19000FF3F0000FF3F0000FF3F0000FF3F000087
:10E1A000FF3F00006C0B0000510B0000370B00001C
:10E1B0001C0B0000020B0000E80A0000CE0A000061
:10E1C000B40A00009B0A0000820A00006A0A0000EC
:10E1D000520A00003B0A0000240A00000E0A000058
:10E1E000F9090000E4090000D1090000BE0900009F
:10E1F000AC0900009C0900008C0900007E090000A9
:10E200007009000064090000590900004F0900006E
:10E2100047090000400900003A09000035090000E4
:10E220003209000030090000300900003109000007
:10E2300033090000370900003C09000042090000D2
:10E240004A090000530900005E0900006909000046
:10E25000770900008509000095090000A509000064
:10E26000B7090000CB090000DF090000F409000035
:10E270000A0A0000220A00003A0A0000530A0000BD
:10E280006C0A0000870A0000A20A0000BE0A000013
:10E29000DA0A0000F70A0000140B0000320B00003D
:10E2A0004F0B00006D0B00008C0B0000AA0B000050
:10E2B000C80B0000E60B0000040C0000220C00005C
:10E2C0003F0C00005C0C0000790C0000950C000075
:10E2D000B00C0000CB0C0000E50C0000FE0C0000B0
:10E2E000170D00002E0D0000450D00005A0D000016
:10E2F0006F0D0000820D0000940D0000A50D0000C0
:10E30000B40D0000C20D0000CF0D0000DA0D0000BA
:10E31000E40D0000ED0D0000F30D0000F90D00000C
:10E32000FD0D0000FF0D0000FF0D0000FF0D0000BF
:10E33000FC0D0000F80D0000F20D0000EB0D0000D8
:10E34000E20D0000D70D0000CB0D0000BE0D000057
:10E35000AF0D00009E0D00008C0D0000790D000037
:10E36000640D00004E0D0000360D00001E0D000073
:10E37000040D0000E90C0000CD0C0000B00C000002
:10E38000920C0000740C0000540C0000340C0000CF
:10E39000130C0000F10B0000CF0B0000AD0B0000D0
:10E3A0008A0B0000670B0000440B0000210B0000EB
:10E3B000FD0A0000DA0A0000B70A0000940A000013
:10E3C000720A0000500A00002E0A00000E0A000027
:10E3D000ED090000CE090000AF090000910900001E
:10E3E00075090000590900003E09000025090000D8
:10E3F0000D090000F6080000E1080000CD0800004B
:10E40000BA080000A90800009A0800008D08000062
:10E4100081080000770800006E080000680800000E
:10E4200063080000600800005F080000600800004A
:10E4300063080000680800006E080000770800000C
:10E44000810800008D0800009B080000AB08000058
:10E45000BD080000D0080000E6080000FC0800002D
:10E46000150900002F0900004B0900006809000091
:10E4700086090000A6090000C8090000EA0900009A
:10E480000E0A0000320A0000580A00007E0A00004E
:10E49000A60A0000CE0A0000F70A0000200B0000C8
:10E4A000490B0000730B00009E0B0000C80B00001E
:10E4B000F30B00001D0C0000470C0000710C000065
:10E4C0009B0C0000C40C0000EC0C0000140D0000BC
:10E4D0003B0D0000620D0000870D0000AB0D000039
:10E4E000CE0D0000F00D0000110E0000300E0000F7
:10E4F0004D0E0000690E0000830E00009C0E00000F
:10E50000B30E0000C80E0000DB0E0000EB0E000092
:10E51000FA0E0000070F0000120F00001A0F000093
:10E52000200F0000240F0000260F0000250F000020
:10E53000220F00001D0F0000160F00000C0F00003E
:10E54000FF0E0000F10E0000E00E0000CD0E0000F6
:10E55000B80E0000A00E0000860E00006A0E00003B
:10E560004D0E00002D0E00000B0E0000E70D000008
:10E57000C20D00009A0D0000720D0000470D000052
:10E580001B0D0000EE0C0000BF0C0000900C000002
:10E590005F0C00002D0C0000FA0B0000C70B000000
:10E5A000930B00005E0B0000290B0000F40A000032
:10E5B000BF0A00008A0A0000550A0000200A000075
:10E5C000EB090000B70900008409000051090000B0
:10E5D0001F090000EF080000BF08000091080000BC
:10E5E00064080000380800000E080000E60700007C
:10E5F000C00700009C0700007A0700005A070000CF
:10E600003C0700002007000007070000F10600009B
:10E61000DD060000CB060000BD060000B1060000CC
:10E62000A8060000A20600009F0600009F0600004A
:10E63000A1060000A7060000B0060000BC0600000E
:10E64000CA060000DC060000F10600000907000011
:10E650002307000041070000620700008507000053
:10E66000AB070000D4070000FF0700002D080000E2
:10E670005D08000090080000C5080000FD080000CB
:10E680003609000071090000AE090000ED09000024
:10E690002D0A00006F0A0000B20A0000F60A00000E
:10E6A0003B0B0000810B0000C80B00000F0C0000AA
:10E6B000570C00009F0C0000E70C00002E0D00001E
:10E6C000760D0000BC0D0000030E0000480E000097
:10E6D0008C0E0000D00E0000110F0000520F000041
:10E6E000900F0000CD0F0000081000004010000047
:10E6F00076100000AA100000DB10000009110000D5
:10E70000341100005D11000082110000A31100000F
:10E71000C1110000DC110000F3110000061200001E
:10E720001512000021120000281200002B12000018
:10E730002A120000251200001C1200000E12000018
:10E74000FC110000E6110000CB110000AC1100002C
:10E75000891100006211000036110000061100004E
:10E76000D2100000991000005D1000001D10000084
:10E77000D90F0000910F0000460F0000F70E0000B7
:10E78000A50E00004F0E0000F70D00009B0D0000CD
:10E790003D0D0000DD0C00007A0C0000140C0000A0
:10E7A000AD0B0000440B0000D90A00006D0A000008
:10E7B000000A00009209000024090000B5080000CA
:10E7C00046080000D707000068070000FA060000AE
:10E7D0008D06000021060000B60500004D05000072
:10E7E000E6040000810400001F040000BF030000D5
:10E7F000630300000A030000B4020000620200008C
:10E8000014020000CB010000860100004601000058
:10E810000B010000D5000000A50000007A000000F8
:10E820005600000038000000200000000E0000002C
:10E830000300000000000000030000000D000000C5
:10E840001F00000038000000590000008100000097
:10E85000B2000000EA0000002A010000720100007E
:10E86000C20100001A0200007A020000E202000069
:10E8700053030000CB0300004C040000D40400004C
:10E8800064050000FC0500009C0600004407000031
:10E89000F2070000A9080000660900002B0A00002A
:10E8A000F60A0000C80B0000A10C0000800D00005B
:10E8B000650E00004F0F00004010000035110000F1
:10E8C0003012000030130000341400003C1500002A
:10E8D00048160000581700006B180000801900004F
:10E8E000991A0000B31B0000D01C0000EE1D0000B0
:10E8F0000D1F00002D2000004D2100006E220000A1
:10E900008E230000AD240000CC250000E926000085
:10E91000042800001C290000332A0000462B0000B8
:10E92000562C0000622D00006A2E00006E2F0000A1
:10E930006C300000663100005A320000483300009D
:10E940003034000012350000ED350000C036000004
:10E950008C370000513800000D390000C13900002B
:10E960006D3A0000103B0000AA3B00003A3C00005A
:10E97000C13C00003F3D0000B33D00001C3E0000D4
:10E980007C3E0000D13E00001C3F00005D3F0000C7
:10E99000923F0000BE3F0000DE3F0000F43F000059
:10E9A000FF3F0000FF3F0000F43F0000DE3F00009B
:10E9B000BE3F0000923F00005D3F00001C3F000092
:10E9C000D13E00007C3E00001C3E0000B33D000034
:10E9D0003F3D0000C13C00003A3C0000AA3B000063
:10E9E000103B00006D3A0000C13900000D390000F5
:10E9F000513800008C370000C0360000ED350000B3
:10EA00001235000030340000483300005A32000054
:10EA1000663100006C3000006E2F00006A2E00008E
:10EA2000622D0000562C0000462B0000332A000007
:10EA30001C29000004280000E9260000CC25000065
:10EA4000AD2400008E2300006E2200004D21000046
:10EA50002D2000000D1F0000EE1D0000D01C000046
:10EA6000B31B0000991A0000801900006B18000009
:10EA700058170000481600003C1500003414000030
:10EA8000301300003012000035110000401000006B
:10EA90004F0F0000650E0000800D0000A10C00006B
:10EAA000C80B0000F60A00002B0A000066090000EF
:10EAB000A9080000F2070000440700009C060000BF
:10EAC000FC05000064050000D40400004C040000B4
:10EAD000CB03000053030000E20200007A020000B2
:10EAE0001A020000C2010000720100002A010000A9
:10EAF000EA000000B20000008100000059000000A0
:10EB0000380000001F0000000D000000030000009E
:10EB100000000000030000000E00000020000000C4
:10EB200038000000560000007A000000A500000038
:10EB3000D50000000B010000460100008601000026
:10EB4000CB0100001402000062020000B4020000C9
:10EB50000A03000063030000BF0300001F0400005D
:10EB600081040000E60400004D050000B605000029
:10EB7000210600008D060000FA060000680700006C
:10EB8000D707000046080000B5080000240900006F
:10EB900092090000000A00006D0A0000D90A000076
:10EBA000440B0000AD0B0000140C00007A0C0000B8
:10EBB000DD0C00003D0D00009B0D0000F70D000076
:10EBC0004F0E0000A50E0000F70E0000460F0000DB
:10EBD000910F0000D90F00001D1000005D10000013
:10EBE00099100000D210000006110000361100003C
:10EBF0006211000089110000AC110000CB1100006F
:10EC0000E6110000FC1100000E1200001C120000B2
:10EC1000251200002A1200002B120000281200000A
:10EC2000211200001512000006120000F31100006E
:10EC3000DC110000C1110000A311000082110000CE
:10EC40005D1100003411000009110000DB1000000C
:10EC5000AA1000007610000040100000081000000C
:10EC6000CD0F0000900F0000520F0000110F0000A8
:10EC7000D00E00008C0E0000480E0000030E0000B5
:10EC8000BC0D0000760D00002E0D0000E70C00000A
:10EC90009F0C0000570C00000F0C0000C80B000078
:10ECA000810B00003B0B0000F60A0000B20A0000D6
:10ECB0006F0A00002D0A0000ED090000AE090000F7
:10ECC0007109000036090000FD080000C5080000B9
:10ECD000900800005D0800002D080000FF070000FC
:10ECE000D4070000AB0700008507000062070000A2
:10ECF000410700002307000009070000F10600009B
:10ED0000DC060000CA060000BC060000B0060000D9
:10ED1000A7060000A10600009F0600009F06000055
:10ED2000A2060000A8060000B1060000BD06000013
:10ED3000CB060000DD060000F1060000070700001A
:10ED4000200700003C0700005A0700007A07000077
:10ED50009C070000C0070000E60700000E08000046
:10ED6000380800006408000091080000BF08000097
:10ED7000EF0800001F09000051090000840900008D
:10ED8000B7090000EB090000200A0000550A000046
:10ED90008A0A0000BF0A0000F40A0000290B0000E4
:10EDA0005E0B0000930B0000C70B0000FA0B000085
:10EDB0002D0C00005F0C0000900C0000BF0C000048
:10EDC000EE0C00001B0D0000470D0000720D00004E
:10EDD0009A0D0000C20D0000E70D00000B0E0000B0
:10EDE0002D0E00004D0E00006A0E0000860E000081
:10EDF000A00E0000B80E0000CD0E0000E00E0000D6
:10EE0000F10E0000FF0E00000C0F0000160F0000B6
:10EE10001D0F0000220F0000250F0000260F00002C
:10EE2000240F0000200F00001A0F0000120F000036
:10EE3000070F0000FA0E0000EB0E0000DB0E0000D2
:10EE4000C80E0000B30E00009C0E0000830E0000F0
:10EE5000690E00004D0E0000300E0000110E000083
:10EE6000F00D0000CE0D0000AB0D0000870D00007E
:10EE7000620D00003B0D0000140D0000EC0C0000C2
:10EE8000C40C00009B0C0000710C0000470C00003B
:10EE90001D0C0000F30B0000C80B00009E0B0000CF
:10EEA000730B0000490B0000200B0000F70A000064
:10EEB000CE0A0000A60A00007E0A0000580A0000E0
:10EEC000320A00000E0A0000EA090000C80900002A
:10EED000A609000086090000680900004B0900002F
:10EEE0002F09000015090000FC080000E6080000DA
:10EEF000D0080000BD080000AB0800009B0800001F
:10EF00008D08000081080000770800006E080000EE
:10EF10006808000063080000600800005F08000047
:10EF20006008000063080000680800006E08000028
:10EF300077080000810800008D0800009A08000092
:10EF4000A9080000BA080000CD080000E108000090
:10EF5000F60800000D090000250900003E09000028
:10EF6000590900007509000091090000AF0900006F
:10EF7000CE090000ED0900000E0A00002E0A000074
:10EF8000500A0000720A0000940A0000B70A00004C
:10EF9000DA0A0000FD0A0000210B0000440B00000B
:10EFA000670B00008A0B0000AD0B0000CF0B0000C8
:10EFB000F10B0000130C0000340C0000540C000096
:10EFC000740C0000920C0000B00C0000CD0C00008E
:10EFD000E90C0000040D00001E0D0000360D0000BD
:10EFE0004E0D0000640D0000790D00008C0D000036
:10EFF0009E0D0000AF0D0000BE0D0000CB0D000007
:10F00000D70D0000E20D0000EB0D0000F20D000036
:10F01000F80D0000FC0D0000FF0D0000FF0D0000CA
:10F02000FF0D0000FD0D0000F90D0000F30D0000C4
:10F03000ED0D0000E40D0000DA0D0000CF0D000022
:10F04000C20D0000B40D0000A50D0000940D0000DD
:10F05000820D00006F0D00005A0D0000450D0000EC
:10F060002E0D0000170D0000FE0C0000E50C000046
:10F07000CB0C0000B00C0000950C0000790C0000D7
:10F080005C0C00003F0C0000220C0000040C00008F
:10F09000E60B0000C80B0000AA0B00008C0B000060
:10F0A0006D0B00004F0B0000320B0000140B000032
:10F0B000F70A0000DA0A0000BE0A0000A20A0000F7
:10F0C000870A00006C0A0000530A00003A0A000098
:10F0D000220A00000A0A0000F4090000DF0900000B
:10F0E000CB090000B7090000A50900009509000040
:10F0F0008509000077090000690900005E09000029
:10F10000530900004A090000420900003C090000C0
:10F110003709000033090000310900003009000000
:10F120003009000032090000350900003A090000EA
:10F1300040090000470900004F090000590900007C
:10F1400064090000700900007E0900008C090000BD
:10F150009C090000AC090000BE090000D1090000B4
:10F16000E4090000F90900000E0A0000240A00006A
:10F170003B0A0000520A00006A0A0000820A0000EE
:10F180009B0A0000B40A0000CE0A0000E80A000052
:10F19000020B00001C0B0000370B0000510B00009D
:10F1A0006C0B000001000000050F4132ECF100087B
:10F1B000000000204C000000ACAF000838F200084E
:10F1C000000000240042000046090008C0F20008C8
:10F1D0000000003804000000ACAF000838F200085E
:10F1E0004C000020DC430000BCAF00080000000021
:10F1F00000000000000000001000000001000000FE
:10F200000090D0030090D003000000000000000038
:10F21000F5BF00080A000000000000006DBB0008F8
:10F22000640000000000000000004000003FFF00FC
:10F230000025097B4200000001FF01FF01FF01FFE3
:10F2400001FF01FF01FF01FF01FF01FF01FF01FFBE
:10F2500001FF01FF01FF01FF01FF01FF01FF01FFAE
:10F2600001FF01FF01FF01FF01FF01FF01FF01FF9E
:10F2700001FF01FF01FF01FF01FF01FF01FF01FF8E
:10F2800001FF01FF01FF01FF01FF01FF01FF01FF7E
:10F2900001FF01FF01FF01FF01FF01FF01FF01FF6E
:10F2A00001FF01FF01FF01FF01FF01FF01FF01FF5E
:10F2B00001FF01FF01FF01FF01FF01FF014200000B
:04F2C0000100D20473
:04000005080002CD20
:00000001FF
