:020000040800F2
:10000000A0440020E1020008497400086968000863
:1000100041740008090700089989000800000000E1
:10002000000000000000000000000000E17800086F
:10003000310D000800000000B175000819790008B2
:10004000FF020008FF020008FF020008FF0200088C
:10005000FF020008FF020008FF020008FF0200087C
:10006000FF020008FF020008FF0200081107000855
:10007000FF020008FF02000821070008FF02000835
:10008000FF020008FF020008E9060008FF0200085E
:10009000FF020008FF020008FF020008FF0200083C
:1000A000FF020008FF020008FF020008FF0200082C
:1000B000A17A0008FF020008B17A0008FF020008D8
:1000C000FF020008FF020008FF020008FF0200080C
:1000D000FF020008FF020008FF020008FF020008FC
:1000E000FF020008FF02000800000000FF020008F5
:1000F000FF020008FF020008FF020008FF020008DC
:10010000FF020008FF020008FF020008FF020008CB
:10011000FF020008FF020008FF020008C17A000881
:10012000FF020008FF020008FF020008FF020008AB
:10013000FF020008FF020008FF020008FF0200089B
:1001400000000000000000000000000000000000AF
:10015000FF020008FF020008FF020008FF0200087B
:10016000FF020008FF020008FF020008FF0200086B
:10017000FF020008FF020008FF0200080000000064
:10018000FF020008FF020008FF020008FF0200084B
:10019000FF020008FF020008FF020008FF0200083B
:1001A000FF020008FF020008FF0200080000000034
:1001B000FF020008FF020008FF020008FF0200081B
:1001C000FF020008FF02000800000000000000001D
:1001D0000000000000000000FF0200080000000016
:1001E000000000000000000000000000000000000F
:1001F0000000000000000000FF020008FF020008ED
:10020000FF020008FF02000800000000FF020008D3
:10021000FF020008FF020008FF020008FF020008BA
:10022000FF02000800000000FF02000800000000BC
:10023000FF020008FF02000800000000FF020008A3
:10024000FF020008FF020008FF020008FF0200088A
:10025000FF020008FF020008FF020008FF0200087A
:10026000FF020008FF020008FF020008FF0200086A
:10027000FF020008FF020008FF0200080000000063
:10028000FF020008FF020008FF020008FF0200084A
:1002900000000000FF020008FF020008000000004C
:1002A00000000000FF020008FF020008FF02000833
:1002B000FF020008FF020008FF020008FF0200081A
:1002C000FF020008FF020008FF020008DFF80CD060
:1002D00000F07EF800480047018B0008A044002091
:1002E000074880470748804707480047FEE7FEE782
:1002F000FEE7FEE7FEE7FEE7FEE7FEE7FEE7FEE7D6
:10030000590D0008C9790008CD0200082DE9F05FF9
:100310000546002092469B46884606468146402474
:100320001BE0284641464746224600F041F8534626
:100330005A46C01A914110D311461846224600F081
:1003400028F82D1A67EB01084F46224601200021AC
:1003500000F01FF817EB00094E41201EA4F1010424
:10036000DFDC484631462A464346BDE8F09FD2B21C
:1003700001E000F8012B491EFBD270470022F6E78E
:1003800010B513460A4604461946FFF7F0FF20460B
:1003900010BD202A04DB203A00FA02F10020704749
:1003A0009140C2F1200320FA03F3194390407047B3
:1003B000202A04DB203A21FA02F00021704721FABA
:1003C00002F3D040C2F12002914008431946704721
:1003D000064C074D06E0E06840F0010394E8070092
:1003E00098471034AC42F6D3FFF774FFC88D00086D
:1003F000088E000830B58C1810F8012B12F00F038E
:1004000001D110F8013B120906D110F8012B03E0CD
:1004100010F8015B01F8015B5B1EF9D101E001F806
:10042000013B521EFBD1A142E6D3002030BD0000AB
:1004300080B506F099FD80BD80B5B0F53F7F9FED9A
:100440000D1A88BF40F2FD2040F20C01C2F20001FB
:10045000C0EB803000EE100AB8EE400A80EE010AD0
:10046000BCEEC00A10EE100A40BA088007F0F4FD96
:1004700080BD00BF0000394480B59FED081A40F2EE
:100480000C0120EE010AC2F20001BCEEC00A10EE1F
:10049000100A00BA486007F0DFFD80BD5F70894038
:1004A00010B50446006842F2001140F48070C4F2B6
:1004B0000201884204D142F20830C4F2020003E093
:1004C00046F20830C5F60200006810F4403F0FD035
:1004D00004F04EFF6168B1F5803F05D0B1F5403FB3
:1004E00021D0B1F5003F1FD1090CB0FBF1F01BE0AA
:1004F0004FF40020002103F0B7FF6168A1F58022CE
:100500004FEAB2420A2A0FD8DFE802F006060606D2
:100510000606383A3C3E40006FF0010202EA5141C3
:10052000B0FBF1F000E080084BF62141C0F2BE01C3
:10053000884205D82068816821F44071816010BD2F
:1005400047F64101C0F27D11884206D82068012299
:10055000816862F30921816010BD21684FF2810238
:10056000C0F2FA229042886804D8022262F309207D
:10057000886010BD40F44070886010BD0009D3E76A
:100580004009D1E78009CFE7C009CDE7000ACBE7F2
:1005900010B5846B216E11F0500F216E05D0C90685
:1005A0000ED4A16DC96C884710BD41F4007020665F
:1005B00020680168090707D4C068800716D10AE0DF
:1005C000204601F071F810BD06F05EFA70B12068A7
:1005D000C06880040AD4206E20F480702066206EEB
:1005E000C00403D4206E40F001002066204601F0D4
:1005F0003BF810BD0000000080B5806B016E41F03B
:1006000040010166416E41F00401416601F04CF881
:1006100080BD00000000000080B5806B01F040F854
:1006200080BD00000000000070B50446006806F0C0
:1006300017FA00281CBF002070BD20683F22C8F2B6
:1006400000028168114209D0206E40F0100020663F
:10065000606E40F001006066012070BD06F0BCF9DC
:1006600003F002F942F2000546F20031C4F202053D
:10067000226805F5807605F54073C5F60201B242A1
:1006800008BF1946AA42054608BF1946084606F0A3
:10069000CBF921680A46B14204BF42F20002C4F21B
:1006A0000202002818BF8A4203D121680868C007E7
:1006B00008D0002070BD00BF21680868C0074FF057
:1006C000000010D1084606F0CBF910B9206806F0FA
:1006D00083F903F0C9F8401B0328EDD320680068B4
:1006E000C007E9D1B0E770BD80B540F22C00C2F27E
:1006F000000000F0DDFF40F29C00C2F2000000F0BC
:10070000D7FF80BD00000000FEE7000000000000F1
:1007100080B540F20C10C2F2000001F0CDFB80BDAC
:1007200080B540F28410C2F2000001F0C5FB80BD2C
:1007300040F20F420168C4F20202914210DC6F22C3
:10074000C4F20202914220DC3F22C4F20202914232
:1007500036DC1022C4F20202914254D028224EE02C
:1007600040F26F42C4F2020291421ADC40F23F4270
:10077000C4F2020291422ADC40F21042C4F20202A8
:10078000914240D040F2284239E09F22C4F2020256
:10079000914225DC7022C4F20202914233D08822B9
:1007A0002DE040F29F42C4F2020291421FDC40F26F
:1007B0007042C4F20202914225D040F288421EE00B
:1007C0004022C4F2020291421DD0582217E040F2AA
:1007D0004042C4F20202914215D040F258420EE06B
:1007E000A022C4F2020291420DD0B82207E040F2EA
:1007F000B842C4F20202914205D040F2A042C4F2D3
:10080000020291421AD1D0F800C06FF00F024AF6EE
:10081000AB2352FA8CF2CAF6AA23A2FB033109A336
:100820005F2AC1F302115B5C40F2FF312CEA010147
:10083000C36588BF0431816508467047016821F0AF
:10084000FF01F8E700061016000610160000000071
:1008500010B545F257420168C5F6020291420EDC1E
:1008600045F22F42C5F60202914217DC45F20842DA
:10087000C5F60202914226D045F21C421FE045F225
:100880007F42C5F60202914211DC45F25842C5F69C
:100890000202914217D045F26C4210E045F230421C
:1008A000C5F6020291420ED045F2444207E045F2FD
:1008B0009442C5F60202914205D045F28042C5F647
:1008C0000202914219D101784CF6CD42CCF6CC42CD
:1008D00045F600030839C5F60203A1FB021203F135
:1008E0008001120903EB820302F01F020366012359
:1008F000416603FA02F1816610BD02784AF6AB2325
:10090000CAF6AA234FF0080E103AA2FB032340F2C6
:100910000F42C4F202024FEA131C914202F1AA04F0
:10092000624688BF0EEB131240F60003A142C4F2E8
:10093000020303F1800128BF6246D3E700000000F4
:1009400010B50279511E072988BF10BD45F2574CDA
:1009500045F6FC0E0368C5F6020CC5F6020E6345AB
:100960000EF1440C0EDC45F22F44C5F60204A342FE
:1009700017DC45F20844C5F60204A34226D045F22E
:100980001C441FE045F27F44C5F60204A34211DC7B
:1009900045F25844C5F60204A34217D045F26C4410
:1009A00010E045F23044C5F60204A3420ED045F2F1
:1009B000444407E045F28044C5F60204A34205D052
:1009C00045F29444C5F60204A34209D10EEB82021B
:1009D000C2660122C0F870C002FA01F1416710BD81
:1009E00040F6FC0EC4F2020E0EF1440CEEE70000DD
:1009F0008169B1F5005F07D079B9816A022912D007
:100A0000012916D079B112E0816A03290FD8DFE8F5
:100A100001F0020A021001207047816A03293CBFDD
:100A20000120704703D1C06AC0F300607047002006
:100A30007047C06AA0F1C070B0FA80F040097047FA
:100A400070B540F26F44D0F800E0C4F20204D0F870
:100A500058C0A64519DC9F25C4F20205AE4531DC1D
:100A60005725C4F20205AE4556DC1025C4F2020536
:100A7000AE4500F092802825C4F20205AE4500F094
:100A80008C804025C4F2020584E045F22F45C5F66E
:100A90000205AE452BDC40F2B745C4F20205AE4577
:100AA00048DC40F27045C4F20205AE4575D040F214
:100AB0008845C4F20205AE456FD040F2A045C4F2AD
:100AC000020567E040F22745C4F20205AE4540DC6E
:100AD000A025C4F20205AE455FD0B825C4F20205D8
:100AE000AE455AD040F21045C4F2020552E045F23C
:100AF0006B45C5F60205AE453CDC45F23045C5F612
:100B00000205AE4549D045F24445C5F60205AE455D
:100B100043D045F258453BE05825C4F20205AE45A6
:100B20003BD07025C4F20205AE4536D08825C4F20C
:100B300002052FE040F2B845C4F20205AE452CD0C4
:100B400045F20845C5F60205AE4526D045F21C45DE
:100B50001EE040F22845C4F20205AE451DD040F229
:100B60004045C4F20205AE4517D040F25845C4F2E4
:100B700002050FE045F26C45C5F60205AE450CD006
:100B800045F29445C5F60205AE4506D045F28045CE
:100B9000C5F60205AE4540F0C980456EC66E002E12
:100BA000866E6E601CBFD0E91C566E60A64515DCD3
:100BB0009F24C4F20204A6452BDC5724C4F202048D
:100BC000A6454EDC1024C4F20204A64576D02824A3
:100BD000C4F20204A64571D040246BE045F22F44D4
:100BE000C5F60204A64527DC40F2B744C4F202046D
:100BF000A64542DC40F27044C4F20204A6455DD032
:100C000040F28844C4F20204A64557D040F2A04402
:100C100050E040F22744C4F20204A6453CDCA02484
:100C2000C4F20204A64549D0B824C4F20204A64581
:100C300044D040F210443DE045F26B44C5F6020456
:100C4000A6454FDC45F23044C5F60204A6455BD00C
:100C500045F24444C5F60204A64555D045F2584431
:100C60004EE05824C4F20204A64527D07024C4F2F2
:100C70000204A64522D088241CE040F2B844C4F205
:100C80000204A6451AD045F20844C5F60204A6455A
:100C90003AD045F21C4433E040F22844C4F2020446
:100CA000A6450BD040F24044C4F20204A64505D04C
:100CB00040F25844C4F20204A64537D104683F25E7
:100CC0008668C06D00F01F00402E05FA00F0CCF8D9
:100CD0000800206820F480202060636021D0A1609B
:100CE000E26070BD45F26C44C5F60204A6450BD027
:100CF00045F28044C5F60204A64505D045F2944469
:100D0000C5F60204A64511D10468C66D806806F0D8
:100D10001F060125402805FA06F6CCF8046063603A
:100D200002D1A260E16070BDA160E26070BD000010
:100D3000704700000000000040F2004472B6C5F6A3
:100D4000020400BF0121204602F07EFD642002F073
:100D500083FBF7E70000000044F60C00C5F6020034
:100D6000016841F00201016050F8081C8904FBD5BC
:100D7000704700000000000070B50A68002A0246B3
:100D800000681CD020F4F84001F1080CD1E90736C6
:100D900018434B6A304301F10C0E1843106052F8AF
:100DA000040F47F6FF7320EA03054E6801F11000B7
:100DB00001F1140301F1180445EA060113E00E1DC8
:100DC00047F6FF73984301F1140C78CE034301F109
:100DD000180E1C4301F11C00254301F1200301F111
:100DE000240445EA0601DCF80060DEF800503143D7
:100DF000006829431B680843246840EA0301002077
:100E00002143116070BD00000246406943F6FE7345
:100E100020EA0303002043EA4101516170470000CA
:100E200010B5024600696FF315006FF01F04D1E999
:100E300000ECD1E9023140EA0E0004EB431340EA32
:100E40000C000343002043EA4121116110BD000062
:100E50002DE9F043002A024652F8083F2ED040F612
:100E6000FF724FF20006CFF60F72CFF6FF761A40F0
:100E7000CB684F6906EB03330026CFF6F0761A43B2
:100E800006EB07573A43826050F80C2F8E68D1E981
:100E900000375D1E6FF00F0303EB071C6FF0FF03BD
:100EA0000C6903EB062E002302F07042CFF6FF73AD
:100EB00003EB044345EA0204024624E001F1080979
:100EC00003F07048D1E9003499E861026FF00F0730
:100ED000013B07EB04146FF0FF0707EB00204FF214
:100EE0000007CFF6FF7743EA080307EB053C00272E
:100EF0000025CFF6FF77CFF6F0751C4307EB064EC3
:100F0000044305EB0953886944EA0C01471E41EA92
:100F10000E0040EA0301002041EA07611160BDE8CC
:100F2000F08300000000000080B54CF6F062016024
:100F3000C4F6514245F20001426044F20002C4F29C
:100F40004371C4F21C72C0E90212642101610021E4
:100F50000175002107F074FD80BD00000000000055
:100F60007047000000000000704700000000000013
:100F70007047000000000000704700000000000003
:100F800070470000000000002DE9F04182B00446E7
:100F900090F85C00012803D1022002B0BDE8F08186
:100FA000012084F85C0000200190009042F20007CC
:100FB000C4F202072068B8420BD107F580780D46CD
:100FC000404605F05DFD0646206805F059FD3043BA
:100FD0000AD0206E40F0200020660120002184F815
:100FE0005C1002B0BDE8F08146F200002168C5F651
:100FF00002004145064608BF3E46B94208BF0E46BC
:101000002A6841F48071D6F80833002A23F440425C
:1010100015D042F2001C6B68C4F2020C614542EA32
:101020000301C6F808131BD1384605F01DFD07461D
:10103000404605F019FD3843B0B10020CEE742F23A
:101040000013C6F80823C4F20203994216D13846A9
:1010500005F00AFD0546404605F006FD28430FE071
:1010600005F002FD0028E8D1D6F8080340F61F710C
:1010700088432968AA680843104309E005F0F4FC96
:1010800008B10020AAE7D6F8080340F61F7188438C
:10109000C6F808030020A1E72DE9F04782B000223E
:1010A0000192044690F85C00012803D1022002B0AE
:1010B000BDE8F087012084F85C0020680E4605F04A
:1010C000DBFC28B1206E40F02000206601203FE2CA
:1010D000326846F20008002AC5F6020811D42068DA
:1010E00040450ED092FAA2F1B1FA81F1130308BF84
:1010F000910E012301F01F0103FA01F1C3691943A5
:10110000C1612068716805F0DBFC206805F0B4FC63
:101110000546206805F094FC284305D0206805F0BA
:101120009FFCC8B1002013E220683168B26805F066
:1011300003FD2068404552D041F20001C5F6004150
:10114000096801F07041B1F1805F4FD17269C168E7
:101150000E2303EA510355E0002720683168F26846
:10116000C4F2527705F0FCFCF06807F52D018842C7
:1011700040F0E9812068404500F0288142F20011EA
:10118000C4F20201884200F0378142F20001C4F249
:101190000201884240F049811F223168C1F2F042C9
:1011A000914240F32F8140F2FF72C2F630629142C9
:1011B00040F3558140F60002C2F63062914200F0E1
:1011C000A58141F20002C3F26022914200F09981B0
:1011D0000022C4F22132914200F0B2819BE1726997
:1011E000D8F80C10062303EA91030BE0C16872697A
:1011F000C368C9064FEA530102D401F00E0301E0AF
:1012000001F00803316904292BD1404547D0016E14
:10121000326801F0F841B1EB826F4FEA826103D18D
:10122000026E22F000420266426E02F0F8428A42EA
:1012300003D1426E22F000424266826E02F0F84212
:101240008A4203D1826E22F000428266C26E02F0B0
:10125000F8428A427FF462AFC16E21F00041C1665C
:101260005CE702FA03F3326805F0C2FC20683169DA
:10127000404500F09A8096F82120013AB2FA82F2B5
:101280005209D20705F0F4FC307E0138B0FA80F143
:1012900020684A093169D20205F09EFC3EE74FF60C
:1012A000FF7700214046C0F20F0705F0C1FB05465D
:1012B0002068002105F0BCFB2A03326890FAA0F1F7
:1012C000B1FA81F108BFC0F3846192FAA2F0B0FADA
:1012D00080F0130308BFC2F38460814203D1206809
:1012E000002105F0D5FC2068012105F0A1FB054691
:1012F0002068012105F09CFB90FAA0F13268B1FA58
:1013000081F13D4208BFC0F3846192FAA2F03A42F3
:10131000B0FA80F008BFC2F38460814203D1206834
:10132000012105F0B5FC2068022105F081FB05468E
:101330002068022105F07CFB90FAA0F13268B1FA36
:1013400081F13D4208BFC0F3846192FAA2F03A42B3
:10135000B0FA80F008BFC2F38460814203D12068F4
:10136000022105F095FC2068032105F061FB05468C
:101370002068032105F05CFB90FAA0F13268B1FA15
:1013800081F13D4208BFC0F3846192FAA2F03A4273
:10139000B0FA80F008BFC2F3846081427FF4BEAE31
:1013A0002068032105F074FCB8E6F269084611468E
:1013B00005F052FC96F820000138B0FA80F1206860
:1013C0004A093169520605F037FCA7E61F22316849
:1013D000C1F2F04291422ADC0722C0F690429142CB
:1013E0005FDC0222C0F23042914258D00422C0F6A3
:1013F0006002914215D098E01F223168C1F2F0429C
:10140000914226DC0722C0F69042914237DC02224C
:10141000C0F23042914242D00422C0F660029142B2
:1014200079D14027C1F620178AE0002788E040F2F2
:10143000FF72C2F63062914246DC2022C1F2F042D5
:10144000914227D040F20042C2F60022914211D0D0
:101450006BE040F2FF72C2F63062914245DC20221E
:10146000C1F2F042914215D040F20042C2F6002291
:10147000914250D140F60007C2F6306760E0082282
:10148000C0F6904291421BD01022C1F2C00291429C
:1014900011D040E040F20027C2F2B05750E00127DF
:1014A0004EE00822C0F69042914209D01022C1F2CB
:1014B000C002914239D140F20017C2F280173FE0DA
:1014C0008027C1F650573BE040F60002C2F630627A
:1014D00091421BD042F20002C3F29062914224D1A9
:1014E00044F20007C3F6C0272AE040F60002C2F625
:1014F000306291420AD041F20002C3F2602291426E
:1015000009D142F20007C3F2906719E041F20007E7
:10151000C3F2602714E000220027C4F6843291420F
:1015200004BF0027C4F6B8770AE044F2000200279F
:10153000C3F6C022914204BF48F20007C3F6F06729
:10154000394605F0E1FA3068B0F1FF3F06DD0020D2
:10155000002184F85C1002B0BDE8F08742F200057B
:1015600008F54079C4F20205216805F5807705F594
:1015700040724846B94208BF1046A94208BF10460B
:1015800005F04AFA216842F2001241F48071C4F277
:1015900002029142824608D1284605F061FA0546CA
:1015A000384605F05DFA284302E0404605F058FA57
:1015B00000287FF487AD5FEA0A20316809D4002053
:1015C000CCF25270814204D1206840451DD00020E9
:1015D000BEE75FEACA1009D40020CCF22130814274
:1015E00004D12068404531D00020B1E75FEA4A20AD
:1015F0004FF00000ACD40022CCF684329142A7D147
:101600002068404527D00020A2E74AF40001484660
:1016100005F0DAFA40F2000042F66351C2F200002F
:10162000C0F23E5100688009A0FB01018809022137
:1016300001EB40000190019858B1019801380190E8
:10164000019800284FF00000F7D181E74AF080713F
:1016500003E000207CE74AF48001484605F0B4FA34
:10166000002075E70000000042F200010068C4F2AB
:10167000020188420BD042F20011C4F202018842FA
:1016800018BF704740F22800C2F2000003E040F2A9
:101690002900C2F200000121017070470000000023
:1016A00070470000000000007047000000000000CC
:1016B0002DE9F04F81B046F2003842F2000901688E
:1016C000C5F60208C4F20209044609F5807B09F553
:1016D000407A40460D68594508BF504649454E6816
:1016E00008BF504605F0A0F935400646A9070CD5BD
:1016F000206EC00603D4206E40F4006020662046B1
:10170000FFF72EFC206802210160680758BF5FEADE
:10171000057043D5206EC00603D4206E40F40070DF
:101720002066206805F0B0F990B32068014658455E
:1017300008BF4946814218BF0946002E08BF01462E
:10174000052E08BF0146092E08BF0146C968890455
:101750001ED4016809071BD505F08EF940B1206E33
:1017600040F010002066606E40F0010060660FE0FF
:101770002068416821F00C014160206E20F48070E7
:101780002066206EC00403D4206E40F00100206665
:101790002046FFF769FF20680C210160A80658BFAA
:1017A0005FEA45604ED5206EC00603D4206E40F43B
:1017B00000502066206805F047F90746206805F0CC
:1017C00063F9216826F001030A46594508BF4A46D5
:1017D0008A4218BF1246002E08BF0A46062B08BFD1
:1017E0000A46D26847B3930103D528B312F40050D8
:1017F00022D1900208681FD410F040001CD0084687
:1018000005F01EF940B1206E40F010002066606EB9
:1018100040F0010060660FE02068416821F060013F
:101820004160206E20F480502066206EC00503D4F5
:10183000206E40F0010020662046FFF795FB2068EF
:101840006021016028060AD4E80514D4A8051FD435
:10185000E8062AD4680546D401B0BDE8F08F206EB2
:1018600040F480302066204600F09EF920688021F8
:101870000160E805EAD5206E40F40030206620467D
:10188000FFF77AFB20684FF480710160A805DFD56F
:10189000206E40F4802020662046FFF771FB206810
:1018A0004FF400710160E806D4D5E06B58B12068B0
:1018B0005EB3584508BFD046484508BFD0464046AD
:1018C00005F0AEF850B1206E40F480602066606E86
:1018D00040F0020060662046FFF7E6FE2068102117
:1018E00001606805B8D52068216E41F48041216609
:1018F000616E41F0080161664FF48061016020462D
:10190000FFF736FB01B0BDE8F08FC06800F00300C0
:101910000028D8D1E2E700002DE9F04182B004466A
:1019200000284FF00000019019D0206E30B92046F9
:1019300000F03EF90020606684F85C00206805F045
:101940008BF810B1206805F03FF8206805F090F89A
:1019500038B1206805F08CF8E8B1002524E00125B5
:101960001CE1206805F04CF840F2000042F663519B
:10197000C2F20000C0F23E5100688009A0FB0101E4
:10198000012000EB911000BF019001980028E0D0E9
:1019900001980138F8E7206E012540F0100020661C
:1019A000606E40F001006066206805F065F8216E09
:1019B00001F010010843206E03D040F01000012513
:1019C000EBE020F4817046F20008023020662068C7
:1019D000C5F6020805F044F840B3617EE26B20686A
:1019E000404542EA41323AD0A168114394F82020A0
:1019F000012A41EA024106D1626A0023CFF6FE7352
:101A000003EB42421143A26A22B102F47872E36A04
:101A10001143194340452ED002464CF20307CFF63E
:101A2000F07752F80C3F3B40194334E0206842F213
:101A3000001140F48070C4F2020142F200078842B3
:101A4000C4F2020761D1384605F00AF8064607F5E8
:101A5000807005F005F830430028BED15BE0D4E982
:101A60000213082942EA030266D00C2966D01C2919
:101A700066D11021B9E744F20703D8F80C20CFF65D
:101A8000F0731A4011430246C16052F8101F636B95
:101A900021F040611943116004F0EEFF0646206812
:101AA00004F0CEFF304369D1217E206840454FEAE3
:101AB000813102D0226B114303E094F8382041EACF
:101AC0004201C26844F203039A431143C16094F88F
:101AD0004410012915D14FF61E014045CFF60041B3
:101AE00032D0026900271140CFF6FF77D4E91223E4
:101AF0001943236D07EB02421143626D19431143F1
:101B00002DE0016921F001012BE0404604F0A8FF1F
:101B100000287FF462AF07F5807007F540722168F6
:101B20008142104618BF08F54070B942616808BF8D
:101B3000104605F041F850E7002156E7082154E728
:101B4000182918BF002150E7D8F810201140D4E917
:101B500012231143226D1943636D1143194341F060
:101B60000101016140450169226C21F0704141EAA7
:101B70000201016102D02046FEF792FC2068216933
:101B8000026B012922F00F0102D1E269013A1143EF
:101B900001630121206E61F301002066284602B036
:101BA000BDE8F08100000000704700000000000068
:101BB00070B5B6B0044602A8B8210025CDE9345569
:101BC000CDE932553195FEF7D9FB42F2001120687C
:101BD000C4F20201884267D042F20001C4F202015D
:101BE000884240F0CA80002003904FF40020029009
:101BF0004FF400302A9002A802F0CAFD08B1FFF7A6
:101C00009BF840F2240144F2D840C2F20001C5F62C
:101C100002000A68002A02F101020A6008D1016884
:101C200041F020010160016801F02001019101995A
:101C30008168002641F004018160806831A900F0CC
:101C4000040001900198202031900320329040F64A
:101C50000000C5F60200339601F022FD40F20C159B
:101C60001020C2F20005C4F2020028600920C5E974
:101C700001064FF4806028614FF4805068614FF492
:101C80008040EE60C5E906064FF40030C5E908065D
:101C9000284600F0E5FE002865D0FFF74DF840F239
:101CA0000C15C2F200055EE04FF4002002904FF4E4
:101CB00000302A9002A8039502F06AFD08B1FFF7F0
:101CC0003BF840F2240144F2D840C2F20001C5F6CC
:101CD00002000A68002A02F101020A6008D10168C4
:101CE00041F020010160016801F02001019101999A
:101CF0008168002641F004018160806831A900F00C
:101D0000040001900198102031900320329040F699
:101D10000000C5F60200339601F0C2FC40F28415C3
:101D20001020C2F20005C4F20200483028600A20E8
:101D3000C5E901064FF4806028614FF48050686166
:101D40004FF48040EE60C5E906064FF40030C5E967
:101D50000806284600F084FE28B1FEF7EDFF40F2A9
:101D60008415C2F20005122000210022A565AC6393
:101D700001F05AFE122001F053FE36B070BD000093
:101D80002DE9F04F81B042F2000646F2000AC4F29B
:101D90000206044606F54075036806F58077C5F629
:101DA000020A2846BB4218BF0AF54070B34290466B
:101DB000894608BF284604F037FE8346206804F0B1
:101DC0005BFE08B1022570E094F85C00012801D1A7
:101DD00002256AE0BBF1090F4FF0010084F85C00B6
:101DE0004BD800FA0BF040F22121084245D02046A2
:101DF000FEF71AFC20B10546002084F85C0054E090
:101E0000206840F60172216EB84221EA020118BF33
:101E10000646BBF1000F01F58071216618BF8642AE
:101E200003D1216E21F480112166216E0022C904A4
:101E300040F2915344BF626E22F0060240F21967ED
:101E4000C0F600036266C0F60007A26D002150458F
:101E5000C2E90F3740F2F953C0F60003D3644FF0E4
:101E60001C02026084F85C10416841F0100141607E
:101E700008D0216B04F01CFE0CE00125002084F842
:101E80005C0012E094F83800400004F005FE206881
:101E900004F0AEFD21684A46A06D4031434601F092
:101EA000ABF80546206804F023FE284601B0BDE8E3
:101EB000F08F0000000000002DE9F04381B0002108
:101EC000009140F200010446C2F2000140F26F4965
:101ED000A56DC4F20209086848F2B511C1F64E3189
:101EE0002668A0FB01084E452F682A6815DC9F2054
:101EF000C4F2020086422BDC5720C4F20200864264
:101F00004FDC1020C4F20200864278D02820C4F2B0
:101F10000200864273D040206CE045F22F40C5F6A7
:101F20000200864227DC40F2B740C4F2020086423B
:101F300043DC40F27040C4F2020086425FD040F2BF
:101F40008840C4F20200864259D040F2A04051E0DD
:101F500040F22740C4F2020086423DDCA020C4F2D9
:101F6000020086424BD0B820C4F20200864246D01E
:101F700040F210403EE045F26B40C5F6020086425A
:101F800074DC45F23040C5F60200864200F08180E4
:101F900045F24440C5F6020086427AD045F25840E8
:101FA00072E05820C4F20200864228D07020C4F2A9
:101FB0000200864223D088201CE040F2B840C4F2E0
:101FC000020086421BD045F20840C5F60200864258
:101FD0005FD045F21C4057E040F22840C4F20200B6
:101FE00086420CD040F24040C4F20200864206D045
:101FF00040F25840C4F20200864240F0EF84E06DA7
:1020000000F01F01082000FA01F23A4200F01481AA
:1020100040F20F40C4F20200864213DC6F20C4F28B
:102020000200864200F38E803F20C4F20200864206
:1020300000F3CF801020C4F20200864200F0ED8051
:102040002820E5E04E4500F3898040F23F40C4F28D
:102050000200864200F3C48040F21040C4F2020045
:10206000864200F0DA8040F22840D1E045F26C4030
:10207000C5F6020086420CD045F28040C5F602004B
:10208000864206D045F29440C5F60200864240F0F2
:10209000A5842068E16D01F01F010368580727D56A
:1020A0000420884010EA020722D01904686000F179
:1020B0008780980600F18E8440F20F40C4F202003F
:1020C000864200F3AD836F20C4F20200864200F323
:1020D000E8833F20C4F20200864200F352841020BD
:1020E000C4F20200864200F06F84282000F068BC31
:1020F000980742D50220884010EA02073DD0190413
:10210000686000F10C83980600F19A8440F20F4059
:10211000C4F20200864200F3B1836F20C4F20200D1
:10212000864200F313843F20C4F20200864200F38B
:1021300058841020C4F20200864200F075842820E2
:1021400000F06EBC9F20C4F20200864251DC702079
:10215000C4F20200864260D0882059E040F29F40DD
:10216000C4F2020086424BDC40F27040C4F202002E
:10217000864252D040F288404AE0180740F12E844F
:1021800008208840104000F0298440F20F40C4F23B
:102190000200864200F32E836F20C4F202008642C2
:1021A00000F351833F20C4F20200864200F395837E
:1021B0001020C4F20200864200F0B3832820ABE373
:1021C000D80300F1B282216C002940F00E8300F0A8
:1021D00005BC4020C4F2020086421ED0582017E001
:1021E00040F24040C4F20200864216D040F258400D
:1021F0000EE0A020C4F2020086420ED0B82007E014
:1022000040F2B840C4F20200864206D040F2A0403C
:10221000C4F20200864240F09082206804230068E5
:10222000184209D02068036823F004030360AA6001
:10223000606D40F001006065012000FA01F23A4251
:1022400070D040F20F40C4F20200864210DC6F20D2
:10225000C4F2020086421CDC3F20C4F20200864227
:1022600032DC1020C4F20200864251D028204AE01D
:102270004E451ADC40F23F40C4F2020086422ADC9E
:1022800040F21040C4F20200864241D040F22840A1
:1022900039E09F20C4F20200864225DC7020C4F29F
:1022A0000200864234D088202DE040F29F40C4F2E4
:1022B000020086421FDC40F27040C4F202008642F7
:1022C00026D040F288401EE04020C4F20200864240
:1022D0001ED0582017E040F24040C4F2020086426F
:1022E00016D040F258400EE0A020C4F20200864210
:1022F0000ED0B82007E040F2B840C4F20200864297
:1023000006D040F2A040C4F20200864240F018829B
:102310002068406900F0800020B1AA60606D40F044
:1023200002006065042000FA01F23A4270D040F2E7
:102330000F40C4F20200864210DC6F20C4F202009B
:1023400086421CDC3F20C4F20200864232DC1020B0
:10235000C4F20200864251D028204AE04E451ADCE1
:1023600040F23F40C4F2020086422ADC40F21040B4
:10237000C4F20200864241D040F2284039E09F205A
:10238000C4F20200864225DC7020C4F202008642BC
:1023900034D088202DE040F29F40C4F202008642F3
:1023A0001FDC40F27040C4F20200864226D040F2A8
:1023B00088401EE04020C4F2020086421ED0582011
:1023C00017E040F24040C4F20200864216D040F2CC
:1023D00058400EE0A020C4F2020086420ED0B82081
:1023E00007E040F2B840C4F20200864206D040F254
:1023F000A040C4F20200864240F0A8812068006834
:1024000000F0020020B1AA60606D40F00400606539
:10241000102000FA01F139427ED040F20F40C4F2A0
:102420000200864210DC6F20C4F2020086421CDCEF
:102430003F20C4F20200864232DC1020C4F20200C7
:10244000864251D028204AE04E451ADC40F23F40F7
:10245000C4F2020086422ADC40F21040C4F20200BC
:10246000864241D040F2284039E09F20C4F2020069
:10247000864225DC7020C4F20200864234D08820D7
:102480002DE040F29F40C4F2020086421FDC40F281
:102490007040C4F20200864226D040F288401EE01E
:1024A0004020C4F2020086421ED0582017E040F2BD
:1024B0004040C4F20200864216D040F258400EE07E
:1024C000A020C4F2020086420ED0B82007E040F2FD
:1024D000B840C4F20200864206D040F2A040C4F2E6
:1024E0000200864240F03881266808223068104297
:1024F00012D0A960206801684903016806D4C905A3
:1025000006D4016821F00801016001E008034FD4FE
:10251000216C09B120468847E06D202100F01F00A2
:102520008140394200F0AC8040F20F432268C4F28F
:1025300002039A4210DC6F23C4F202039A421CDCAD
:102540003F23C4F202039A4236DC1023C4F2020392
:102550009A4255D028234EE04A451ADC40F23F43C8
:10256000C4F202039A422EDC40F21043C4F202038A
:102570009A4245D040F228433DE09F23C4F2020333
:102580009A4229DC7023C4F202039A4238D088238D
:1025900031E040F29F43C4F202039A4223DC40F24E
:1025A0007043C4F202039A422AD040F2884322E0E8
:1025B000A16C0029AED1AFE74023C4F202039A42D6
:1025C0001ED0582317E040F24043C4F202039A425F
:1025D00016D040F258430EE0A023C4F202039A4200
:1025E0000ED0B82307E040F2B843C4F202039A4287
:1025F00006D040F2A043C4F202039A4240F0AE80FB
:102600002268102312681A423AD0A96094F8352043
:102610002168042A0A681DD122F016020A604A695C
:1026200022F080024A61226C0AB9A26C1AB10A68CF
:1026300022F008020A603F2101FA00F0A8600120A0
:1026400084F83500216D0020002984F8340040F022
:10265000CC80C3E1500308680CD4C0050CD40868D2
:1026600020F010000860012084F83500002084F874
:10267000340001E000035CD4E16B09B120468847D7
:10268000606D002800F0AA81606DC00700F0A9808D
:10269000042084F8350040F20F412068C4F20201A2
:1026A000884210DC6F21C4F2020188421CDC3F2109
:1026B000C4F20201884253DC1021C4F202018842B4
:1026C00073D028216BE048451ADC40F23F41C4F248
:1026D000020188424BDC40F21041C4F20201884200
:1026E00063D040F228415AE09F21C4F2020188429F
:1026F00046DC7021C4F20201884256D088214EE0A7
:1027000040F29F41C4F20201884240DC40F2704135
:10271000C4F20201884248D040F288413FE0D80329
:102720007AD4616C002960D158E1A16C00295CD198
:1027300054E1616C0029A1D1A2E7082330466EE57F
:102740003068002000287FF4E8ADEBE53068002019
:1027500000287FF458AE5BE60422C7E6022351E767
:102760004021C4F2020188421FD0582117E040F2F4
:102770004041C4F20201884217D040F258410EE0B5
:10278000A021C4F2020188420FD0B82107E040F234
:10279000B841C4F20201884207D040F2A041C4F21D
:1027A0000201884208BF206800E020684FEA9821B3
:1027B000026822F001020260009801300090884215
:1027C00003D820680068C007F6D120680068C007F9
:1027D0004FF0030008BF012084F83500002084F882
:1027E0003400E16C002900F0F9802046884701B0F0
:1027F000BDE8F0834E4532DC40F23F40C4F20200B7
:10280000864271DC40F21040C4F20200864200F0C1
:10281000888040F228407FE0E16B0029E5D1DDE0CF
:102820004E454BDC40F23F40C4F20200864200F3CA
:10283000AF8040F21040C4F20200864200F0C48033
:1028400040F22840BCE09F20C4F20200864254DCE3
:102850007020C4F20200864263D088205CE040F21F
:102860009F40C4F2020086424EDC40F27040C4F247
:102870000200864255D040F288404DE04E4571DC62
:1028800040F23F40C4F20200864200F3B18040F2C1
:102890001040C4F20200864200F0C68040F2284098
:1028A000BEE09F20C4F2020086427ADC7020C4F2AF
:1028B0000200864200F08880882081E040F29F403C
:1028C000C4F20200864273DC40F27040C4F202009F
:1028D000864279D040F2884072E04020C4F2020083
:1028E00086421ED0582017E040F24040C4F2020059
:1028F000864216D040F258400EE0A020C4F20200FA
:1029000086420ED0B82007E040F2B840C4F2020080
:10291000864206D040F2A040C4F20200864240F057
:10292000948026686FF01C023068104030600120EF
:1029300000FA01F16960606584F835000020E16CFF
:1029400084F8340000297FF450AF47E09F20C4F2A0
:102950000200864255DC7020C4F20200864263D039
:1029600088205DE040F29F40C4F2020086424FDCC6
:1029700040F27040C4F20200864255D040F28840D6
:102980004EE04020C4F2020086421DD0582017E0DD
:1029900040F24040C4F20200864215D040F2584056
:1029A0000EE0A020C4F2020086420DD0B82007E05D
:1029B00040F2B840C4F20200864205D040F2A04086
:1029C000C4F20200864243D126686FF008013068E5
:1029D00008403060216C00297FF407AF01B0BDE8EA
:1029E000F0834020C4F2020086421DD0582017E038
:1029F00040F24040C4F20200864215D040F25840F6
:102A00000EE0A020C4F2020086420DD0B82007E0FC
:102A100040F2B840C4F20200864205D040F2A04025
:102A2000C4F20200864216D126686FF014013068A5
:102A300008403060012084F83500002084F834001C
:102A4000E16B00297FF4D1AEC8E76FF00E026BE7AF
:102A50006FF00401BBE76FF00A01E8E70000000037
:102A60002DE9F04381B0044600F0FEFE002C00F09A
:102A7000738140F26F4805462068C4F20208404561
:102A800015DC9F21C4F2020188422BDC5721C4F2DD
:102A90000201884251DC1021C4F2020188427AD03E
:102AA0002821C4F20201884275D040216EE045F22F
:102AB0002F41C5F60201884227DC40F2B741C4F23B
:102AC0000201884245DC40F27041C4F202018842B2
:102AD00061D040F28841C4F2020188425BD040F2EA
:102AE000A04153E040F22741C4F2020188423FDC9A
:102AF000A021C4F2020188424DD0B821C4F20201E3
:102B0000884248D040F2104140E045F26B41C5F6A2
:102B10000201884200F3908045F23041C5F602017F
:102B2000884200F09C8045F24441C5F6020188428B
:102B300000F0958045F258418CE05821C4F2020122
:102B4000884228D07021C4F20201884223D0882113
:102B50001CE040F2B841C4F2020188421BD045F2A9
:102B60000841C5F60201884279D045F21C4171E066
:102B700040F22841C4F2020188420CD040F24041A8
:102B8000C4F20201884206D040F25841C4F2020168
:102B9000884240F0288240F20F420221C4F2020231
:102BA00084F8351090424FF0000184F8341012DCA4
:102BB0006F21C4F20201884220DC3F21C4F20201ED
:102BC000884200F391801021C4F20201884200F093
:102BD000B0802821A7E040451EDC40F23F41C4F20E
:102BE0000201884200F3878040F21041C4F20201E2
:102BF000884200F09E8040F2284194E09F21C4F278
:102C00000201884200F380807021C4F202018842F0
:102C100000F08F80882186E040F29F41C4F20201DB
:102C2000884278DC40F27041C4F20201884200F030
:102C3000808040F2884176E045F26C41C5F60201A1
:102C400088420CD045F28041C5F60201884206D088
:102C500045F29441C5F60201884240F0C48104F176
:102C6000080E022084F8350000209EE80640A1F1FD
:102C7000800384F83400B3FA83F320685B094029A9
:102C8000D4E90576D4E9079C05684FEA83336FF3EE
:102C9000101508BF102345EAD2014AF6F83219434D
:102CA000CAF2FD7241EADE014CF6CD4341EAD7019A
:102CB000024441EAD601CCF6CC4341EAD901A2FB59
:102CC000032341EA1C1101606FF0030000EA930046
:102CD000E0652046FDF72CFDE16D012201F01F01AA
:102CE00002FA01F14160B2E04021C4F202018842DF
:102CF0001FD0582117E040F24041C4F2020188423F
:102D000017D040F258410EE0A021C4F202018842DF
:102D10000FD0B82107E040F2B841C4F20201884266
:102D200007D040F2A041C4F20201884208BF2068E7
:102D300000E02068016821F001010160276838681F
:102D4000C0070DD000F090FD401B0628F6D32020D0
:102D50006065032084F83500012001B0BDE8F083F0
:102D600048F23F0104F108053868CFF610610840C9
:102D70002ECD0843A1691043E2691843236A054335
:102D8000606A2943042841EA020141EA030103D1B0
:102D9000D4E90B23114319436268A2F12903292BBB
:102DA00000F223810125DFE813F02A002A002A001F
:102DB0002A002A002A0020012001200120012001F0
:102DC00020012001200120012001200120012001FB
:102DD0002001200120012A002A002A002A002001C7
:102DE0002001200120012A002A00200120012001C9
:102DF0002001200120012A002A002A002A00002D9B
:102E000018BF41F4801104283960796921F0070165
:102E100041EA000510D1D4E90A1045EA010558B18C
:102E20002046FDF7E5FD38B140206065012084F8BB
:102E3000350001B0BDE8F08320467D61FDF778FCE8
:102E4000E16D3F2201F01F0102FA01F1816020686B
:102E5000404519DC9F21C4F20201884231DC572130
:102E6000C4F20201884256DC1021C4F202018842F9
:102E700000F091802821C4F20201884200F08B808A
:102E80004021C4F2020184E045F22F41C5F602015F
:102E900088422BDC40F2B741C4F20201884248DC90
:102EA00040F27041C4F20201884274D040F288417D
:102EB000C4F2020188426ED040F2A041C4F2020185
:102EC00067E040F22741C4F20201884240DCA021C1
:102ED000C4F2020188425ED0B821C4F202018842E5
:102EE00059D040F21041C4F2020152E045F26B4168
:102EF000C5F6020188423CDC45F23041C5F60201CC
:102F0000884248D045F24441C5F60201884242D089
:102F100045F258413BE05821C4F2020188423AD0C0
:102F20007021C4F20201884235D08821C4F2020126
:102F30002FE040F2B841C4F2020188422BD045F2A2
:102F40000841C5F60201884225D045F21C411EE029
:102F500040F22841C4F2020188421CD040F24041B4
:102F6000C4F20201884216D040F25841C4F2020174
:102F70000FE045F26C41C5F6020188420BD045F2E4
:102F80009441C5F60201884205D045F28041C5F65C
:102F9000020188421FD12046FDF75AFCA068802814
:102FA00001D10020606004F160036068C7B201389D
:102FB0000ECB07280F60536009D82046FDF7C0FCF0
:102FC00004F16C02002307CA03604A6003E000209A
:102FD0006067C4E91B0000206065012184F835109A
:102FE00001B0BDE8F0834020B2E622F00302743A5B
:102FF000B2FA82F2550902E7F0B581B0A8B30446EF
:1030000090F83400012802D1022001B0F0BD012067
:1030100084F8340094F83500012820D1022084F887
:1030200035000020606540F20F462068C4F20206B9
:1030300040F26F47B042C4F2020719DC6F25C4F2B8
:103040000205A84225DC3F25C4F20205A8423BDC6C
:103050001025C4F20205A8425BD0282553E04FF4A6
:1030600000606065002084F83400012001B0F0BDEC
:10307000B8421ADC40F23F45C4F20205A8422ADCFD
:1030800040F21045C4F20205A84242D040F2284561
:1030900039E09F25C4F20205A84225DC7025C4F260
:1030A0000205A84235D088252DE040F29F45C4F2A4
:1030B0000205A8421FDC40F27045C4F20205A84296
:1030C00027D040F288451EE04025C4F20205A84200
:1030D0001FD0582517E040F24045C4F20205A8422F
:1030E00017D040F258450EE0A025C4F20205A842D0
:1030F0000FD0B82507E040F2B845C4F20205A84257
:1031000007D040F2A045C4F20205A84208BF2068DB
:1031100000E02068056825F0010505602046FDF700
:103120008FFC2068B04210DC6F21C4F2020188429B
:103130001CDC3F21C4F20201884232DC1021C4F2BF
:103140000201884251D028214AE0B8421ADC40F2FC
:103150003F41C4F2020188422ADC40F21041C4F22D
:103160000201884241D040F2284139E09F21C4F257
:103170000201884225DC7021C4F20201884234D069
:1031800088212DE040F29F41C4F2020188421FDCF9
:1031900040F27041C4F20201884226D040F28841D8
:1031A0001EE04021C4F2020188421ED0582117E0DF
:1031B00040F24041C4F20201884216D040F2584128
:1031C0000EE0A021C4F2020188420ED0B82107E02F
:1031D00040F2B841C4F20201884206D040F2A04158
:1031E000C4F20201884240F0298121680B25226C3B
:1031F0000B6865F344030B601AB10A6842F00802D9
:103200000A60B84219DC9F21C4F20201884231DC15
:103210005721C4F20201884256DC1021C4F2020197
:10322000884200F091802821C4F20201884200F017
:103230008B804021C4F2020184E045F22F41C5F6A3
:10324000020188422BDC40F2B741C4F202018842FD
:1032500048DC40F27041C4F20201884274D040F26E
:103260008841C4F2020188426ED040F2A041C4F20B
:10327000020167E040F22741C4F20201884240DCCB
:10328000A021C4F2020188425ED0B821C4F202013A
:10329000884259D040F21041C4F2020152E045F296
:1032A0006B41C5F6020188423CDC45F23041C5F66F
:1032B0000201884248D045F24441C5F602018842E5
:1032C00042D045F258413BE05821C4F20201884205
:1032D0003AD07021C4F20201884235D08821C4F26C
:1032E00002012FE040F2B841C4F2020188422BD023
:1032F00045F20841C5F60201884225D045F21C413D
:103300001EE040F22841C4F2020188421CD040F283
:103310004041C4F20201884216D040F25841C4F242
:1033200002010FE045F26C41C5F6020188420BD064
:1033300045F29441C5F60201884205D045F280412C
:10334000C5F60201884272D1216E0A68D20303D504
:103350000A6842F480720A60E16E19B10A6842F4A8
:1033600080720A60B04210DC6F21C4F20201884210
:103370001CDC3F21C4F20201884232DC1021C4F27D
:103380000201884252D028214AE0B8421ADC40F2B9
:103390003F41C4F2020188422ADC40F21041C4F2EB
:1033A0000201884242D040F2284139E09F21C4F214
:1033B0000201884225DC7021C4F20201884235D026
:1033C00088212DE040F29F41C4F2020188421FDCB7
:1033D00040F27041C4F20201884227D040F2884195
:1033E0001EE04021C4F2020188421FD0582117E09C
:1033F00040F24041C4F20201884217D040F25841E5
:103400000EE0A021C4F2020188420FD0B82107E0EB
:1034100040F2B841C4F20201884207D040F2A04114
:10342000C4F20201884208BF206800E020680168F9
:1034300041F001010160002001B0F0BD21680525C7
:10344000226C0B68002A65F343030B603FF4D9AE8E
:103450000A6842F00402D3E6B0B5044600F004FA6C
:1034600040F214010546C2F20001621C097818BF3F
:103470000C4400BF00F0F8F9401BA042FAD3B0BDE5
:103480002DE9F043B5B040F220000025C2F2000063
:103490003495339501783095CDE9315500296ED1B9
:1034A00002AC01210170B8212046FCF767FF4FF004
:1034B0008070029020460395149501F069F908B1D7
:1034C000FDF73AFC44F2D4400024C5F60200C5F6EC
:1034D000020430AD4FF0020801684FF0000941F4DA
:1034E000805101600068294600F4805001900198E5
:1034F0004FF63F00309004F5A050CDF8C48003266D
:10350000CDF8C8900C273396349700F0C9F830A84E
:103510002946CDE9336780E8800304F5006000F0B8
:10352000BFF830A98020CDE9336781E80103204648
:10353000294600F0B5F830A948F23710CDE93367D5
:1035400081E8010304F5C050294600F0A9F830A92C
:103550004FF68370CDE9336781E8010304F58050AD
:10356000294600F09DF830A94CF20370CDE933678D
:1035700081E8010304F54060294600F091F835B078
:10358000BDE8F083000000002DE9F04F82B0002973
:1035900000F0818000F1264342F2004703F1FF73FF
:1035A000C5F602074FEAB32201920A22B84208BFC9
:1035B0000922002400270125009229E06FF003036F
:1035C000032203EA5903066802FA04FE034446EAAA
:1035D0000E06066007F01C060F2202FA06FC1E6AA1
:1035E00026EA0C061E62C36823EA0E03C360436822
:1035F00023EA08034360836823EA0E02826031FAFB
:1036000005F205F1010507F1040704F1020442D0B7
:10361000A5F10109012202FA09F818EA010EEED01B
:10362000019ADDF800C0082A4FEA990A38BF94468B
:1036300040F2084207F00C06C5F600020F2303FA19
:1036400006FB52F82A200CFA06F602EA0B02B242F6
:10365000B4D10423C5F60003DA6F22EA0E02DA675A
:10366000D3F8802022EA0E02C3F880201A6822EAEA
:103670000E021A604FF0B0431A6822EA0E021A6076
:1036800040F20843C5F6000353F82A2022EA0B0251
:1036900043F82A2092E702B0BDE8F08F0000000056
:1036A0002DE9F04F83B00C68002C00F0C78000F1CA
:1036B000264242F2004702F1FF72C5F602074FEAC6
:1036C000B22201920A22B84208BF0922002500272F
:1036D0004FF00108009209E00C68043734FA08F250
:1036E00008F1010805F1020500F0A880A8F1010A1F
:1036F000012202FA0AFE14EA0E09EDD0D1F804B054
:103700000BF00304A4F1010CBCF1010F11D803224A
:103710008668AA40CB6826EA0202AB401A43826060
:10372000CBF30013426822EA0E0203FA0AF31A43AB
:103730004260032C02D18A68012A08D00323C268A0
:10374000AB408E689A4306FA05F31A43C260022C16
:1037500011D16FF0030207F01C0602EA5A020F2390
:10376000024403FA06F4D2F820C00B692CEA0404E0
:10377000B3402343136203230268AB404E689A436D
:1037800006F00303AB4016F4403F42EA0302026036
:10379000A2D044F2F44340F2084EC5F60203C5F647
:1037A000000E1A6842F002021A601A6807F00C0351
:1037B00002F002020292029A2AF00302019C009E89
:1037C000082C38BF26460F2452F80EC09C402CEA25
:1037D000040406FA03F34FF0B04C234342F80E30D2
:1037E000DCF800204B6842EA0906DC0258BF22EAF6
:1037F00009069C02CCF8006040F2040CC5F6000CEF
:10380000DCF8002042EA090658BF22EA09069C03B8
:10381000CCF80060DCF8802042EA090658BF22EAB2
:103820000906DB03CCF88060DCF87C2042EA09065C
:1038300058BF22EA0906CCF87C604DE703B0BDE82A
:10384000F08F000000000000426902EA010391438A
:1038500041EA034181617047002A08BF0904816180
:10386000704700000000000040F29840C2F20000E3
:10387000006870470000000040F2140040F29841D8
:10388000C2F20000C2F2000100780A681044086029
:10389000704700000000000080B5032000F0D4F85D
:1038A00001F0B6FD44F2184148F68653C5F6020110
:1038B000C0F600030A68096801F00F01C2F3032291
:1038C000595C9A5C01F01F0102F01F02D04040F2E7
:1038D0000402C2F2000220FA01F1116040F200017C
:1038E000C2F2000108600F2000F00AF800281CBF97
:1038F000012080BD00F080F8002080BD00000000A5
:10390000B0B540F21401C2F20001097801B30446D7
:1039100040F20000C2F200004FF47A72B2FBF1F103
:103920000068B0FBF1F002F06BF90F2C4FF00105CD
:103930000CD858B94FF0FF3000222146002500F086
:1039400073F840F21800C2F2000004602846B0BDCF
:103950000120B0BD0000000010B54EF6A05E417819
:10396000CEF2000E90F800C04EF8081CDEF80010F1
:1039700021F00101CEF8001041684EF8041C017BD3
:10398000C37A827A447B1B0643EA0171837B41EA56
:10399000C241C27B41EA8441447A41EA4341007A10
:1039A00041EA024141EA042141EA400040EA0C00B8
:1039B000CEF8000010BD00004EF62450CEF20000FC
:1039C000BFF35F8F016821F480310160002101673E
:1039D00070470000000000004EF6245140F0010046
:1039E000CEF200010867086840F480300860BFF339
:1039F0004F8FBFF36F8F704781B044F2F440C5F62C
:103A00000200016841F002010160006800F002005C
:103A10000090009801B0704780B504F0C1FF80BDF0
:103A200080B504F0D1FF80BD70B514460D46064642
:103A300004F0DAFF2946224603F00AFD014630462B
:103A400004F0DAFF70BD000080B504F0E9FF80BD2E
:103A50002DE9F04F8DB0054645F20000C5F200207B
:103A60008B462A6800279146141A01AE4FF00108D0
:103A70004FF0080A18BF01245FFA88F0314603F0BE
:103A8000FFFC08F1010800281CBFC5F854A001275D
:103A9000B8F1030F06F11806EED1002F40F0DF81D8
:103AA00045F20008C5F20028A9EB0802D8F800008A
:103AB000C00702D14FF0000E07E0D8F800004FF029
:103AC000010E20F00100C8F800004AF2000C0DF1D0
:103AD000040AB2FA82F3C5F2002CDCF80010C90720
:103AE00007D0DCF800100EF1020E21F00101CCF835
:103AF000001004EB44056FF003025B090AEBC506F6
:103B0000B16802EB81014BF20442C5F200228C58ED
:103B100024F480748C5052F8041CC90728D15AF838
:103B20003510002953D002EB810151F8045C25F0D7
:103B3000010541F8045C716839B102EB810151F86B
:103B4000045C25F0100541F8045CF5683DB10121E5
:103B5000A94352F8215025F4803542F821503669A6
:103B6000AEB30121B14352F8216026F080762CE0FB
:103B700052F8041CC14521F0010142F8041C26D171
:103B8000079902EB810151F8046C46F0020641F8F6
:103B9000046C089939B102EB810151F8046C46F0CC
:103BA000200641F8046C0A9E3EB10121B14352F84F
:103BB000216046F4802642F821600B9E3EB101212F
:103BC000B14352F8216046F0806642F8216003EB71
:103BD0004303DBF800505AF83360B5421BD00AEBC0
:103BE000C304DBF80810A068814212D0DBF804108F
:103BF00011B1606881420CD0DBF80C1011B1E068A3
:103C0000814206D0DBF8101000294DD02069814296
:103C10004AD1B54217D10AEBC305DBF80400696845
:103C2000884210D1DBF80C00E96888420BD1DBF840
:103C300010002969884206D152F8040C40F00100B6
:103C400042F8040C30E002EB86000AEBC30350F8A4
:103C5000041C21F0010140F8041C596839B102EB41
:103C6000810050F8041C21F0100140F8041C9868F1
:103C700002EB800050F8041C21F4807140F8041C11
:103C8000DE683EB10120B04352F8201021F48031AB
:103C900042F820101B693BB10120984352F82010D4
:103CA00021F0807142F82010DBF808004FF44071D9
:103CB000C14502EB800050F8043C08BF4FF480710E
:103CC00023F44073194440F8041CDBF8143052F814
:103CD000040C591EC0F3074081420BD9002152F851
:103CE000040CCFF6FF7120F47F0001EB0341084381
:103CF00042F8040C52F8040CDBF800104B1EC0070D
:103D000052F8231021F003062AD10320C14508BF31
:103D10000120304342F82300DBF8041061B102EBCC
:103D200081003021C14550F8043C08BF102123F028
:103D30002003194340F8041CDBF80C30D80329D4C5
:103D4000CBB301204FF0A0669843C14502EB80033E
:103D500052F8200020F0E06508BF4FF0807627E0A1
:103D600046F0010042F82300DBF8041041B102EBF9
:103D70008100012350F8041C63F3051140F8041C72
:103D8000DBF80C30D80328D49BB34FF080766FF06B
:103D9000E06526E001204FF4A0269843C14502EBE0
:103DA000800352F8200020F4E02508BF4FF480364D
:103DB00045EA06001860DBF81030D80326D4E3B3D8
:103DC00001204FF0E0619843C14552F8203023F0C4
:103DD000E06308BF4FF0407124E04FF480366FF489
:103DE000E0250120984352F820102940314342F841
:103DF0002010DBF81030D80316D4F3B1012098431B
:103E0000032352F8201063F31A6114E001204FF4E9
:103E1000E0219843C14552F8203008BF4FF44031AB
:103E200023F4E023194406E001209843032352F8C9
:103E3000201063F3124142F820105FEACE7005D0E3
:103E4000D8F8000040F00100C8F800005FEA8E706A
:103E500005D5DCF8000040F00100CCF80000F8B215
:103E60000DB0BDE8F08F0000F0B581B00446FFF75B
:103E7000FBFC002C49D0054600206065216D00291F
:103E800041D1204600F078F841F28831204600F018
:103E9000F3F8D4E9000C4FF6F4066169D4E903E3C2
:103EA0008268CFF6E00600273240CFF6FF7742EA7D
:103EB0000E0207EB03436FF0FF06676B1A4306EB36
:103EC00001213A43E369114319438160C168226AC1
:103ED00021F4E0212B461143C160216BA26B42EA21
:103EE00001410161E16B4161016806EB0C2221F4A3
:103EF000F85111430160A06D20210022009020465E
:103F000003F01EFB20B101B0F0BD012001B0F0BDF7
:103F10002168676AA268013FA369CE6826F0FF06A0
:103F2000022B47EA0607CF600F6827F0400742EAF6
:103F300007020A60D1F8082122F0A042D4E90A76EB
:103F400042EA070242EA0602C1F808210A6842F082
:103F500001020A6003D18A6842F002028A60E168C5
:103F6000B1F1806F01D1012100E00221216501B092
:103F7000F0BD0000000000002DE9F043B5B004469C
:103F800002A8B8210025CDE93355CDE9315530954A
:103F9000FCF7F4F945F200012068C5F200218842DF
:103FA00002D035B0BDE8F0834FF00070029002A857
:103FB0000395159500F0ECFB08B1FCF7BDFE44F24B
:103FC000D44041F20044C5F60200C5F6020430AD0B
:103FD0004FF002080168002741F4001101600168F8
:103FE000032601F4001101910199016841F4804117
:103FF000016001684FF00A0901F4804101910199C3
:10400000C16841F02001C160C16801F02001019147
:104010000199C16841F00201C160C068294600F001
:104020000200019001984FF4707030902046CDF856
:10403000C48032973396CDF8D090FFF731FB4FF420
:1040400080602946CDE93008092034902046CDE92A
:104050003276FFF725FB40202946CDE93008A4F54C
:104060008050CDF8D090CDE93276FFF719FB35B00E
:10407000BDE8F08300000000024600209165704713
:10408000B0B544F60C05C5F602052968490729684C
:1040900005D401F00701081A18BF0120B0BD21F0B6
:1040A000070108432860FFF7DFFB044655F8080CBA
:1040B000800407D4FFF7D8FB001BB0F57A7FF5D951
:1040C0000120B0BD0020B0BD80B501F051F944F22F
:1040D000204148F68652C5F60201C0F60002096882
:1040E000C1F30211515C01F01F01C84080BD000006
:1040F00080B544F2304EC5F6020E5EF8083C5EF81C
:10410000081CC1F3051C5EF8041CBCF1000FDEF8AE
:10411000042016D0C2F3CC0201F00101514303F098
:104120000303022B00EE101AB8EE400A0ED0012B4A
:104130000FD01BB95EF8301C89060DD49FED341AE0
:1041400018E000218160C0E9001180BD9FED2F1AA9
:1041500010E09FED2D1A0DE05EF8301C49F20002D0
:10416000C0F2D032C1F3C10122FA01F101EE101AFE
:10417000B8EE411ADEF800109FED263A6FF35F218A
:1041800002EE101ADEF80010C1F34621B8EE422A02
:1041900000EE032A00EE10CAB7EE003AB8EE400A6D
:1041A00081EE000A32EE031A02EE101AB8EE422A2D
:1041B00020EE010A32EE031A80EE011ABCEEC11A9B
:1041C00080ED001ADEF80010C1F3064101EE101A6E
:1041D000B8EE411A31EE031A80EE011ABCEEC11A94
:1041E00080ED011ADEF80010C1F3066101EE101A2D
:1041F000B8EE411A31EE031A80EE010ABCEEC00A95
:1042000010EE101A816080BD0024744A20BCBE4BA1
:104210000024744C0000003980B544F2384EC5F6D5
:10422000020E5EF8103C5EF8101CC1F3053C5EF80F
:104230000C1CBCF1000FDEF8042014D0C1F30011F7
:10424000C2F3CC02514300EE101A03F0030102291D
:10425000B8EE400A0CD071B95EF8381C89060DD44E
:104260009FED341A18E000218160C0E9001180BD83
:104270009FED2F1A10E09FED2D1A0DE05EF8381C0F
:1042800049F20002C0F2D032C1F3C10122FA01F1B9
:1042900001EE101AB8EE411ADEF800109FED263A32
:1042A0006FF35F2102EE101ADEF80010C1F3462111
:1042B000B8EE422A00EE032A00EE10CAB7EE003A2A
:1042C000B8EE400A81EE000A32EE031A02EE101A2E
:1042D000B8EE422A20EE010A32EE031A80EE011AED
:1042E000BCEEC11A80ED001ADEF80010C1F30641E1
:1042F00001EE101AB8EE411A31EE031A80EE011ADF
:10430000BCEEC11A80ED011ADEF80010C1F306619F
:1043100001EE101AB8EE411A31EE031A80EE010ACE
:10432000BCEEC00A10EE101A816080BD0024744AF1
:1043300020BCBE4B0024744C00000039000000007B
:1043400080B544F2404EC5F6020E5EF8183C5EF8A9
:10435000181CC1F3055C5EF8141CBCF1000FDEF8FC
:10436000042014D0C1F30021C2F3CC02514300EE6B
:10437000101A03F003010229B8EE400A0CD071B9FB
:104380005EF8401C89060DD49FED341A18E0002118
:104390008160C0E9001180BD9FED2F1A10E09FEDF4
:1043A0002D1A0DE05EF8401C49F20002C0F2D03236
:1043B000C1F3C10122FA01F101EE101AB8EE411A5F
:1043C000DEF800109FED263A6FF35F2102EE101A1F
:1043D000DEF80010C1F34621B8EE422A00EE032AAF
:1043E00000EE10CAB7EE003AB8EE400A81EE000ABD
:1043F00032EE031A02EE101AB8EE422A20EE010A3B
:1044000032EE031A80EE011ABCEEC11A80ED001ADA
:10441000DEF80010C1F3064101EE101AB8EE411AA1
:1044200031EE031A80EE011ABCEEC11A80ED011ABA
:10443000DEF80010C1F3066101EE101AB8EE411A61
:1044400031EE031A80EE010ABCEEC00A10EE101A1B
:10445000816080BD0024744A20BCBE4B0024744C93
:10446000000000390000000080B584B0024641F62B
:10447000FF7300209B1A70EB01032BDA47F6FF73E2
:104480009B1A70EB010368DA82F400430B4300F0DF
:10449000818082F480330B4300F0BA8082F40022E2
:1044A000114340F0418144F20040C5F60200816DA5
:1044B00001F44031B1F5003F00F04481B1F5803F97
:1044C00000F02281002940F034810068000140F1B1
:1044D0003081BFE040F2FF739B1A70EB01031EDBDB
:1044E00082F480730B4300F0688082F48062114391
:1044F00040F01A8144F20041C5F60201886DC0F314
:104500004252042A00F2158148F20000C0F2BB00BA
:10451000DFE812F079009D00A4000A01AD0082F4EA
:1045200000630B435CD082F48052114340F0FC8066
:1045300044F20041C5F60201086DC0F30232042ABC
:1045400000F2F78048F20000C0F2BB00DFE812F092
:104550005B007F008600EC008F0082F400530B4369
:1045600000F0628082F48042114340F0DD8044F22A
:104570000040C5F60200816DC1F30271052900F209
:10458000D880DFE801F0039BA2A9B78EFFF79CFD5E
:1045900004B080BD44F20040C5F60200016D01F098
:1045A0004051B1F1005F00F0B880B1F1805F00F0E0
:1045B000BD80002940F0BD8073E044F20041C5F6A3
:1045C0000201086D00F00702042A00F2B28048F2EE
:1045D0000000C0F2BB00DFE802F0163A41A74A0033
:1045E00044F20041C5F60201886DC0F30262042A5C
:1045F00000F29F8048F20000C0F2BB00DFE802F04A
:1046000003272E9437000868800100F1958090E020
:1046100044F20040C5F60200C16C0068C90347D4EB
:10462000800140F1868087E044F20040C5F6020038
:10463000016DC1F30241052900F27B80DFE801F042
:10464000033E454C5A3100F0BBFE04B080BD086803
:1046500000016ED501A8FFF7DFFD05E008688000C6
:1046600067D501A8FFF76CFE019804B080BDC86C47
:104670000B6810F04052086802D113F004032FD1E8
:10468000B2F1805F02D110F480706DD1086810F42F
:1046900000301CBF47F64000C0F27D10B2F1005F51
:1046A00072E0006847F640018003C0F27D1127E008
:1046B00000013ED501A8FFF7AFFD2BE00068000127
:1046C00037D501A8FFF7A8FD39E00068800030D594
:1046D00001A8FFF735FE32E00168490729D50068D7
:1046E000C0F3C10049F20001C0F2D03121FA00F05C
:1046F00004B080BD006840F60011C005C0F23D0165
:1047000001EAE07004B080BD0068800011D501A806
:10471000FFF716FE039804B080BD0068000108D5BD
:1047200001A8FFF779FD029804B080BD0068800100
:1047300002D4002004B080BD01A8FFF7D9FC029884
:1047400004B080BDC16C036811F04051026805D10E
:1047500013F0040302D0C2F3C100C3E7B1F1805FDC
:1047600008D112F4807205D040F60010C0F23D006E
:1047700004B080BD006810F400301CBF47F6400054
:10478000C0F27D10B1F1005F18BF002004B080BD01
:104790002DE9F04381B00446C07844F22C4900076B
:1047A000C5F6020901D400252EE0606E4FEA3050B4
:1047B00003280DD80025DFE800F0020E1714D9F801
:1047C0000000002540F40030C9F8000055B913E09E
:1047D00001253DB910E004F10800022102F004FFB8
:1047E00005464DB1A84611E004F12800022102F06F
:1047F0008BFF0546002DF5D1D9F82400616E20F419
:1048000040100843C9F824004FF000086078C00742
:1048100030D0A06D042807D8DFE800F00A131C038D
:104820000300FDB1A84625E00125002DFAD119E0CD
:10483000D9F8000040F40030C9F80000002DF1D193
:1048400010E004F10800002102F0CEFE0546002D24
:10485000E8D107E004F12800002102F055FF0546E9
:10486000002DDFD1D9F82400A16D20F00700084306
:10487000C9F824006078400734D5D4F8A4004FEA82
:104880007050052807D8DFE800F00A131C03030363
:10489000FDB1A84626E00125002DFAD119E0D9F88E
:1048A000000040F40030C9F80000002DF1D110E004
:1048B00004F10800002102F097FE0546002DE8D122
:1048C00007E004F12800002102F01EFF0546002D3C
:1048D000DFD1D9F82C00D4F8A41020F460000843EC
:1048E000C9F82C006078000734D5D4F8A8004FEA46
:1048F0003060052807D8DFE800F00A131C03030323
:10490000FDB1A84626E00125002DFAD119E0D9F81D
:10491000000040F40030C9F80000002DF1D110E093
:1049200004F10800002102F05FFE0546002DE8D1E9
:1049300007E004F12800002102F0E6FE0546002D04
:10494000DFD1D9F82C00D4F8A81020F0E06008439B
:10495000C9F82C00E078800728D5E06C4FEA3010C9
:10496000032806D8DFE800F002091202B5B1A84614
:104970001CE00125002DFAD110E0D9F8000040F428
:104980000030C9F80000002DF1D107E004F1080063
:10499000022102F029FE0546002DE8D1D9F82000B9
:1049A000E16C20F030000843C9F820006078C006B0
:1049B00032D5E06D4FEA3030042807D8DFE800F048
:1049C0000A131C030300FDB1A84625E00125002DB4
:1049D000FAD119E0D9F8000040F40030C9F800001D
:1049E000002DF1D110E004F10800002102F0FCFDDF
:1049F0000546002DE8D107E004F12800002102F06F
:104A000083FE0546002DDFD1D9F82400E16D20F4A6
:104A1000E0400843C9F824006078800626D5206E5F
:104A20004FEA3040052807D8DFE800F0030A1003FA
:104A300003039DB1A84619E00125002DFAD10DE030
:104A400004F10800012102F0CFFD04E004F1280088
:104A5000012102F059FE0546002DEBD1D9F82400C2
:104A6000216E20F4E0200843C9F824006078400655
:104A700028D5D4F8AC004FEA3070052807D8DFE815
:104A800000F0030A100303039DB1A8461AE00125B4
:104A9000002DFAD10DE004F10800012102F0A4FD7F
:104AA00004E004F12800012102F02EFE0546002D4D
:104AB000EBD1D9F82C00D4F8AC1020F0E04008433A
:104AC000C9F82C006078000620D5E06ED8B1B0F1AE
:104AD000005F12D0B0F1805F25D1D9F8000040F41A
:104AE0000030C9F8000085B9D9F82400E16E20F043
:104AF00040500843C9F8240008E004F108000121EF
:104B000002F072FD0546002DEED0A846E078C00701
:104B10002AD0A06C03280AD8DFE800F0020D1602A4
:104B2000D5B1A84620E00125002DEED1DCE7012516
:104B3000002DF6D110E0D9F8000040F40030C9F89B
:104B40000000002DEDD107E004F10800022102F081
:104B50004BFD0546002DE4D1D9F82000A16C20F0D2
:104B600003000843C9F82000A078400642D5D9F8D0
:104B7000D40340F48070C9F8D403FEF775FE0646EE
:104B8000D9F8D403C00505D4FEF76EFE801B652856
:104B9000F6D303256DBBD9F84410D4F8B0004140DA
:104BA00011F4407F11D0D9F84410D9F8442042F4D0
:104BB0008032C9F84420D9F8442021F4407122F40D
:104BC0008032C9F84420C9F84410B0F5807F0FD175
:104BD000FEF74AFE064641F2893700BFD9F8440085
:104BE000800705D4FEF740FE801BB842F6D30325AC
:104BF00085B1A8462078C00742D0A06F4FEAF000E8
:104C0000052823D8DFE800F003262C0303037DB337
:104C1000A84635E04FF6CF73D4F8B00059F81C2CF5
:104C2000C0F2FF0300F4407122F47C5203EA101337
:104C3000B1F5407F08BF1A436FF31F3049F81C2CB1
:104C4000D9F844100843C9F84400D3E70125002DE2
:104C5000DED10DE004F10800012102F0C5FC04E002
:104C600004F12800012102F04FFD0546002DCFD1AF
:104C7000D9F82800A16F20F038000843C9F82800AF
:104C80002078800724D5606F052807D8DFE800F07A
:104C9000030A100303039DB1A84619E00125002D66
:104CA000FAD10DE004F10800012102F09DFC04E0BE
:104CB00004F12800012102F027FD0546002DEBD16B
:104CC000D9F82800616F20F007000843C9F82800D0
:104CD0002078400726D5D4F89000052807D8DFE8CB
:104CE00000F0030A100303039DB1A8461AE0012552
:104CF000002DFAD10DE004F10800012102F074FC4E
:104D000004E004F12800012102F0FEFC0546002D1C
:104D1000EBD1D9F82C00D4F8901020F0070008430C
:104D2000C9F82C002078800628D5D4F88C004FEAEA
:104D30003070052807D8DFE800F0030A10030303EA
:104D40009DB1A8461AE00125002DFAD10DE004F12D
:104D50000800002102F048FC04E004F128000221D0
:104D600002F0D2FC0546002DEBD1D9F82800D4F88A
:104D70008C1020F0E0400843C9F828002078400655
:104D800028D5D4F898004FEAB020052807D8DFE8E6
:104D900000F0030A100303039DB1A8461AE00125A1
:104DA000002DFAD10DE004F10800002102F01CFCF6
:104DB00004E004F12800022102F0A6FC0546002DC3
:104DC000EBD1D9F82C00D4F8981020F4E050084327
:104DD000C9F82C002078000628D5D4F89C004FEAAA
:104DE0007030052807D8DFE800F0030A100303033A
:104DF0009DB1A8461AE00125002DFAD10DE004F17D
:104E00000800002102F0F0FB04E004F12800022178
:104E100002F07AFC0546002DEBD1D9F82C00D4F82D
:104E20009C1020F460400843C9F82C00207800074B
:104E300016D5D4F88000B0F5805F08D104F12800C1
:104E4000022102F061FC002818BF4FF00108D9F8D8
:104E50002800D4F8801020F440500843C9F82800F6
:104E60002078C00616D5D4F89400B0F5807F08D11C
:104E700004F12800022102F047FC002818BF4FF07F
:104E80000108D9F82C00D4F8941020F4407008439D
:104E9000C9F82C00A078000722D5D4F8A000B0F5FE
:104EA000003F1AD0B0F5803F11D0C8BB04F1080014
:104EB000002102F099FB05468DB9D9F82C00D4F8F1
:104EC000A01020F440300843C9F82C0008E004F199
:104ED0002800022102F018FC0546002DEDD0A8465E
:104EE000A078400729D5D4F88400B0F5401F21D020
:104EF000B0F5001F18D0B0F5801F40F0BB80D9F886
:104F0000000040F40030C9F80000ADB9D9F828001D
:104F1000D4F8841020F440100843C9F828000CE0AD
:104F20000125002DDBD1C8E704F12800012102F0A2
:104F3000EBFB0546002DE9D0A846A078C00720D09D
:104F4000206DB0F5803F10D0B8B9D9F8000040F41A
:104F50000030C9F800009DB9D9F82000216D20F477
:104F600080300843C9F820000BE004F1080002215A
:104F700002F03AFB05461DB9EEE70125002DEBD006
:104F8000A846E078800608D504F12800022102F046
:104F9000BBFB002818BF4FF00108D4E900108A03BA
:104FA00077D5E26F6FF0010303EB3223022B0AD3B4
:104FB0004FEA32233BB1012B61D1D9F8003043F4E1
:104FC0000033C9F80030002D5CD0CA0264D48A02D4
:104FD0006CD44A0075D4B1F1FF3F40F383800902DD
:104FE00000F18B80C00707D004F10800002102F017
:104FF000FBFA002818BF05462079800707D504F181
:105000000800012102F0F0FA002818BF05462079B7
:10501000400707D504F10800022102F0E5FA002854
:1050200018BF05462079000707D504F128000021A4
:1050300002F06AFB002818BF05462079C00607D594
:1050400004F12800012102F05FFB002818BF05468B
:105050002079800607D504F12800022102F054FBD4
:10506000002818BF0125002D18BF0125284601B0D2
:10507000BDE8F0830125002D7FF45EAF46E70125F2
:10508000002DA2D1D9F8283023F440731A43C9F86F
:1050900028204546CA029AD5D9F82420236F22F049
:1050A00000421A43C9F824208A0292D5D9F8242054
:1050B000A36E22F080721A43C9F824204A007FF5BB
:1050C0008AAF59F81C2C22F4004249F81C2CD4F861
:1050D000B42059F81C3C1A4349F81C2CB1F1FF3F8D
:1050E0003FF77DAFD9F82020636D22F040521A437C
:1050F000C9F8202009027FF575AFD9F82810D4F837
:10510000882021F440011143C9F82810C0077FF41A
:105110006BAF71E7000000002DE9F04381B000287B
:1051200000F0F48042F200080446C5F200288946E7
:10513000D8F8000000F00F0088420ED2D8F8000026
:1051400020F00F0040EA0900C8F80000D8F800007D
:1051500000F00F00484540F0D980206844F218471D
:105160004107C5F602070AD521693A6802F07002C4
:10517000914204D93A6822F0700211433960010764
:105180000AD561697A6802F07002914204D97A689E
:1051900022F0700211437960C1060AD5A1697A68CC
:1051A00002F4E062914204D97A6822F4E062114389
:1051B000796081060AD5E169BA6802F0700291420D
:1051C00004D9BA6822F070021143B96081070AD588
:1051D000E1683A6802F00F02914204D93A6822F07D
:1051E0000F0211433960C0077ED1206881070AD5BC
:1051F000E1683A6802F00F02914204D23A6822F064
:105200000F0211433960D8F8001001F00F01494531
:105210000DD9D8F8001021F00F0141EA0901C8F8B2
:105220000010D8F8001001F00F0149456ED1410778
:105230000AD521693A6802F07002914204D23A68B4
:1052400022F070021143396001070AD561697A685A
:1052500002F07002914204D27A6822F07002114387
:105260007960C1060AD5A1697A6802F4E0629142C8
:1052700004D27A6822F4E0621143796080060AD58C
:10528000E069B96801F07001884204D2B96821F080
:1052900070010843B86000F0BBF8396848F68652E0
:1052A000C0F600023B68C1F3032103F00F03515C19
:1052B000D25C01F01F01C84002F01F0140F204025D
:1052C00020FA01F1C2F20002116040F2000140F246
:1052D0001802C2F20001C2F2000208601068FEF774
:1052E0000FFB01B0BDE8F083386820F47061D4E9A9
:1052F0000102012841EA020139600BD003282BD0BA
:1053000002282ED157F8181C890307D4012001B0B8
:10531000BDE8F08357F8181CC905F7D557F8081CE5
:1053200021F00701084347F8080CFEF79DFA0646EE
:1053300041F2883557F8080C616800F03800B0EB8E
:10534000C10F3FF452AFFEF78FFA801BA842F1D98C
:10535000032001B0BDE8F08357F8181C8901D5D5AA
:10536000DCE757F8181C4907D0D5D7E70000000044
:1053700080B500F04DF844F2184148F68653C5F662
:105380000201C0F600030A68096801F00F01C2F3C8
:105390000322595C9A5C02F01F0220FA02F201F02B
:1053A0001F0040F2040122FA00F0C2F2000108607E
:1053B00040F20001C2F200010A6080BD000000005E
:1053C00080B5FFF7D5FF44F21C4148F68652C5F67A
:1053D0000201C0F600020968C1F30211515C01F03C
:1053E0001F01C84080BD000080B5FFF7C1FF44F237
:1053F0001C4148F68652C5F60201C0F60002096853
:10540000C1F30221515C01F01F01C84080BD0000C2
:1054100044F20041C5F602010869C0F3C200032846
:105420000FD002282AD070BB0868800649F200001D
:10543000C0F2D03058BF70470968C1F3C101C840FD
:1054400070478A6A886AC0F3051CC86ABCF1000FFD
:105450004B6B1DD0C3F3CC0300F00100584302F0A6
:105460000302022A00EE100AB8EE400A12D0A2B9D6
:105470000868800614D49FED261A1EE047F6400007
:10548000C0F27D10704740F60010C0F23D0070473A
:10549000002070479FED1D1A0FE09FED1B1A0CE0D6
:1054A000086849F20002C0F2D032C0F3C10022FA0B
:1054B00000F001EE100AB8EE411A086B9FED153AA4
:1054C0006FF35F2002EE100A086BC0F34620B8EEBF
:1054D000422A013000EE032A00EE10CAB7EE003A6D
:1054E000B8EE400A81EE000A32EE031A20EE010AFD
:1054F00001EE100AB8EE411A80EE010ABCEEC00AB5
:1055000010EE100A704700BF0024744A20BCBE4B46
:105510000024744C000000392DE9F04381B0F8B14B
:105520008046007844F20049C007C5F602095CD005
:10553000D9F8100000F03801D9F82800102905D05A
:1055400018290FD100F0030002280BD1D9F8000070
:10555000800346D5D8F80400002842D1012731E065
:105560000127E2E2D8F804502DB1B5F5A02F0DD0F7
:10557000B5F5803F10D0D9F8000020F48030C9F88C
:105580000000D9F8000020F4802009E0D9F80000DC
:1055900040F48020C9F80000D9F8000040F48030C1
:1055A000C9F80000FEF760F9002D054615D000BFD0
:1055B000D9F80000800314D4FEF756F9401B642884
:1055C000F6D903270020002800F0AF820DE000BFCD
:1055D000FEF74AF9401B6428F3D8D9F8000080038D
:1055E000F6D40120002800F0A08298F8000080077F
:1055F0006AD5D9F8100010F03801D9F828001DD06C
:10560000182908BF5FEA807018D0D8F80C00D9F8C4
:105610000010002840D021F019010843C9F800000B
:10562000FEF722F9054600BFD9F80000400727D44D
:10563000FEF71AF9401B0228F6D91EE0D9F800003F
:10564000400704D5D8F80C00002800F05E81D9F896
:105650000000D8F80C1020F019000843C9F8000029
:10566000FEF702F9054600BFD9F80000400707D44D
:10567000FEF7FAF8401B0228F6D90327002420E0A1
:10568000D9F80400D8F8101020F0FE40012440EAB8
:105690000160C9F8040014E021F00100C9F800001D
:1056A000FEF7E2F805460126D9F8000010F00400E4
:1056B00086EA900405D0FEF7D7F8401B0328F3D301
:1056C0000327002C00F0318298F80000C00656D560
:1056D000D9F8100000F03801D9F82800082905D0C1
:1056E000182917D100F00300012813D1D9F80000C0
:1056F000C00503D5D8F81C0080283BD1D9F80C0090
:10570000D8F8201020F07C50012440EA0160C9F84C
:105710000C0031E0D8F81C000028D9F8000012D0A5
:1057200040F08000C9F80000FEF79EF8054600BF73
:10573000D9F80000C005E1D4FEF796F8401B022816
:10574000F6D9032717E020F08000C9F80000FEF723
:105750008BF80546012600BFD9F8000010F48070D0
:1057600086EA102408D0FEF77FF8401B0328F3D305
:10577000032701E001270024002C00F0D68198F8CF
:10578000000000071CD498F80000800631D498F877
:105790000000400745D4D8F82440002C00F0918048
:1057A000D9F8100000F03800182840F08C80012C47
:1057B000D9F82810D9F8300040F0A9800127B4E1C9
:1057C000D8F814000028D9F874003ED040F0010049
:1057D000C9F87400FEF748F8054600BFD9F8740010
:1057E0008007D0D4FEF740F8401B0228F6D90327E3
:1057F0009BE1D8F818000028D9F800004DD040F4FB
:105800008050C9F80000FEF72FF80546D9F80000CF
:105810008004BCD4FEF728F8401B0228F6D90327E1
:1058200083E1D9F8000440F48070C9F80004FEF761
:105830001BF80546D9F80004C0051AD4FEF714F881
:10584000401B6428F6D903276FE120F00100C9F856
:105850007400FEF709F80546032700BFD9F8740065
:1058600080077FF590AFFDF7FFFF401B0228F5D9B9
:105870005BE1D8F808502DB1052D00F08280012D94
:1058800000F08580D9F8700020F00100C9F87000A0
:10589000D9F8700020F004007DE020F48050C9F8B1
:1058A0000000FDF7E1FF0546032700BFD9F800001F
:1058B00080047FF56CAFFDF7D7FF401B0228F5D9B8
:1058C00033E1002731E1D9F8000020F08070C9F8F9
:1058D0000000FDF7C9FF022C05464FF0030709D170
:1058E000D9F80000800178D5FDF7BEFF401B0228E3
:1058F000F6D91AE1D9F80000800140F1E780FDF700
:10590000B3FF401B0228F5D90FE10127B6E601F0ED
:105910000302D8F828309A4240F0DA80C1F305112A
:10592000D8F82C20914240F0D7800146D8F830209A
:105930006FF35F21013A914240F0D080C0F34622DC
:10594000D8F8341001398A4240F0CA80C0F30642C8
:10595000D8F8381001398A4240F0C480C0F306609C
:10596000D8F83C100139884240F0BE80D9F83400A4
:10597000D8F84810C0F3CC00814240F0B78000272F
:10598000D3E0D9F8700040F00400C9F87000D9F8ED
:10599000700040F00100C9F87000FDF765FF002DB0
:1059A000054641F288344FF0030711D0D9F8700052
:1059B00080073FF5F0AEFDF757FF401BA042F5D939
:1059C000B3E000BFFDF750FF401BA04200F2AD80E6
:1059D000D9F870008007F5D4DDE608F12807D9F87A
:1059E000280040F2F33188438ECF0843591E40EA25
:1059F00002104FF47E426FF35F21C9F8280002EBDA
:105A000047204FF4FE0280B2D8F83C300844D8F862
:105A1000381002EB01414FF0FE4201F4FE0102EBAF
:105A20000362084402F0FE410844C9F83000D9F886
:105A30002C004FF6F87120F00100C9F82C00D9F8BD
:105A40003400D8F84820884340EAC200C9F834003E
:105A5000D9F82C00D8F8401020F00C000843C9F801
:105A60002C00D9F82C00D8F8441020F0020008438C
:105A7000C9F82C00D9F82C0040F48030C9F82C006B
:105A8000D9F82C0040F40030C9F82C00D9F82C00CB
:105A900040F48020C9F82C00D9F82C0040F0010017
:105AA000C9F82C00D9F8000040F08070C9F8000057
:105AB000FDF7DAFE04460327D9F80000800109D477
:105AC000FDF7D2FE001B0228F6D92EE000272CE0BD
:105AD00001272AE0002728E0012726E0012724E00B
:105AE000012722E0012720E001271EE0D9F82C0041
:105AF00020F00100C9F82C00FDF7B6FE0546FDF7C1
:105B0000B3FEA842FBD0D9F834004FF6F871D8F8AC
:105B100048208843002740EAC200C9F83400D9F879
:105B20002C0040F00100C9F82C00F8B201B0BDE82B
:105B3000F08300000000000020B3B0B5044690F8E8
:105B40002C000D4628B9002084F82D00204600F0D6
:105B50001BF8022084F82C002068211DFBF70CF9AB
:105B6000D4E900022946FBF773F944F20000C5F2BC
:105B70000020016841F000410160012084F82C0000
:105B80000020B0BD0120704780B5FDF779FC80BDD5
:105B9000B0B5054690F82C00022801D10220B0BD16
:105BA00095F82C000124012808D1022085F82C004A
:105BB0002868FBF729F985F82C4000242046B0BD61
:105BC000B0B5044690F82C000D46052804D00228F4
:105BD00008BFB0BD01280BD1022084F82C0020683A
:105BE0002946FBF71DF92868022803D1052002E0A9
:105BF0000120B0BD012084F82C000020B0BD0000C1
:105C000080B501F071FE80BD70470000000000000B
:105C10007047000000000000704700000000000016
:105C2000B0B590F83C20012A4FF0020266D0012363
:105C300080F83C3080F83D2040F2004C0268C4F20D
:105C4000010C42F4806363455368D2F808E002BF58
:105C500023F470034C6823434DF6FF740D68C4F2BF
:105C6000000423F07003A24243EA0503536014DCEE
:105C700040F2FF73C4F200039A4222DD40F60003B3
:105C8000C4F200039A422ED040F60043C4F200034F
:105C90009A4228D041F6000321E04FF6FF73C4F288
:105CA00000039A4213DD0023C4F201039A421AD082
:105CB00044F20003C4F201039A4214D0624512D0A8
:105CC00016E0B2F1804F0ED040F2004307E04EF2F2
:105CD0000003C4F200039A4205D04EF20043C4F21E
:105CE00000039A4204D12EF0800389681943916021
:105CF0000022012180F83D1080F83C201046B0BD04
:105D000010B50446022041F2111284F83D00C0F2A1
:105D100011022068016A114208D1016A40F244422E
:105D2000114203D1016821F001010160204600F019
:105D30004FF80020002184F8481084F83E1084F8C1
:105D40003F1084F8401084F8411084F8421084F821
:105D5000431084F8441084F8451084F8461084F801
:105D6000471084F83D1084F83C1010BD000000007E
:105D700060B310B5044690F83D0028B9002084F8BF
:105D80003C00204600F060F8022084F83D002068C6
:105D9000211D01F09DFE012084F8480084F83E009A
:105DA00084F83F0084F8400084F8410084F8420001
:105DB00084F8430084F8440084F8450084F84600E1
:105DC00084F8470084F83D00002010BD0120704792
:105DD00080B541F200410068C4F2000188421BD046
:105DE00040F60001C4F20001884221D0B0F1804F9A
:105DF00018BF80BD44F2E840C5F60200016821F0FA
:105E00000101016000202021C5F60200FDF7BCFB66
:105E10001C20FDF701FE80BD44F2E840C5F60200FB
:105E2000016821F0200101603720FDF7F5FD80BDFC
:105E300044F2E840C5F60200016821F00401016067
:105E40001E20FDF7E9FD80BD10B586B041F200428D
:105E50000068C4F20002002190420591CDE90311CF
:105E6000CDE9011135D040F60001C4F200018842AD
:105E700041D0B0F1804F54D144F2E840C5F6020061
:105E8000016841F001010160016801F00101009128
:105E9000009950F8081C41F0010140F8081C50F826
:105EA000080C01A900F0010000900098202001904A
:105EB000022002900020CDE903000120059000207F
:105EC000C5F60200FDF7ECFB1C20002100221C247B
:105ED00022E044F2E8400022C5F6020037240168BF
:105EE00041F0200101600068022100F020000090D4
:105EF0000098372010E044F2E8400022C5F6020086
:105F00001E24016841F0040101600068002100F0D6
:105F10000400009000981E20FDF786FD2046FDF746
:105F20007FFD06B010BD000090F83D1001291ED184
:105F3000022180F83D1001684DF6FF70C4F20000A8
:105F4000814216DC40F2FF70C4F20000814226DD7F
:105F500040F60000C4F20000814232D040F600401A
:105F6000C4F2000081422CD041F6000025E001205F
:105F700070474FF6FF70C4F20000814215DD00202B
:105F8000C4F2010081421CD044F20000C4F20100BE
:105F9000814216D040F20040C4F201000FE0B1F19E
:105FA000804F0ED040F2004007E04EF20000C4F2F5
:105FB0000000814205D04EF20040C4F20000814250
:105FC0000BD107228868C0F2010202400020062A95
:105FD00018BFB2F5803F00D17047086840F001005B
:105FE00008600020704700000146006841F211136C
:105FF000026AC0F211031A4208D1026A40F2444315
:106000001A4203D1026822F001020260002001223C
:1060100081F83D207047000010B5044690F83C0020
:1060200001284FF0020008BF10BD0B46012184F883
:106030003C10882284F83D00CFF6CE72206881683B
:106040001140816019686F290BDDB1F1101F17DA5B
:10605000B1F5005F25DA70293FD0B1F5805F5AD0E5
:1060600039E02F2916DD4F2920DC302951D0402975
:1060700031D15968DA6801F0A3FE2068402148E078
:106080002F22C0F2100291421BDCB1F1101F40D050
:1060900020221CE0002918BF10293AD0202938D02E
:1060A00019E025D0B1F5801F33D014E050292AD053
:1060B000602910D15968DA6801F042FF2068602138
:1060C00027E03022C0F21002914222D04022C0F2DA
:1060D000100291421DD001201EE0D3E90121DB68AE
:1060E00001F0B6FD2068816841F07701816012E01F
:1060F000D3E90121DB6801F0ABFD2068816841F440
:106100008041816007E05968DA6801F059FE206833
:10611000502101F0A9FD0020012184F83D1000214B
:1061200084F83C1010BD0000704700000000000023
:10613000B0B5044690F83C00012801D10220B0BD62
:106140000D464FEAB20103294FF0010084F83C00EC
:1061500037D8DFE801F0020C16242068EB68D5E997
:10616000001201F065FE206850F8181F12E0206848
:10617000EB68D5E9001201F003FF206850F8181F02
:1061800016E02068EB68D5E9001201F021FF2068D5
:1061900050F81C1F21F00C010160A9680DE0206877
:1061A000EB68D5E9001201F037FF206850F81C1F9A
:1061B00021F440610160A96809020268114301608D
:1061C0000020002184F83C10B0BD00000000000059
:1061D00060B310B5044690F83D0028B9002084F85B
:1061E0003C00204600F024F8022084F83D0020689E
:1061F000211D01F06DFC012084F8480084F83E0068
:1062000084F83F0084F8400084F8410084F842009C
:1062100084F8430084F8440084F8450084F846007C
:1062200084F8470084F83D00002010BD012070472D
:10623000704700000000000010B5044659B1081F67
:106240004FEAB000032809D8DFE800F0020B0E1176
:1062500004F13F000DE004F13E000AE004F14300C8
:1062600007E004F1400004E004F1410001E004F122
:106270004200007831B1082907D0042908D104F17F
:10628000450207E004F1440204E004F1460201E0A3
:1062900004F14702127801284FF0010008BF012ADB
:1062A00000D010BD61B1081F4FEAB00003280BD821
:1062B000DFE800F0020E1216022084F83F0012E020
:1062C000022084F83E000EE0022084F843000AE039
:1062D000022084F8400006E0022084F8410002E039
:1062E000022084F84200022031B1082907D0042995
:1062F00008D184F8450007E084F8440004E084F8FD
:10630000460001E084F847002068012201F090FC7B
:106310004DF6FF702168C4F20000814214DC40F2A7
:10632000FF70C4F20000814224DD40F60000C4F298
:106330000000814230D040F60040C4F200008142AB
:106340002AD041F6000023E04FF6FF70C4F20000AF
:10635000814215DD0020C4F2010081421CD044F2CC
:106360000000C4F20100814216D040F20040C4F2A5
:1063700001000FE0B1F1804F0ED040F2004007E085
:106380004EF20000C4F20000814205D04EF20040FF
:10639000C4F2000081420BD107228868C0F20102DA
:1063A00002400020062A18BFB2F5803F3FF479AFC3
:1063B000086840F001000860002010BD00000000E7
:1063C000B0B50446006800220D4601F031FC20689B
:1063D00041F21112C0F21102016A114204D1016AA4
:1063E00040F2444211420DD095B1281F4FEAB0004F
:1063F000032811D8DFE800F00214181C012084F8EB
:106400003F0018E0016821F001010160002DECD18E
:10641000012084F83E000EE0012084F843000AE0E9
:10642000012084F8400006E0012084F8410002E0E9
:10643000012084F8420001203DB1082D09D0042D2F
:106440000BD184F845000020B0BD84F84400002042
:10645000B0BD84F846000020B0BD84F8470000209D
:10646000B0BD000000000000F0B581B00446006837
:10647000C768066906EA0705A90727D4680756D43E
:1064800028076CD4E80600F18280E80706D020686F
:106490006FF001010161204600F09EF817F08007BF
:1064A00018BF16F4025006D020686FF40251016143
:1064B0002046FFF7ADFB002F18BF16F4807011D1F6
:1064C000680618D4A8061FD401B0F0BD6FF0020111
:1064D000016101212177806980071ED02046FFF7E6
:1064E00023FE20E020686FF4807101612046FFF7F1
:1064F0008BFB6806E6D520686FF0400101612046FD
:1065000000F096F8A806DFD520686FF02001016141
:106510002046FFF781FB01B0F0BD204600F054F8A3
:10652000204600F055F8002020776807A8D520689D
:106530006FF00401016102212177806910F4407F2E
:1065400003D02046FFF7F0FD05E0204600F03CF8C0
:10655000204600F03DF800202077280792D52068DB
:106560006FF00801016104212177C069800703D021
:106570002046FFF7D9FD05E0204600F025F820462B
:1065800000F026F800202077E8067FF57EAF20682F
:106590006FF01001016108212177C06910F4407F7C
:1065A00003D02046FFF7C0FD05E0204600F00CF8C0
:1065B000204600F00DF800202077E8077FF467AF51
:1065C0006CE70000000000007047000000000000C1
:1065D000704700000000000070470000000000004D
:1065E000B0B5044690F83C0001284FF0020008BF07
:1065F000B0BD012584F83C5084F83D00204601F0F0
:106600003FFB00284FF0010009D12068C16821F04C
:106610004001C160C16821F48041C160002084F85C
:106620003D50002184F83C10B0BD00000000000087
:10663000704700000000000090F88410012901D18B
:10664000022070472421C0F888100268136811687E
:1066500023F0005321F00101116000214166136015
:106660002022C0F8882080F8841008467047000077
:10667000B0B5044690F88400012801D10220B0BDD5
:10668000012084F884002420C4F88800206805686C
:10669000026822F001020260826822F06062114307
:1066A0008160204601F008FD206805602020C4F8C4
:1066B0008800002084F88400B0BD000000000000C5
:1066C000B0B5044690F88400012801D10220B0BD85
:1066D000012084F884002420C4F88800206805681C
:1066E000026822F001020260826822F060421143D7
:1066F0008160204601F0E0FC206805602020C4F89D
:106700008800002084F88400B0BD00000000000074
:1067100010B5E0B10446D0F8880028B9002084F80C
:106720008400204600F028F82420C4F8880020685F
:10673000A16A0268002922F00101016002D020460E
:1067400001F0E6FC204601F0DFFD012801D1012027
:1067500010BD2068416821F490414160816821F0BA
:106760002A018160016841F001010160204601F0C9
:106770003FFD10BD00000000B0B5B6B0044602A851
:10678000B8210025CDE93455CDE932553195F9F7D9
:10679000F5FD41F200412068C4F2010188422ED08B
:1067A00044F60001C4F2000188425BD1002003904E
:1067B0001F9002A802210291FDF7EAFF08B1FAF743
:1067C000BBFA44F2E040C5F60200816841F4802142
:1067D0008160816801F4802101910199016841F093
:1067E00002010160006800F00200019001984FF47E
:1067F0004060319040F20040C5F6020028E00120E0
:10680000029002A803952095FDF7C2FF08B1FAF7A0
:1068100093FA44F2E040C5F60200016941F020011C
:106820000161016901F0200101910199016841F0C4
:1068300040010160006840F2004100F0400001901A
:10684000C5F6020101984FF48440319001F5A05043
:10685000022132910021CDE933110721359131A96F
:10686000FCF71EFF36B0B0BD40F20044C5F602048E
:1068700001212046FCF7E8FF6420FCF7EDFDF7E777
:1068800070B50024C5F60204F9F7D2FD04F5806561
:106890004FF4005100222846FCF7DEFF4FF4804100
:1068A00000222846FCF7D8FF4FF40041002228467A
:1068B000FCF7D2FF04F540604FF400610022FCF7C2
:1068C000CBFF04F50066802100223046FCF7C4FFB0
:1068D0004FF4807100223046FCF7BEFF4FF4805128
:1068E00001222846FCF7B8FF0520FCF7B5FD4FF460
:1068F000805100222846FCF7AFFF4FF400710022C0
:106900002046FCF7A9FF002002F002FA40F2080638
:106910004FF0FF35C2F200067019407802F0F8F926
:106920000135032DF8D14FF4007101222046FCF708
:1069300093FF4FF4007100222046FCF78DFF0120E9
:1069400002F0E6F948F6AE564FF0FF35C0F6000605
:106950007019407802F0DCF90135032DF8D14FF4BD
:10696000007101222046FCF777FF4FF400710022EE
:106970002046FCF771FF022002F0CAF948F6B25631
:106980004FF0FF35C0F600067019407802F0C0F9EC
:106990000135032DF8D14FF4007101222046FCF798
:1069A0005BFF04F5C054082101222046FCF754FF88
:1069B000082100222046FCF74FFF0120FCF74CFD88
:1069C00070BD0000000000004FF6C0728168C5F67F
:1069D000FF721140816070474FF6C0728168C7F640
:1069E000FF7211400131816070470000000000001B
:1069F000C16841F00101C160704700000000000063
:106A00004FF6C0728168C6F6FF72114001F18051E5
:106A10008160704700000000806800F0E0707047FF
:106A2000806800F440407047806800F01F007047A5
:106A300000EB8100006E00F0F8407047000000009D
:106A40008068C0F3C0007047C06C00F4C070B0FA3A
:106A500080F04009704700008068C0F340707047C4
:106A6000806800F001007047806800F00100704706
:106A70008068C0F3007070478068C0F38000704782
:106A80008068C0F380007047C06800F44060B0FACE
:106A900080F040097047000046F20C01C5F6020183
:106AA0000A6822F0030210430860704700000000EB
:106AB000C26822F003021143C16070470000000069
:106AC00080B5C1F3012301F01F01C2F384624FF0CE
:106AD0001F0C00EB83000CFA01F3D0F830E002FA4F
:106AE00001F12EEA03031943016380BD0000000099
:106AF0004FF6C0728168C7F6FF72114004318160A1
:106B0000704700000000000046F20002C5F60202D5
:106B1000904208BF704791FAA1F2B2FA82F20B03D9
:106B200008BF8A0E02F01F01012202FA01F1C269B8
:106B30001143C1617047000080B5C1F340634FF05D
:106B4000070CC1F3045100EB83000CFA01F3D0F8F9
:106B500014E002FA01F12EEA03031943416180BDFA
:106B6000B0B546F2B00C4FF6FF75C5F6020CC0F298
:106B70000F05ACF1B00398420DD002F01802D0F826
:106B8000C03001EA050425FA02F2A343114019437B
:106B9000C0F8C010B0BD02F01802DCF800E001EA55
:106BA000050025FA02F22EEA000011400843CCF855
:106BB0000000B0BD00000000826822F47C12114386
:106BC0008160704700000000826822F0E07211438B
:106BD0008160704700000000036901F01F0123F489
:106BE000F04302FA01F1194301617047000000000F
:106BF00080B500F1600C46F2000EC5F6020E70453D
:106C00005CF8210006D002F0F84E00F000424EEA97
:106C100003000BE04FF2000E02F0F842C0F2FF3E1C
:106C20001A4300EA0E0010434FF0004210434CF8A4
:106C3000210080BD0000000046F20003C5F60203FB
:106C4000984218BF704703EB8100016E21F000717C
:106C5000114301667047000046F26002C5F6020269
:106C600052F8203023F08073194342F82010704707
:106C700046F20003C5F60203984208BF704700EBD6
:106C80008100016E21F00041114301667047000050
:106C900000EB8100016E21F00041016670470000A9
:106CA00070B584B00026CDE90266CDE90066FCF738
:106CB00083FE4FF0105001904EF212006C46C0F26D
:106CC0000130029000200125C0F2011003902046FF
:106CD000ADF80050FCF740FE4FF0C04001900F208F
:106CE000ADF8080020468DF801508DF80E60FCF7D5
:106CF00033FE02208DF801004FF0405001902046F5
:106D0000ADF809608DF80E50FCF726FE03208DF8D3
:106D100001004FF06050019020468DF80F60FCF7A5
:106D20001BFE05208DF801004FF040400190182017
:106D30008DF8080020468DF80A50FCF70DFE04205F
:106D4000FCF74AFE04B070BD10B58CB06846242133
:106D500000240B94CDE90944F9F710FB40F22C0014
:106D600042F20001C2F20000C4F202014FF4B0622C
:106D700001604FF400214160082181600421046119
:106D8000416101210483C16180F8204082624FF497
:106D90008062C0E90B21C0E90F4480F8444081645F
:106DA000FAF7BAFD08B1F9F7C7FF40F22C0009A9BC
:106DB000C2F200000994FAF7E7F808B1F9F7BCFF4E
:106DC00040F200106946C2F2801000900620019047
:106DD0000220029040F2FF700390042004900020F3
:106DE00005908DF8210040F22C00C2F20000FAF765
:106DF00053F908B1F9F7A0FF0CB010BD0000000076
:106E0000B0B58AB001A82421F9F7B8FA40F29C0085
:106E100042F20011C2F20000C4F202010024042573
:106E200001604FF40021416008218160012104616B
:106E30004FF4B06245610483C16180F820408262F2
:106E40004FF48062C0E90B21C0E90F4480F8444050
:106E50008164FAF761FD08B1F9F76EFF102001A90E
:106E6000C1F2C0000190062002900220039040F27F
:106E7000FF700694CDE9040540F29C008DF8254092
:106E8000C2F20000FAF708F908B1F9F755FF0AB0A5
:106E9000B0BD00000000000080B582B044F2D840D0
:106EA0000022C5F60200016841F00101016000689E
:106EB000002100F00100019001980B20FCF7B4FDC7
:106EC0000B20FCF7ADFD0E2000210022FCF7ACFDED
:106ED0000E20FCF7A5FD02B080BD00000000000000
:106EE00080B58CB040F2582044F24012C2F200004B
:106EF0000021CDE90A11CDE90811C5F20022C0E94F
:106F00000021012282600822C26010220261402218
:106F100042614FF4C072C0E906214FF40061016282
:106F20004FF4805141624FF400518162022101917E
:106F30000A22029206220392092204920422059256
:106F40000322CDE9062101A9FEF7F6FD08B1F9F704
:106F5000F3FE40F2582008A9C2F2000000F064FCE1
:106F60000CB080BD000000002DE9F04F87B044F266
:106F7000E0400025C5F602000695CDE90455CDE9AF
:106F80000255016840F2004741F0040101600168C8
:106F9000C5F6020701F0040101910199016841F071
:106FA000200101600168012201F020010191019995
:106FB000016841F08001016001684FF0010B01F0B0
:106FC000800101910199016841F0010101600168AE
:106FD00001F0010101910199016841F00201016094
:106FE000016801F0020101910199016841F040013D
:106FF0000160016801F0400101910199016841F0CF
:1070000010010160016801F010010191019901680E
:1070100041F0080101600068012100F008000190C2
:1070200001983846FCF718FC4FF4704100223846AE
:10703000FCF712FC07F5006A4FF40061002250468D
:10704000FCF70AFC07F5A056482100223046FCF761
:1070500003FC07F580694FF4707100224846FCF785
:10706000FBFBA7F580684FF4407100224046FCF717
:10707000F3FB02AC03200590384621460495CDE988
:1070800002BBFCF70DFB4FF470402146CDE9020B2B
:107090003846CDE90455FCF703FB4FF40060214668
:1070A000CDE9020B5046CDE90455FCF7F9FA08206A
:1070B0002146CDE9020B0220059030460495FCF7ED
:1070C000EFFA40202146CDE9020B3046CDE90455C8
:1070D000FCF7E6FA4FF470702146CDE9020B484602
:1070E000CDE90455FCF7DCFA4FF440702146CDE9B8
:1070F000020B4046CDE90455FCF7D2FA07B0BDE8D3
:10710000F08F00000000000080B586B040F2FC1057
:1071100045F20002C2F200000021CDE90411CDE9E0
:107120000211CDE90011C5F2002202600422C16003
:10713000C0E9012117230162C0E90432C0E9061148
:10714000032242624FF080420163C0E90A21082213
:10715000C163C0E90D21FCF787FE08B1F9F7ECFD2A
:107160000120009002904FF00110039040F2FC10BB
:10717000C2F20000694641F28832FCF769FC08B1AE
:10718000F9F7DAFD06B080BD10B590B040F28C2062
:107190000021C2F200004FF08042CDE90E11CDE98E
:1071A0000C11CDE90A11CDE90811CDE90611CDE99F
:1071B0000411CDE90211CDE9001102600422C0E9F9
:1071C00001214FF0FF32C0E9032180218161FEF7E8
:1071D000CFFD08B1F9F7B0FD4FF480500C9040F2AC
:1071E0008C200CA9C2F20000FEF716FF08B1F9F7D7
:1071F000A3FD40F28C20C2F20000FEF7E9FF08B1C7
:10720000F9F79AFD042007905020089040F28C2056
:1072100007A9C2F20000002409940B94FFF7E0F9DB
:1072200008B1F9F789FD40F28C2004A9C2F20000F0
:1072300004940694FEF7F4FC08B1F9F77DFD0020F4
:10724000009001210390CDE9011040F28C206946A5
:10725000C2F200000022FEF76BFF08B1F9F76CFDE7
:1072600010B010BD0000000080B588B040F2D820FA
:1072700040F60002C2F2000000210791C4F20002B1
:10728000CDE90511CDE90311CDE901110260182204
:10729000C0E901210422C0E9032180218161FEF7B8
:1072A00067FD08B1F9F748FD4FF48050049040F2B3
:1072B000D82004A9C2F20000FEF7AEFE08B1F9F72B
:1072C0003BFD202001900020039040F2D82001A92E
:1072D000C2F20000FEF7A4FC08B1F9F72DFD08B0DA
:1072E00080BD00000000000010B584B040F22430E2
:1072F00041F20041C2F2000000240394C4F20001F4
:10730000CDE9014401604FF48971C0E9011440F2F4
:10731000E731C16080218161FEF72AFD08B1F9F7EC
:107320000BFD40F2243001A9C2F200000194039445
:10733000FEF776FC08B1F9F7FFFC04B010BD0000C1
:1073400080B540F2703044F60001C2F20000C4F291
:1073500000010C2201604FF4E13141600021C0E9DD
:1073600002110161C0E90521C0E90711C0E9091155
:10737000FFF7CEF908B1F9F7DFFC40F270300021D9
:10738000C2F20000FFF79CF908B1F9F7D5FC40F212
:1073900070300021C2F20000FFF76AF908B1F9F776
:1073A000CBFC40F27030C2F20000FFF745F9002834
:1073B00008BF80BDF9F7C0FC80BD000000000000E0
:1073C00080B540F2044041F20041C2F20000C4F234
:1073D00001010C2201604FF4165141600021C0E907
:1073E00002110161C0E90521C0E90711C0E90911D5
:1073F000FFF78EF908B1F9F79FFC40F20440002135
:10740000C2F20000FFF75CF908B1F9F795FC40F211
:1074100004400021C2F20000FFF72AF908B1F9F791
:107420008BFC40F20440C2F20000FFF705F900288F
:1074300008BF80BDF9F780FC80BD0000000000009F
:10744000FEE7000000000000FEE700000000000072
:1074500000F007004FF0FF3C80F00703042B28BF2B
:107460000423033838BF00200CFA03F399430CFAC5
:1074700000F301FA00F022EA03010843704700001C
:10748000002958D010B54BF2004C00240228C5F258
:10749000002CC1E90044C1E902440C6109D1DCF8C7
:1074A00000004FF40074C00704BF40F22224C0F271
:1074B0000444002305E040F0807008610133022B92
:1074C00037D00CEB83004068C20705D080EA040285
:1074D000920701D45A1C0A60C20605D580EA04024C
:1074E000920601D45A1C4A60C20505D580EA0402FE
:1074F000920501D45A1C8A60C2030DD580EA0402A9
:10750000520309D4820303F1010E02D44EF48032F7
:1075100001E04EF08072CA60C201CFD580EA040259
:107520005201CBD4800103F10100C4D440F4803077
:10753000C3E7002010BD01207047000000000000DC
:107540002DE9F04381B004460068006A084018BF86
:107550000120904203D1002001B0BDE8F083DDF8A6
:1075600020800D461646994608F1010707E000BF46
:107570002068006A284018BF0120B042EBD0002FDD
:10758000F6D0FCF771F9B8F1000F03D0A0EB0900B9
:107590004045EDD94FF400702065606D40F001006A
:1075A0006065012001B0BDE8F0830000000000002C
:1075B000704700000000000010B5AEB06C46B82166
:1075C0002046F8F7DBFE00200190159020464FF092
:1075D00000410091FDF7DCF8002804BF2EB010BD7B
:1075E000F9F7AAFB00000000F0B581B044F22C4787
:1075F000C5F6020757F8042C02F00302032A02D151
:10760000012001B0F0BD054657F82C0C0C4620F0C7
:10761000806047F82C0CFCF727F9064657F82C0C2D
:10762000000105D5FCF720F9801B0228F6D964E09B
:1076300057F8040CEE6895E80E0020F47C30012C1D
:1076400040EA0130A2F101016FF35F214FF47E4265
:1076500002EB432247F8040C92B24FF0FE4302EBD8
:1076600001004FF4FE012A6901EB064101F4FE011D
:1076700003EB0262084402F0FE410844F8603868F7
:10768000696920F0C00040EA010038603868A969E3
:1076900020F0200040EA0100386038684FF6F871A9
:1076A00020F0100038603869EA6920EA01004FF4E0
:1076B000001140EAC2003861386808BF4FF48011F9
:1076C00040F01000002C386008BF4FF400213868EB
:1076D0000843386057F82C0C40F0806047F82C0CB9
:1076E000FCF7C2F8044600BF57F82C0C000107D481
:1076F000FCF7BAF8001B0328F6D3032001B0F0BD55
:10770000002001B0F0BD0000F0B581B044F22C477C
:10771000C5F6020757F8042C02F00302032A02D12F
:10772000012001B0F0BD054657F82C0C0C4620F0A6
:10773000805047F82C0CFCF797F8064657F82C0CAD
:10774000800005D5FCF790F8801B0228F6D964E08C
:1077500057F8040CEE6895E80E0020F07C70012CC0
:1077600040EA0150A2F101016FF35F214FF47E4224
:1077700002EB432247F8040C92B24FF0FE4302EBB7
:1077800001004FF4FE012A6901EB064101F4FE01FC
:1077900003EB0262084402F0FE4108447861386855
:1077A000696920F4406040EA010038603868A969DE
:1077B00020F4007040EA0100386038684FF6F87134
:1077C00020F480703860B869EA6920EA01004FF05F
:1077D000807140EAC200B861386808BF4FF4000108
:1077E00040F48070002C386008BF4FF48001386886
:1077F0000843386057F82C0C40F0805047F82C0CA8
:10780000FCF732F8044600BF57F82C0C800007D470
:10781000FCF72AF8001B0328F6D3032001B0F0BDC3
:10782000002001B0F0BD00002DE9F04182B04FF61C
:10783000FF720C46002601964FF00108C1F8008047
:1078400010270546C1E90178CE60FEF7B9F964203A
:10785000FBF702FE02204FF6FF7284E88101284602
:107860002146E660FEF7ACF903204FF6FF72C4E94B
:10787000000708202146C4E902062846FEF7A0F9C1
:107880004FF40C7001900420019984E88101E160BB
:107890004FF6FF7228462146FEF792F940F21E414C
:1078A0002846FEF775F902B0BDE8F081000000003F
:1078B00081B044F2D440C5F60200816841F0C04175
:1078C0008160016841F480510160006800F48050DB
:1078D00000900098BFF34F8F01B070470000000088
:1078E0007047000000000000B0B501380024B4EB80
:1078F000106F01D00120B0BD4EF210050F21CEF265
:10790000000568604FF0FF3001F076F8AC600720AA
:1079100028602046B0BD000080B5FBF7ADFF80BDFC
:1079200070B59CB044F6180409A84C21C5F60204B1
:10793000F8F724FD02200025CDE90755CDE90555CE
:10794000CDE90355CDE90155FCF79AFB0095206878
:1079500020F440402060206800F4404000900098EF
:1079600020688004FCD54FF480300A9001200C90F0
:107970002C220325CDE915200C20199009A8099582
:1079800040240D9402211491CDE91211CDE9171173
:107990000026CDE91A66FDF7BFFD90B901A93F2089
:1079A000069461C108200321CDE904044FF48060EE
:1079B000CDE9070401A8FDF7AFFB002804BF1CB008
:1079C00070BDF9F7B9F900004EF6885042F2000C8C
:1079D000CEF20000C5F2002C026842F47002026090
:1079E000DCF8000000F00F00062806D8DCF80000E4
:1079F000072262F30300CCF8000044F200404EF688
:107A00007F51C5F60200CEF6F621026842F001026F
:107A1000026000220261036819400160DCF8001076
:107A2000090706D5DCF80010072363F30301CCF83F
:107A3000001040F200218261C261C0F202210262A4
:107A400081620021C0F2FF11C16240F28021C0F2C8
:107A50000111016342638163C2630164426401688E
:107A600021F4802101600266D0F8D410C90448BF17
:107A70007047D0F8D41043F2D20241F48051C0F8DC
:107A8000D41044F20001C5F200210A60D0F8D410ED
:107A900021F48051C0F8D4107047000000000000AD
:107AA00080B540F28C20C2F20000FEF7DDFC80BD04
:107AB00080B540F2D820C2F20000FEF7D5FC80BDB0
:107AC00080B540F22430C2F20000FEF7CDFC80BD4C
:107AD00010B540F6FF32D0F800E0C4F20002904248
:107AE0000FDCB0F1804F1DD040F20043C4F2000320
:107AF000984217D040F60003C4F20003984211D018
:107B000015E040F60043C4F2000398420AD040F268
:107B10000043C4F20103984204D00023C4F20103DD
:107B2000984204D12EF070024B6843EA020E4EF2E6
:107B3000FF3343F6FF7CC4F20003C4F2010C984209
:107B40000FDD604522DC4EF20043C4F20003984290
:107B500038D00023C4F20103984233D040F20043EE
:107B600022E040F2FF73C4F20003984221DD40F6A8
:107B70000003C4F20003984224D040F60043C4F24C
:107B8000000398421ED04EF2000317E044F20003B7
:107B9000C4F20103984215D044F60003C4F2010375
:107BA00098420FD044F20043C4F20103984209D036
:107BB0000DE0B0F1804F05D040F20043C4F2000365
:107BC000984204D12EF44072CB6843EA020E4B690E
:107BD00060450A688C68C46282620EDD44F200026D
:107BE000C4F20102904213D044F60002C4F2010232
:107BF00090420DD044F2004206E00022C4F201029D
:107C0000904205D040F20042C4F20102904201D1FC
:107C100009690163016841F00401016001214161CA
:107C20002EF080011943016010BD0000000000002B
:107C300001F01F01012303FA01FC036A23EA0C038C
:107C4000036202FA01F1026A114301627047000007
:107C5000D0F808C011432CF47F4241EA03211143BC
:107C600081607047000000004FF688738268CFF68D
:107C7000CF731A40114341F0070181607047000043
:107C800080B5D0F800E04FF6887C4FF6F873CFF659
:107C9000CE7CDEF808004A68CFF6FE7300EA0C00DE
:107CA0001340D1F800C01843B2F1101F40EA0C0095
:107CB000CEF808004FF000000BDA3F2A1FDD5F2AE4
:107CC0002EDD602A51D0702A57D0B2F5801F4AD1DC
:107CD00080BD4F21C0F210018A4217DD6F21C0F232
:107CE00010018A4228DD7021C0F210018A4218BFBB
:107CF000B2F5001FECD01021C0F2200131E01F2AA4
:107D000022DC002AE4D0102AE2D02CE02F21C0F29D
:107D100010018A421DDCB2F1101FD9D020211EE0D3
:107D2000402A33D0502A1ED18B6870460A69194602
:107D300000F046F8002080BD5021C0F210018A42B8
:107D400008BF80BD60210AE0202AC1D0302ABFD000
:107D500009E03021C0F210018A42B9D04021C0F2BE
:107D600010018A42B4D0012080BD8B6870460A6938
:107D7000194600F0E5F8002080BDD1E9022C0B691E
:107D800070466146FFF764FF002080BDBCF1050F1F
:107D900001D1012080BDDEF82000DEF8202022F095
:107DA0000102CEF82020DEF81820096922F0F00246
:107DB00042EA0111CEF81810CEF82000002080BD54
:107DC00043F6FF73D0F820C0C4F201039842036A5F
:107DD00023F0010303620EDD44F20003C4F2010349
:107DE000984213D044F60003C4F2010398420DD028
:107DF00044F2004306E00023C4F20103984205D098
:107E000040F20043C4F20103984203D1036A23F015
:107E100004030362836923F0F00343EA02122CF0A7
:107E20000A038261194301627047000000000000EC
:107E300010B543F6FF7ED0F820C0C4F2010E7045A5
:107E4000D0F820E02EF0010EC0F820E00EDD44F264
:107E5000000EC4F2010E704514D044F6000EC4F2B8
:107E6000010E70450ED044F2004E07E040F2000EC5
:107E7000C4F2010E704505D040F2004EC4F2010E6E
:107E8000704505D1D0F820E02EF0040EC0F820E0B7
:107E90004DF6FF7EC4F2000E7045D0F818E014DCF9
:107EA00040F2FF74C4F20004A04226DD40F6000454
:107EB000C4F20004A04232D040F60044C4F20004F0
:107EC000A0422CD041F6000425E04FF6FF74C4F226
:107ED0000004A04217DD0024C4F20104A0421ED019
:107EE00044F20004C4F20104A04218D040F200445D
:107EF000C4F20104A04212D01EE0B0F1804F0ED0B7
:107F000040F2004407E04EF20004C4F20004A04234
:107F100005D04EF20044C4F20004A0420CD12EF071
:107F20000304224363F307122CF00A0301F00A0151
:107F300082611944016210BD4EF00102F2E70000B7
:107F400080B540F2004340F4806EC4F20103D0F8E3
:107F500020C09E45036A23F01003036202BF036A38
:107F600023F040030362836923F4704343EA02323F
:107F70002CF0A003826143EA0111016280BD000080
:107F800010B540F2004440F4806EC4F20104D0F811
:107F900020C0A645046A24F01004046202BF046AEB
:107FA00024F04004046212024FF2FF0E846922EAB8
:107FB0000E0201F00A0124F4734463F30F322CF033
:107FC000A0032243826143EA0111016210BD000057
:107FD00010B540F2004440F4806EC4F20104D0F8C1
:107FE00020C0A645046A24F48074046202BF046AB7
:107FF00024F480640462C46901F00A0163F3071287
:1080000024F0F3042CF420632243C26143EA0121EB
:10801000016210BD00000000B0B5D0F820C012020F
:10802000D0F820E04FF2FF052EF4805EC0F820E08B
:10803000D0F81CE0AA4301F00A012EF4734463F364
:108040000F322CF420432243C26143EA0131016222
:10805000B0BD00000000000070B500244FF40071B6
:10806000C5F6020400222046FBF7F6FB0E2000F0C6
:108070004FFE40F20C064FF0FF35C2F2000600BF83
:108080007019407800F044FE0135072DF8D14FF407
:10809000007101222046FBF7DFFB04F5C0540821E4
:1080A00001222046FBF7D8FB082100222046FBF7DF
:1080B000D3FB70BD0000000010B5416E01B3016834
:1080C00048F6B65CC0F6000C48F6BE5E8A68C0F69C
:1080D000000E8968C2F342624C0F1CF802301EF891
:1080E00002101A011EF80430B2FBF1F11CF8042052
:1080F000A0F868101201B2FBF3F2A0F86A2010BDDC
:108100000121A0F86A10A0F8681010BD000000005E
:10811000816A0A070CD4CA0715D18A071ED44A07F8
:1081200027D4CA0630D48A0639D44A0655D541E048
:108130000268D0F838C0536823F4004343EA0C03C4
:108140005360CA07E9D00268D0F82CC0536823F402
:10815000003343EA0C0353608A07E0D50268D0F885
:1081600030C0536823F4803343EA0C0353604A075A
:10817000D7D50268D0F834C0536823F4802343EA8B
:108180000C035360CA06CED50268D0F83CC0936891
:1081900023F4805343EA0C0393608A06C5D5026832
:1081A000D0F840C0936823F4005343EA0C03936073
:1081B0004A0612D50268D0F844C0BCF5801F536847
:1081C00023F4801343EA0C03536006D1536823F46D
:1081D000C00C836C43EA0C035360090658BF704718
:1081E0000168C06C4A6822F400221043486070475E
:1081F000B0B582B004460020C4F89000FBF734FB11
:10820000216805460968090719D54FF400110022B5
:108210006FF07E40009020462B4600F059FB70B175
:10822000206850E8000F216820F0800041E800023B
:10823000002AF5D12020C4F8880003202FE0206810
:108240000068400723D54FF4800100226FF07E4084
:10825000009020462B4600F03BFBC0B1206850E860
:10826000000F216820F4907041E80002002AF5D147
:10827000206850E8020F216820F0010041E8020266
:10828000002AF5D12020C4F88C00032007E020202C
:10829000C4F88800C4F88C000020E0662067002144
:1082A00084F8841002B0B0BD016851E8001F026874
:1082B00021F4907142E80013002BF5D14FF6FE7CBB
:1082C000CEF6FF7C026852E8022F036802EA0C0235
:1082D00043E802210029F5D1C16E01290AD100BF6E
:1082E000016851E8001F026821F0100142E8001304
:1082F000002BF5D12021C0F88C100021C166416708
:108300007047000000000000F0B583B00446036829
:10831000806846F6F316D4E90312104362691043ED
:10832000E2691F68CCF6FF76104307EA06021043A5
:10833000186058684FF2FF4720F4405240F6004062
:1083400011435960C5F60000A1698342C1F2FF17CD
:108350001CBF226A11439A6847F6FF363A40C4F2BE
:10836000000611439960DA6A44F2544122F00F0288
:10837000676AC5F602013A43B342DA624FF08002FF
:1083800029DD41F2FF77C4F20107BB424DDC47F61D
:108390000047C4F20007BB4200F07E8041F20007B4
:1083A000C4F20107BB4200F0838041F20047C4F2EF
:1083B0000107BB4240F0CA800A68C2F3C203052B22
:1083C00000F2BB800122DFE813F0C100B600BA0062
:1083D000BC00BE00C00044F6FF37C4F20007BB4239
:1083E00040DD44F60047C4F20007BB4200F06C8059
:1083F00045F20007C4F20007BB4200F0708047F668
:108400000007C4F20007BB4240F0A0800A6802F0F7
:108410000703052B00F291800022DFE813F097009C
:108420008C00900092009400960041F60007C4F280
:108430000107BB4200F05E8041F60047C4F201072D
:10844000BB4200F06280834240F080804A6802F0C4
:108450000703052B00F271800222DFE803F0776C3E
:108460007072747644F20047C4F20007BB4200F019
:10847000578044F60007C4F20007BB4240F0668014
:108480000A6802F00703052B00F257800022DFE89C
:1084900003F05D5256585A5C0A6802F00703052B38
:1084A00000F24B800022DFE803F051464A4C4E5068
:1084B0000A68C2F3C203052B00F23F800122DFE805
:1084C00003F0453A3E4042440A6802F00703052B98
:1084D00033D80022DFE803F03A2F333537390A6802
:1084E00002F00703052B28D80022DFE803F02F2431
:1084F000282A2C2E0A68C2F3C203052B1DD801229C
:10850000DFE803F024191D1F21230A68C2F3C20308
:10851000052B12D80122DFE803F0190E12141618E9
:108520000A6802F00703052B07D80022DFE803F0F2
:108530000E0307090B0D042208E0802206E0082242
:1085400004E0102202E0202200E04022236883425F
:1085500040F60010C0F23D0000F05380E369B3F52F
:10856000004F40F06C80402A00F211810025DFE8C6
:1085700012F0410009010E010E0112010E010E015F
:108580000E0116010E010E010E010E010E010E016B
:108590000E011D010E010E010E010E010E010E0154
:1085A0000E010E010E010E010E010E010E010E0153
:1085B0000E012B010E010E010E010E010E010E0126
:1085C0000E010E010E010E010E010E010E010E0133
:1085D0000E010E010E010E010E010E010E010E0123
:1085E0000E010E010E010E010E010E010E010E0113
:1085F0000E0128010025FCF7E3FE002840F0E6808C
:1086000040E1931E1E2B00F268800027DFE803F094
:10861000106C706C6C6C746C6C6C6C6C6C6C7C6CDA
:108620006C6C6C6C6C6C6C6C6C6C6C6C6C6C8600DC
:108630000027FBF749FD002840F0728062E0402AE5
:1086400000F2E9800025DFE812F04100E100E600D9
:10865000E600EA00E600E600E600EE00E600E600DE
:10866000E600E600E600E600E600F500E600E600CB
:10867000E600E600E600E600E600E600E600E600CA
:10868000E600E600E600E600E6000301E600E6009C
:10869000E600E600E600E600E600E600E600E600AA
:1086A000E600E600E600E600E600E600E600E6009A
:1086B000E600E600E600E600E600E600E600E6008A
:1086C000E600E600E600E600E60000010025FCF713
:1086D00077FE002840F0BD80D4E0402A04D14FF45A
:1086E00000400027E0B90DE000200127C0B909E0F3
:1086F0006846FBF791FD02E06846FBF721FE002784
:10870000019868B93D46BDE051F8540C800649F225
:108710000000C0F2D03000F1BE8000270028F1D068
:10872000616A48F69652C0F600026668012532F882
:10873000112006EB4603B0FBF2F19942C0F0A28093
:108740003303994200F29E8000210023F7F7DEFDFB
:108750000902002341EA10613246000210EB560084
:1087600041F10001F7F7D2FD4FF6FF42A0F540714D
:10877000C0F20F02914203D821683D46C86081E0F3
:1087800001257FE00025FCF72FFEF8B97AE00020F4
:108790000125D8B976E06846FBF73EFD02E0684661
:1087A000FBF7CEFD0025019880B96BE051F8540C21
:1087B000800649F20000C0F2D03076D4002528B9F6
:1087C00060E04FF40040002500285BD0616A48F665
:1087D0009652C0F6000232F811106268B0FBF1F058
:1087E000510801EB4000B0FBF2F0A0F110014FF690
:1087F000EF72914208D84FF6F07122680140C0F341
:1088000042000844D0603DE001253BE00025FCF734
:10881000EBFDF0B936E000200125D0B932E0684622
:10882000FBF7FAFC02E06846FBF78AFD0025019899
:1088300078B927E051F8540C800649F20000C0F2E4
:10884000D0303CD4002520B91CE04FF40040002576
:10885000C0B1616A48F69652C0F6000232F81110B3
:108860006268B0FBF1F000EB5200B0FBF2F0A0F157
:1088700010014FF6EF72914203D880B22168C860B0
:1088800000E001254FF00110A0660020C4E91D00A2
:10889000284603B0F0BD51F8541C0027C1F3C101B4
:1088A000C84000287FF43CAF2CE751F8541C002549
:1088B000C1F3C101C84000287FF488AFE2E751F856
:1088C000541C0025C1F3C101C8400028C1D1D9E71B
:1088D0002DE9F04381B004460068C0690840401AA1
:1088E000B0FA80F0400990423DD1DDF820800D467D
:1088F0001646994608F1010709E000BF2068C069E3
:108900002840401BB0FA80F04009B0422FD1002F20
:10891000F4D0FAF7A9FFB8F1000F01464FF00300B9
:1089200026D0A1EB0901414522D8206801684907FA
:10893000E4D5402D18BF802DE0D0C16909071AD4B5
:10894000C1690905DAD54FF4006101622046FFF7DD
:10895000ABFC2020C4F89000002084F884000320A1
:1089600001B0BDE8F083002001B0BDE8F083002035
:1089700001B0BDE8F083082505622046FFF794FCAE
:10898000C4F89050002084F88400012001B0BDE8B4
:10899000F083000000000000FEE70000000000007F
:1089A000002848BF70474EF2801300F01F014009B5
:1089B000CEF20003012202FA01F143F82010BFF3C6
:1089C0004F8FBFF36F8F7047002848BF704700F08C
:1089D0001F01012202FA01F14EF200124009CEF20B
:1089E000000242F8201070474EF60C50CEF2000004
:1089F0000068C0F3022070474EF6145300F00F02D7
:108A0000CEF20003B0F1FF3F1A4400F16043C8BF4B
:108A100003F5644208011070704700000000000078
:108A20004EF60C514FF6FF03CEF200010A681A40D1
:108A300060F30A2242F0806040F0FD7008607047E9
:108A4000F0B58BB0044601274777006800260A96E8
:108A5000CDE908660D46CDE90666FDF7C5FA206842
:108A60000021FDF7ADFC2068FDF74AF944F2E04033
:108A7000C5F60200016841F001010160006806A925
:108A800000F0010001900198202006900220CDE91D
:108A900007000320CDE909070020C5F60200FAF718
:108AA000FFFDF5B120684FF0804101600421C0E96D
:108AB00001164FF0FF31C0E90316FDF759F905968D
:108AC0000720CDE90366019050200290206801A99B
:108AD000FDF786FD206801684E62FDF725FA0BB0B0
:108AE000F0BD00F0B5F820686FF0030201680A617C
:108AF000FDF71AFA20680021FDF79EFB0BB0F0BDD0
:108B00004EF61454CEF20004FEF7CAF82068800333
:108B100012D4BFF34F8FBFF36F8F0020C4F83C0215
:108B2000BFF34F8FBFF36F8F206840F40030206099
:108B3000BFF34F8FBFF36F8F2068C00328D400208E
:108B40002067BFF34F8FE06E43F6E07CC0F3C902AD
:108B5000C0F34E3102F1010E900700BF0CEA411341
:108B60000246754642EA0306013D02F14042C4F85E
:108B70004C62F7D10029A1F10101EFD1BFF34F8F72
:108B8000206840F480302060BFF34F8FBFF36F8FB9
:108B9000FAF782FEFEF7C4FEFEF70EFDFEF7E4F9DB
:108BA000FEF77AF9FEF79CF9FEF7AEFAFEF7CCF87D
:108BB000FEF726F9FEF798FBFEF756FBFEF7E4FA00
:108BC000FEF7FEFBFEF7BCFBFEF772FE00F040F87E
:108BD0004FF4FA70FAF740FCFDF752FE9FED1A0AC7
:108BE000F7F74AFC4FF42F70F7F726FC40F200002D
:108BF00040F28C21C3F20000C2F20001F8F794F9B0
:108C000040F2D820C2F20000FDF78EF940F22C00AD
:108C100040F20001C2F20000C2F200414FF40062D3
:108C2000F9F7AEF868B940F29C0042F20001C2F2D6
:108C30000000C2F200414FF40062F9F7A1F800B958
:108C4000FEE7F8F779F800BF0000FA4400000000E2
:108C500010B58CB040F28C200021C2F200004FF021
:108C60008042CDE90A11CDE90811CDE90611CDE91F
:108C70000411CDE90211CDE9001102600422C0E91E
:108C800001214FF0FF32C0E9032180218161FDF70E
:108C90006FF808B1F8F750F840F28C20C2F20000EB
:108CA000FDF796FA08B1F8F747F80420079050202E
:108CB000089040F28C2007A9C2F200000024099419
:108CC0000B94FDF78DFC08B1F8F736F840F28C20D4
:108CD00004A9C2F2000004940694FCF7A1FF08B1B5
:108CE000F8F72AF80020009001210390CDE9011047
:108CF00040F28C206946C2F200000022FDF718FA0B
:108D000008B1F8F719F80CB010BD00000000000021
:108D10002DE9F04100258046C5F602054FF480712B
:108D2000002228460027FAF797FD802405F5006603
:108D300014EA08024FF40071304618BF0122FAF716
:108D40008BFD4FF4807101222846FAF785FD4FF420
:108D50008071002228466408FAF77EFD072F07F18C
:108D60000107E5D3BDE8F08102E008C8121F08C181
:108D7000002AFAD170477047002001E001C1121F9C
:108D8000002AFBD170470000000001020304010229
:108D90000304060708090100020004000600080099
:108DA0000A000C00100020004000800000010100BB
:108DB0000000050F41320101010307010000080412
:108DC0000204080101010000088E000800000020D4
:108DD00020000000688D0008408E0008000000247C
:108DE00000400000F4030008C48E000800000030BA
:108DF0002C000000688D0008288E0008200000204C
:108E000080440000788D00080090D0030090D003CB
:108E1000004000003FFF000025097B4201000000E8
:108E20001000000000000000000000000000000032
:108E30000000000000000000000000000000000032
:108E400001FF01FF01FF01FF01FF01FF01FF01FF22
:108E500001FF01FF01FF01FF01FF01FF01FF01FF12
:108E600001FF01FF01FF01FF01FF01FF01FF01FF02
:108E700001FF01FF01FF01FF01FF01FF01FF01FFF2
:108E800001FF01FF01FF01FF01FF01FF01FF01FFE2
:108E900001FF01FF01FF01FF01FF01FF01FF01FFD2
:108EA00001FF01FF01FF01FF01FF01FF01FF01FFC2
:108EB00001FF01FF01FF01FF01FF01FF01FF01FFB2
:108EC0000181000000000000000000000000000020
:108ED0000000000000000000000000000000000092
:108EE0000000000000000000000000000000000082
:04000005080002CD20
:00000001FF
