:020000040800F2
:1000000020440020E1020008F9930008C98B000891
:10001000F5930008FD0D0008BDAA000800000000CF
:10002000000000000000000000000000FD98000833
:100030009D1300080000000031950008FF9800089B
:10004000FF020008FF020008FF020008FF0200088C
:10005000FF020008FF020008FF020008FF0200087C
:10006000FF020008FF020008FF020008010E00085E
:10007000110E0008210E0008FF020008FF02000810
:10008000FF020008FF020008ED0D0008FF02000853
:10009000FF020008FF020008FF020008FF0200083C
:1000A000FF020008FF020008FF020008FF0200082C
:1000B000FF020008FF020008FF020008FF0200081C
:1000C000FF020008FF020008FF020008FF0200080C
:1000D000FF020008ADA80008FF020008B5A900084B
:1000E000FF020008FF02000800000000FF020008F5
:1000F000FF020008FF020008FF020008FF020008DC
:10010000FF020008FF020008FF020008FF020008CB
:10011000FF020008FF020008FF020008FF020008BB
:10012000FF020008FF020008FF020008FF020008AB
:10013000FF020008FF020008FF020008FF0200089B
:1001400000000000000000000000000000000000AF
:10015000FF020008FF020008FF020008FF0200087B
:10016000FF020008FF020008FF020008FF0200086B
:10017000FF020008FF020008FF0200080000000064
:10018000FF020008FF020008FF020008FF0200084B
:10019000FF020008FF020008FF020008FF0200083B
:1001A000FF020008FF020008FF0200080000000034
:1001B000FF020008FF020008FF020008FF0200081B
:1001C000FF020008FF02000800000000000000001D
:1001D0000000000000000000FF0200080000000016
:1001E000000000000000000000000000000000000F
:1001F0000000000000000000FF020008FF020008ED
:10020000FF020008FF02000800000000FF020008D3
:10021000FF020008FF020008FF020008FF020008BA
:10022000FF02000800000000FF02000800000000BC
:10023000FF020008FF02000800000000FF020008A3
:10024000FF020008FF020008FF020008FF0200088A
:10025000FF020008FF020008FF020008FF0200087A
:10026000FF020008FF020008FF020008FF0200086A
:10027000FF020008FF020008FF0200080000000063
:10028000FF020008FF020008FF020008FF0200084A
:1002900000000000FF020008FF020008000000004C
:1002A00000000000FF020008FF020008FF02000833
:1002B000FF020008FF020008FF020008FF0200081A
:1002C000FF020008FF020008FF020008DFF80CD060
:1002D00000F0CAFA0048004749B80008204400204E
:1002E000074880470748804707480047FEE7FEE782
:1002F000FEE7FEE7FEE7FEE7FEE7FEE7FEE7FEE7D6
:10030000B9130008C9990008CD0200082DE9F05F73
:100310000546002092469B46884606468146402474
:100320001BE0284641464746224600F09EF85346C9
:100330005A46C01A914110D311461846224600F081
:1003400016F82D1A67EB01084F46224601200021BE
:1003500000F00DF817EB00094E41201EA4F1010436
:10036000DFDC484631462A464346BDE8F09F202A56
:1003700004DB203A00FA02F1002070479140C2F1FC
:10038000200320FA03F3194390407047202A06DB2C
:10039000CB17203A41FA02F043EAE07306E041FA53
:1003A00002F3D040C2F12002914008431946704741
:1003B00040EA01039B0703D009E008C9121F08C0E7
:1003C000042AFAD203E011F8013B00F8013B521E67
:1003D000F9D27047D2B201E000F8012B491EFBD2DE
:1003E00070470022F6E710B513460A460446194640
:1003F000FFF7F0FF204610BD421C10F8011B00293A
:10040000FBD1801A704710B5002200E0521C835CBB
:100410008C5CA34201D1002BF8D1D8B2E1B2401AD2
:1004200010BD30B4044696230800214604D0B623FC
:1004300030BC002200F032B820460021F8E730B589
:100440000B46014600202022012409E021FA02F592
:100450009D4205D303FA02F5491B04FA02F528442C
:10046000151EA2F10102F1DC30BD202A04DB203A86
:1004700021FA02F00021704721FA02F3D040C2F1C4
:10048000200291400843194670470029A8BF7047D1
:10049000401C490008BF20F00100704710B4B0FABA
:1004A00080FC00FA0CF050EA010404BF10BC704755
:1004B00049B1CCF1200421FA04F411FA0CF118BF6F
:1004C000012121430843A3EB0C01CB1D4FEA00613E
:1004D0004FEA102042BF002010BC704700EBC35011
:1004E00010440029A4BF10BC7047401C490008BF3D
:1004F00020F0010010BC70472DE9FE4F804681EAD4
:100500000300C00F0C46009021F0004123F000458D
:10051000B8EB0200A94105D24046214690461C4650
:100520000B46024623F00040104347D0270DC7F387
:100530000A00C3F30A510290401A019040286BDA76
:10054000C3F3130040F4801B0098924620B10023AF
:10055000D2EB030A63EB0B0B01985946C0F1400242
:100560005046FFF704FF06460D4650465946019A8D
:10057000FFF70CFF10EB08006141002487EA1152DD
:1005800084EAE7731A4340D0009A62B3019A012AC1
:100590004FEA075215DC001B61EB02014FF00042ED
:1005A00002EA0752CDE90042001C41F580113246B3
:1005B0002B4600F07AF903B0BDE8F08F40462146A3
:1005C000F9E7001B61EB0201001C41F580130018E4
:1005D0005B412018A2F5001747EB030140EAD570F4
:1005E000B6196D4111E06D084FEA360645EAC0754F
:1005F0004FEA0752001B61EB0201001C41F580111C
:1006000049084FEA30000019514132462B4603B0E9
:10061000BDE8F04F00F03AB90098012240000023F5
:10062000D0EB020263EBE073009821464FEAE074DE
:10063000B8EB000061EB0401E9E783F000435BE7FE
:1006400081F0004158E72DE9FE4F81EA030404F0F0
:10065000004421F0004100944FF0000B23F00043D0
:1006600050EA01045ED052EA03045BD0C3F30A549B
:10067000C1F30A552C44A4F2F3340194A0FB0254B4
:10068000C1F3130141F48011C3F3130343F4801346
:1006900001FB024400FB034E840A970A44EA81549A
:1006A00047EA8357A4FB076802958D0A05FB078577
:1006B0004FEA932C04FB0C542705029D4FEA065881
:1006C00047EA1637B5EB08056EEB070C870E920E5E
:1006D00047EA811742EA8312A7FB0201B6EB0B013E
:1006E00064EB00042B0D43EA0C335E1844EB1C5002
:1006F000DA465146E7FB0201C5F313044FEA0B3318
:1007000043EA14534FEA0432019C43EA0603A4F17E
:100710000C040294009CCDE900B400F0C6F803B0CC
:10072000BDE8F08F00200146F9E72DE9F04D81EAA0
:10073000030404F0004B21F0004514464FF0000A7A
:1007400023F0004150EA050220D054EA01021DD0F6
:10075000C5F30A570246C5F31303C1F31300C1F3EF
:100760000A5640F4801543F48013A7EB0608101BCB
:10077000D64608F2FD3873EB050002D308F10108F4
:1007800001E092185B41B8F1000F03DA0020014646
:10079000BDE8F08D00204FF48011064684460EE03F
:1007A000171B73EB050705D3121B63EB0503064309
:1007B0004CEA010C49084FEA300092185B4150EABC
:1007C0000107EDD152EA030012D082EA040083EA65
:1007D0000501084305D0101BAB4106D201220023BE
:1007E00006E000224FF0004302E06FF001025310D8
:1007F0001AEB06004CEB085110EB0A0041EB0B0121
:10080000BDE8F04D00F042B8C1F30A52C1F3130144
:1008100040F2FF3341F480119A4202DA002001468F
:10082000704740F233439A42A2F2334202DC524212
:10083000FFF71BBEFFF79BBD30B5041E71F100042E
:1008400004DB4FF00044404264EB0101141E73F1DD
:10085000000405DB1C464FF00043524263EB0403E7
:10086000994208BF904230BD064C074D06E0E06853
:1008700040F0010394E8070098471034AC42F6D3E7
:10088000FFF728FD18BC000848BC000810B5141E6E
:1008900073F1000408DA401C41F1000192185B4139
:1008A0001A4301D120F0010010BD2DE9F04D924610
:1008B0009B4611B1B1FA81F202E0B0FA80F2203227
:1008C0009046FFF754FD04460F4640EA0A0041EA0D
:1008D0000B0153465A46084313D0114653EA010010
:1008E00019D0C8F140025046FFF7BFFD05460E463D
:1008F000504659464246FFF73AFD084305D00120CD
:1009000004E020463946BDE8F08D0020054346EA64
:10091000E0762C4337430A986305E40AA0EB08000D
:100920000022FD0A44EA47540A3002D5002001465D
:10093000E9E7010510196941DDE908450019694138
:10094000BDE8F04DA2E730B58C1810F8012B12F07D
:100950000F0301D110F8013B120906D110F8012B49
:1009600003E010F8015B01F8015B5B1EF9D101E0C7
:1009700001F8013B521EFBD1A142E6D3002030BD5D
:1009800070B5044643492068884203D04249206834
:10099000884208D14148006800F4403008B1012085
:1009A00009E0002007E03E48006800F4403008B14C
:1009B000012000E00020B8B106F0EEFC05466068BA
:1009C000B0F5803F06D0B0F5003F04D0B0F5403F11
:1009D00008D105E000BF6068000CB5FBF0F502E04F
:1009E000AD0800E000BF2BE04FF40020002105F02F
:1009F00009F905466068C0F31101F9B980140C28A3
:100A00001CD2DFE800F01B060708090A0B111315BA
:100A1000171900BF00BF00BF00BF00BF6068800C97
:100A20004000B5FBF0F50AE02D0908E06D0906E08D
:100A3000AD0904E0ED0902E02D0A00E000BF00BFAF
:100A40006D081848854206D82068806820F44070F8
:100A5000216888601DE01448854208D820688068B5
:100A600020F4407040F480702168886011E00F48E5
:100A7000854208D82068806820F4407040F40070F7
:100A80002168886005E02068806840F44070216833
:100A9000886070BD0020024000210240082302400F
:100AA00008630258105E5F0020BCBE0040787D01E4
:100AB0002DE9F05F044688464FF00009474620685C
:100AC00008F0C2F88246206808F0A5F88346BAF11B
:100AD000000F02D1BBF1000F72D02068C06800F097
:100AE000007000B3607E01281DD1207E01281AD13C
:100AF00001270FE0334881450AD3206E40F01000F3
:100B00002066606E40F0010060660120BDE8F09F45
:100B100009F1010920680068C0F380100028E9D0BD
:100B2000402021680860022F10D0206808F08CF85F
:100B300060B1206808F074F840B920688168224AE2
:100B4000114041F01001816000BF00BF012F10D0A3
:100B5000206808F060F860B1206808F061F840B9DA
:100B600020688168184A114041F02001816000BF6F
:100B700000BF022F03D0032F03D10C2503E008256B
:100B800001E0042500BF00BF03F0D2FE064612E0DC
:100B900003F0CEFE801B05280DD920688068284010
:100BA00048B1206E40F010002066606E40F00100F9
:100BB00060660120AAE72068806828400028E7D105
:100BC0000020A3E700DC0C00C0FFFF7F70B50546E6
:100BD000AC6B206E00F0500098BB206E40F40070AB
:100BE00020662068006800F00800A8B1206808F0BE
:100BF00035F810B32068C06800F40050E8B9206EE2
:100C000020F480702066206E00F48050A8B9206E19
:100C100040F00100206610E02068C06800F003008A
:100C200058B9206E20F480702066206E00F4805049
:100C300018B9206E40F001002066204601F0C2F98C
:100C40000CE0FFE7206E00F0100018B1204601F024
:100C5000CAF903E0A06DC16C2846884770BD70B525
:100C60000546AC6B206E40F040002066606E40F0A0
:100C700004006066204601F0B6F970BD70B5044608
:100C8000A56B284601F0AEF970BD000070B50446B2
:100C9000206807F0C5FF0646206807F0C6FF98B336
:100CA00096BB2068806800F00D0001280AD12068FA
:100CB00081681A4A1140891C816000BF03202168A5
:100CC000086009E0206E40F010002066606E40F081
:100CD00001006066012070BD03F02AFE054614E0A5
:100CE00003F026FE401B02280FD92068806800F020
:100CF000010050B1206E40F010002066606E40F0A0
:100D0000010060660120E6E705E02068806800F0E9
:100D100001000028E4D10020DDE70000C0FFFF7FD4
:100D200070B50446206807F080FF002851D1206884
:100D300080682949084048B1206E40F010002066C4
:100D4000606E40F001006066012070BD206807F011
:100D500047FF03F0EDFD0546204A2168914203D08C
:100D60001F4A2168914201D11E4900E01E490846F0
:100D700007F043FF06461A492068884201D1174808
:100D800000E020682168884200D00EBB1AE020688D
:100D900007F04BFF10B9206807F022FF03F0C8FDF1
:100DA000401B02280ED92068006800F0010048B9F5
:100DB000206E40F010002066606E40F0010060661A
:100DC0000120C2E72068006800F001000028DED0A2
:100DD00000BF0020B9E700003F0000800020024073
:100DE00000210240002302400063025810B502486F
:100DF00001F0FAF810BD00004000002000BFFEE73F
:100E000010B5024802F0ECF910BD0000B00000205F
:100E100010B5024802F0E4F910BD00002C030020D8
:100E200010B5024802F0DCF910BD0000A403002058
:100E30000146374A0868904249D0354A1832086856
:100E4000904244D0324A3032086890423FD0304A13
:100E50004832086890423AD02D4A60320868904281
:100E600035D02B4A78320868904230D0284A9032E8
:100E7000086890422BD0264AA8320868904226D0B3
:100E8000244A0868904222D0224A183208689042C8
:100E90001DD0204A30320868904218D01D4A48328E
:100EA0000868904213D01B4A6032086890420ED006
:100EB000184A78320868904209D0164A9032086879
:100EC000904204D0134AA8320868904201D1012010
:100ED00000E00020B0B10A78103A1823B2FBF3F01A
:100EE00000F007020C4B9A5CCA65032805D90A6812
:100EF0006FF30902121D8A6503E00A686FF30902A5
:100F00008A6503E0086820F0FF008865886D7047F7
:100F10001000024010040240D8BB000810B502685F
:100F20002B4C0368A34222D0294C14340368A342FB
:100F30001DD0274C28340368A34218D0244C3C34DD
:100F40000368A34213D0224C50340368A3420ED04E
:100F50001F4C64340368A34209D01D4C78340368E5
:100F6000A34204D01A4C8C340368A34201D101235C
:100F700000E000238BB10378083B1424B3FBF4F1A9
:100F8000144B03EB81030366124B8033436601F07D
:100F90001F040123A340836618E00378103B182444
:100FA000B3FBF4F10C4B9A4204D80B4BA83B9A428A
:100FB00000D30831094B03EB81030366074B8033F1
:100FC000436601F01F040123A340836610BD0000A7
:100FD0000854025800580258B80402400008024061
:100FE0000179A9B3082940D8204B02689A4222D03F
:100FF0001E4B143302689A421DD01C4B28330268E2
:101000009A4218D0194B3C3302689A4213D0174BBE
:10101000503302689A420ED0144B643302689A42ED
:1010200009D0124B783302689A4204D00F4B8C33AC
:1010300002689A4201D1012200E000224AB14A1E10
:101040000B4B03EB8202C266094A4032026708E09A
:101050000BE04A1E074B03EB8202C266054A403290
:1010600002674A1E012393404367704708540258A1
:101070000059025800090240014600208A69D2B98D
:101080008A6A32B1012A0DD0022A03D0032A10D174
:101090000EE000BFCA6A02F08072B2F1807F00D118
:1010A000012007E0CA6AB2F1C07F00D1012001E04F
:1010B00000E000BF36E08A69B2F5005F1BD18A6AA2
:1010C00032B1012A07D0022A03D0032A11D10AE043
:1010D00000BF01200EE0CA6A02F08072B2F1807F88
:1010E00000D1012006E0CA6AB2F1C07F00D1012020
:1010F00000E000BF16E08A6A32B1012A05D0022A58
:1011000004D0032A0CD103E000BF00BF012008E097
:10111000CA6A02F08072B2F1807F00D1012000E043
:1011200000BF00BF70470000F0B5856D846D984F1B
:101130000668BE4270D0964F18370668BE426BD024
:10114000934F30370668BE4266D0914F48370668E5
:10115000BE4261D08E4F60370668BE425CD08C4F75
:1011600078370668BE4257D0894F90370668BE422E
:1011700052D0874FA8370668BE424DD0854F0668CB
:10118000BE4249D0834F18370668BE4244D0814FD3
:1011900030370668BE423FD07E4F48370668BE42B1
:1011A0003AD07C4F60370668BE4235D0794F7837E9
:1011B0000668BE4230D0774F90370668BE422BD0CB
:1011C000744FA8370668BE4226D0734F0668BE42E9
:1011D00022D0714F14370668BE421DD06E4F28379B
:1011E0000668BE4218D06C4F3C370668BE4213D02A
:1011F000694F50370668BE420ED0674F64370668A5
:10120000BE4209D0644F78370668BE4204D0624FB0
:101210008C370668BE4201D1012600E000263EB1AF
:10122000D0E919767E60C66E16B1D0E91C767E6074
:10123000574F0668BE4249D0554F18370668BE4220
:1012400044D0534F30370668BE423FD0504F4837E6
:101250000668BE423AD04E4F60370668BE4235D06F
:101260004B4F78370668BE4230D0494F90370668FA
:10127000BE422BD0464FA8370668BE4226D0454F07
:101280000668BE4222D0434F18370668BE421DD0C2
:10129000404F30370668BE4218D03E4F4837066888
:1012A000BE4213D03B4F60370668BE420ED0394F66
:1012B00078370668BE4209D0364F90370668BE427E
:1012C00004D0344FA8370668BE4201D1012600E0A1
:1012D0000026DEB190F85C6006F01F073F26BE4096
:1012E000AE600668366826F4802607683E600668A9
:1012F00073608668402E04D10668B2600668F160AB
:1013000044E00668B1600668F2603FE0224F06687C
:10131000BE4222D0204F14370668BE421DD01E4F59
:1013200028370668BE4218D01B4F3C370668BE42BD
:1013300013D0194F50370668BE420ED0164F64378F
:101340000668BE4209D0144F78370668BE4204D002
:10135000114F8C370668BE4201D1012600E00026FD
:10136000A6B190F85C6006F01F070126BE406660DB
:10137000066873608668402E04D10668B26006680D
:10138000F16003E00668B1600668F260F0BD00003D
:101390001000024010040240085402587047000038
:1013A00072B606E00121034803F0B2FA642003F0AC
:1013B0000DF9F7E7000402580748006840F0020002
:1013C0000549086000BF04480838006800F4005070
:1013D0000028F8D0704700000C4802580246086800
:1013E000B0B9D1E901031843CB6818430B6918431E
:1013F0004B6918438B691843CB6918430B6A184330
:101400004B6A184313686FF30E031843106019E01A
:10141000D1E9070318434B6A1843136823F4F843D0
:1014200018431060D1E901031843CB6818430B69D6
:1014300018434B6918438B69184353686FF30E03C5
:1014400018435060002070470246506943F6FE730F
:10145000984340EA410050610020704710B50346B0
:10146000D1E9000420438C68641E40EA4410CC6833
:1014700040EA44201C696FF31504204318610020E2
:1014800010BD000030B50346FAB90868401E4C682C
:10149000641E40EA04148868401E44EA0024C868B8
:1014A000401E44EA0034088A401E44EA0044888A08
:1014B000401E44EA0054087E401E44EA00609C68D6
:1014C00004F070442043986022E0C868401E040382
:1014D000888A401E44EA00509C680E4D2C402043F0
:1014E00098600868401E4C68641E40EA04148868CE
:1014F000401E44EA0024088A401E44EA0044087E54
:10150000401E44EA0060DC6804F070442043D86068
:10151000002030BDFF0F0FFFF8B504460D461646FC
:101520000020009000BF94F85C00012801D1022047
:10153000F8BD012084F85C0000BF2046FFF7A6FB41
:101540000746A7BB206E20F4885040F002002066BA
:10155000206805F4803141F0004106F080421143DB
:101560008268194B1A401143816000BF13E0009854
:10157000401C00901549009888420CD3206E20F042
:10158000020040F01000206600BF002084F85C00DC
:1015900000BF0120CCE720688168C90F0029E6D18F
:1015A000206E20F0020040F00100206604E0FFE71A
:1015B000206E40F01000206600BF002084F85C0020
:1015C00000BF3846B4E70000C0FFFE3F00F8C32567
:1015D0007047704770477047704700002DE9F0432F
:1015E0009DB004460E464FF00008306800B100BFC1
:1015F00000BF94F85C00012803D102201DB0BDE8B3
:10160000F083012084F85C0000BF002019901A903C
:1016100046492068884202D14548019001E00020F7
:101620000190019850B9206E40F02000206600BF64
:10163000002084F85C0000BF0120DFE7019807F07C
:1016400008FB0746206807F004FB002861D1002F43
:101650005FD136492068884203D0354920688842E6
:1016600001D1344800E034480546306858B3A868D2
:1016700020F4404071680843A8602C4920688842E3
:1016800003D02B492068884201D12A4800E02A482B
:101690002849884209D1254807F0CCFA81462448D8
:1016A00007F0C8FA49EA000002E0244807F0C2FA4D
:1016B00070BBB16830680843A96840F61F72914357
:1016C0000843A8602BE0A86820F44040A8601749B0
:1016D0002068884203D016492068884201D1154805
:1016E00000E015481349884209D1104807F0A2FAD2
:1016F00081460F4807F09EFA49EA000002E00F48D1
:1017000007F098FA20B9A86840F61F718843A860CE
:1017100005E0206E40F0200020664FF0010800BF79
:10172000002084F85C0000BF404667E700200240CC
:10173000002102400023024000630258006002586A
:101740002DE9F84F04460D464FF0000A00200090A6
:1017500094F84400012800D105E0F9492068884246
:1017600000D100E000BFF749E868884200D00EE0F1
:10177000F5492068884200D100BFF44920688842BA
:1017800000D100BFEE492068884200D100BF00BFF1
:1017900094F85C00012802D10220BDE8F88F0120F6
:1017A00084F85C0000BF206807F04EFA002871D171
:1017B000286800F00040C8B9E1492068884215D087
:1017C0002068C1692868C0F3130018B92868C0F3FD
:1017D000846004E0286890FAA0F0B0FA80F000F08D
:1017E0001F020120904001432068C1612168D5E9B2
:1017F000002001F1300CC0F3012B0CEB8B03D3F86C
:1018000000C000F01F0E4FF01F0B0BFA0EFB2CEA6E
:101810000B0C00F01F0BC2F3846E0EFA0BFE4CEAA9
:101820000E0CC3F800C000BF206807F00DFA814617
:10183000206807F0F0F90746B9F1000F7ED1002FBC
:10184000FCD12168AA68286801F1140CC0F3406B30
:101850000CEB8B03D3F800C0C0F3045E4FF0070B12
:101860000BFA0EFB2CEA0B0CC0F3045B02FA0BFB29
:101870004CEA0B0CC3F800C000BFB1492068884295
:1018800009D168692168C968C1F3C101490000FA3A
:1018900001F825E04BE3AE48006800F07040B0F17D
:1018A000805F07D168692168C968C1F38201490076
:1018B000884014E02068C06800F0100038B96869FA
:1018C0002168C968C1F382014900884007E068695E
:1018D0002168C96801F010018908490088408046E4
:1018E000286904287CD021684346D5F810C02A68AE
:1018F00001F1600B0BEB8C00DFF844B259450AD1C3
:10190000D0F800B002F0F84E4EF0004E4EEA030E52
:10191000C0F800E00BE0D0F800B00BF0004B02F094
:10192000F84E4EEA030E4BEA0E0BC0F800B000BFB3
:1019300083492068884231D1206800E016E1EA69D5
:1019400029697F4B98420CD100F1600C0CEB8103AC
:10195000D3F800C02CF0807C4CEA020CC3F800C025
:1019600000BF00BF206895F820202969012A01D115
:10197000520600E000221346714A90420CD100F159
:10198000600C0CEB8102D2F800C02CF0007C4CEA19
:10199000030CC2F800C000BF00BF20E1206895F82A
:1019A00021202969012A01D1D20700E00022134633
:1019B000634A90420CD000F1600C0CEB8102D2F82B
:1019C00000C02CF0004C4CEA030CC2F800C000BF71
:1019D00000BF20682B7E2969012B02D1DB0201E0C8
:1019E0000DE000231A46036923F4F04301F01F0CB5
:1019F00002FA0CFC43EA0C03036100BFEFE050491C
:101A00002068884271D10021206807F0FBF8C0F3FC
:101A1000130030B90021206807F0F4F8C0F38460A7
:101A200007E00021206807F0EDF890FAA0F0B0FA86
:101A300080F02968C1F3130119B92968C1F38461E1
:101A400004E0296891FAA1F1B1FA81F1884204D148
:101A500000221146206807F019F90121206807F0DB
:101A6000D1F8C0F3130030B90121206807F0CAF89B
:101A7000C0F3846007E00121206807F0C3F890FA02
:101A8000A0F0B0FA80F02968C1F3130119B92968F0
:101A9000C1F3846104E0296891FAA1F1B1FA81F1FE
:101AA000884204D100220121206807F0EFF80221CA
:101AB000206807F0A7F8C0F3130030B902212068AE
:101AC00007F0A0F8C0F3846007E00221206807F067
:101AD00099F890FAA0F0B0FA80F02968C1F31301E8
:101AE00021B92968C1F3846105E040E0296891FAD1
:101AF000A1F1B1FA81F1884204D1002202212068CB
:101B000007F0C4F80321206807F07CF8C0F3130045
:101B100030B90321206807F075F8C0F3846007E04E
:101B20000321206807F06EF890FAA0F0B0FA80F078
:101B30002968C1F3130169B92968C1F384610EE012
:101B4000006002580000FF470020024000210240D0
:101B50000010005C296891FAA1F1B1FA81F1884284
:101B60003DD100220321206807F090F837E020687B
:101B7000006E00F0F8402978B0EB816F05D1206845
:101B8000006E20F00040216808662068406E00F07A
:101B9000F8402978B0EB816F05D12068406E20F0C5
:101BA0000040216848662068806E00F0F84029787F
:101BB000B0EB816F05D12068806E20F00040216875
:101BC00088662068C06E00F0F8402978B0EB816F1D
:101BD00005D12068C06E20F000402168C8662068EA
:101BE00007F023F800286FD12068EA682968D64BEF
:101BF000984212D1D0F8B030C1F3130C23EA0C0391
:101C000002F0180BDFF844C32CFA0BFC0CEA010CB1
:101C100043EA0C03C0F8B03011E0D0F8C030C1F393
:101C2000130C23EA0C0302F0180BDFF820C32CFA84
:101C30000BFC0CEA010C43EA0C03C0F8C03000BFF7
:101C4000C349E868884270D1C24B206898423ED1AF
:101C5000C14B2A689A4201D10122B2E0BF4B2A68E7
:101C60009A4201D1BE4AACE0BE4B2A689A4201D1E9
:101C7000BD4AA6E0BD4B2A689A4201D1BC4AA0E009
:101C8000BC4B2A689A4201D1BB4A9AE0BB4B2A68F6
:101C90009A4201D1BA4A94E0B94B2A689A4201D1DA
:101CA000B84A8EE0B74B2A689A4201D1B64A88E01A
:101CB000B64B2A689A4201D1B54A82E0B54B2A68F0
:101CC0009A4202D1B44A7CE0D6E0002279E0B34BDC
:101CD00022689A4238D1A04B2A689A4201D1012247
:101CE0006FE09E4B2A689A4201D19D4A69E09D4B64
:101CF0002A689A4201D19C4A63E09C4B2A689A4226
:101D000001D19B4A5DE09B4B2A689A4201D19A4AD5
:101D100057E09A4B2A689A4201D1994A51E0984B70
:101D20002A689A4202D1974A4BE062E0954B2A68B2
:101D30009A4201D1944A44E0964B2A689A4201D1D2
:101D4000954A3EE000223CE07F4B22689A4237D120
:101D5000814B2A689A4201D1012232E07F4B2A68E6
:101D60009A4201D17E4A2CE07E4B2A689A4201D1E8
:101D70007D4A26E07D4B2A689A4201D17C4A20E0C8
:101D80007C4B2A689A4201D17B4A1AE07B4B2A6835
:101D90009A4201D17A4A14E0794B2A689A4201D1D9
:101DA000784A0EE0784B2A689A4201D17C4A08E0D2
:101DB0007B4B2A689A4201D17A4A02E0002200E075
:101DC00000221146604A904211D0C369C1F3130248
:101DD00012B9C1F3846203E091FAA1F2B2FA82F27D
:101DE00002F01F0C012202FA0CF21343C36100BF80
:101DF00000BF286800F00040F0B3564A21689142C5
:101E000003D0664A2168914201D1674900E06749E1
:101E10000846816801F0E07600BF4E49206888429C
:101E200003D05E492068884201D15F4800E05F48E6
:101E30005D49884209D1474806F0F7FE8346574876
:101E400006F0F3FE4BEA000002E03F4806F0EDFE2C
:101E5000F0BB57492868884228D106F4000028BB07
:101E600039492068884268D13A4B22689A4205D0A5
:101E70004A4B22689A4200E035E001D14A4A00E02C
:101E80004A4A104646F4000106F0FAFE4948006846
:101E90004949B0FBF1F0401C4000009002E000987E
:101EA000401E009000980028F9D146E04349286878
:101EB000884219D106F08070B0B923492068884261
:101EC0003BD1244B22689A4205D0344B226800E073
:101ED00026E09A4201D1344A00E0344A104646F0E6
:101EE000807106F0CDFE28E035492868884224D16B
:101EF00006F4800008BB1449206888421DD1154BA8
:101F000022689A4203D0254B22689A4201D1264A80
:101F100000E0264A104646F4800106F0B1FE0CE0CF
:101F2000206E40F0200020664FF0010A05E0206E90
:101F300040F0200020664FF0010A00BF002084F826
:101F40005C0000BF504628E400600258FFFF0F000D
:101F50000000FF4700200240020030040400600837
:101F6000400020190800900C8000501D1000C01087
:101F7000000180212000F0140002B0250004002A96
:101F80000008302E001060320020903600002143FF
:101F9000000052470000844B0000B84F002102406F
:101FA0000040C03A0080F03E002302400063025827
:101FB000000052C714000020400D0300000021C3A0
:101FC000000084CB054A0168914205D10449097893
:101FD00011B90121024A117070470000002002402F
:101FE0003C000020704770472DE9F84F0446002060
:101FF00000902068056820684668CD4A21689142B3
:1020000003D0CC4A2168914201D1CB4900E0CB49B1
:10201000084606F0F2FD074605F00200022811D13D
:1020200006F0020002280DD1206E00F0100018B951
:10203000206E40F4006020662046FFF7C9FA0220B7
:102040002168086005F00400042803D106F00400AC
:10205000042807D005F0080008285DD106F0080024
:10206000082859D1206E00F0100018B9206E40F4F5
:1020700000702066206806F0F1FD002846D0AD49CA
:102080002068884201D1AA4800E02068216888427F
:1020900004D01FB1052F01D0092F03D12068D0F83B
:1020A0000C8009E0A3492068884201D1A04800E0E3
:1020B00020688346DBF80C8008F40050B0F5005F20
:1020C00024D02068006800F0080008281ED120688D
:1020D00006F0BAFD90B92068406820F00C00216835
:1020E0004860206E20F480702066206E00F48050DE
:1020F00060B9206E40F00100206607E0206E40F0DD
:1021000010002066606E40F0010060662046FFF718
:1021100059FF0C202168086005F02000202803D119
:1021200006F02000202807D005F04000402870D19C
:1021300006F0400040286CD1206E00F0100018B965
:10214000206E40F4005020662068C16C01F4C0711C
:1021500009B9012100E000218A4600BF206806F08D
:102160007DFD814673492068884201D1704800E0B6
:1021700020682168884204D01FB1062F01D0072FA4
:1021800003D12068D0F80C8009E06A4920688842B1
:1021900001D1674800E020688346DBF80C80BAF183
:1021A000000F30D008F0007028B1B9F1000F2AD02C
:1021B00008F4005038BB2068006800F04000402858
:1021C00021D108F40010F0B9206806F024FD90B980
:1021D0002068406820F0600021684860206E20F48C
:1021E00080502066206E00F4807060B9206E40F050
:1021F0000100206607E0206E40F010002066606E4F
:1022000040F0010060662046FFF7E3F96020216896
:10221000086005F0800080280DD106F0800080283D
:1022200009D1206E40F480302066204600F028FA64
:1022300080202168086005F48070B0F5807F0FD1A0
:1022400006F48070B0F5807F0AD1206E40F4003033
:1022500020662046FFF7BFF94FF4807021680860C0
:1022600005F40070B0F5007F0FD106F40070B0F5F2
:10227000007F0AD1206E40F4802020662046FFF7C0
:10228000ABF94FF400702168086005F010001028C9
:1022900033D106F0100010282FD1E06B10B90120C7
:1022A000009019E08FB1224A2168914203D0214A5F
:1022B0002168914201D1204900E02049084606F0FA
:1022C00097FC48B10120009006E02068C06800F04B
:1022D000030008B101200090009801280AD1206E67
:1022E00040F480602066606E40F002006066204628
:1022F000FFF779FE10202168086005F48060B0F5D2
:10230000806F13D106F48060B0F5806F0ED1206E1F
:1023100040F480402066606E40F0080060664FF434
:102320008060216808602046FFF754F9BDE8F88F07
:1023300000200240002102400023024000630258B6
:102340002DE9F84F04464FF000090020009014B921
:102350000120BDE8F88F206920B12020005D012810
:1023600000D100BF206E30B9204600F08BF900206C
:10237000606684F85C0020688168C1F3407131B107
:1023800020688168B24A1140816000BF00BF2068A8
:1023900006F055FCA8B920688168AE4A114041F0AA
:1023A0008051816000BFAC480068AC49B0FBF1F0DF
:1023B000401C009002E00098401E00900098002809
:1023C000F9D1206806F03BFC48B9206E40F01000BF
:1023D0002066606E40F0010060664FF001092068E1
:1023E00006F032FC0646206E00F0100000287DD179
:1023F000002EFCD1206E20F4807040F00200206698
:10240000206806F012FC78BB95492068884203D00A
:1024100094492068884201D1934800E0934892494A
:10242000884209D18E4806F000FC82468D4806F0AD
:10243000FCFB4AEA000002E08D4806F0F6FB98B982
:10244000874B22689A4203D0864B22689A4201D178
:10245000854A00E0854A10466168826822F47C1251
:102460000A43826000BF00BF81492068884223D1AF
:10247000607EE16B41EA4030E1680843A1680829C9
:1024800001D100210FE0A1680C2901D104210AE04B
:10249000A1681C2901D1082105E0A168182901D1F2
:1024A0001C2100E0002101F00C0140EA4101202044
:1024B000005D41EA004509E0607EE16B41EA4030A1
:1024C000A16808432021095D40EA01452020005D04
:1024D000012803D1A08C401E45EA4045A06A38B1CE
:1024E000208D00F47870E16A084300E0A7E005431E
:1024F0005F49206888420FD12068C0685D49084064
:1025000028432168C8602068006920F04060616B42
:1025100008432168086106E02068C0685649084001
:1025200028432168C860206806F08EFB804620683A
:1025300006F071FB0746B8F1000F66D1002F64D199
:102540004B492068884206D1207E810394F83800E8
:1025500041EA400503E0207E216B41EA8035206896
:10256000C06844F20301884328432168C86094F896
:102570004400012834D13E492068884200D100E05F
:1025800000BFA06A08B1E06A00B900BF38492068FE
:10259000884210D1A06C40F00101E06C0843216D2D
:1025A0000843616D084321680969344A11400843B2
:1025B000216808611AE0B4F84800401E012141EA90
:1025C0000041E06C0843216D0843616D08432168B8
:1025D00009692A4A521E114008432168086105E032
:1025E0002068006920F00100216808612068006906
:1025F00020F07040216C0843216808611C49206864
:10260000884202D02046FEF7BBF92069012809D193
:102610002068006B20F00F00E169491E0843216823
:10262000086305E02068006B20F00F002168086354
:10263000206E20F0020040F00100206605E0206ED0
:1026400040F0100020664FF00109484681E6000086
:10265000C0FFFF5FC0FFFF7F14000020400D03009C
:102660000020024000210240002302400063025883
:10267000006002580740F0FF03C0F0FF1FF800FCA5
:102680007047000010B5B6B00446142130A8FDF71D
:10269000A8FEB82102A8FDF7A4FE314920688842AF
:1026A0005BD14FF400210020CDE9021088102A9060
:1026B00002A803F07DFE08B1FEF772FE00BF2948B4
:1026C000006840F02000274908600846006800F0D4
:1026D0002000019000BF00BF00BF22480830006802
:1026E00040F004001F49083108600846006800F007
:1026F0000400019000BF00BF2020309003203190E3
:102700000020329030A9184802F00AF817481849FA
:10271000086009204860002115488160C1604FF4BD
:102720008061016149004161890081614911C16194
:1027300000210162416201F0CFFA08B1FEF730FEDC
:1027400000BF0B48A065846300BF00220121122056
:1027500002F0E6F9122002F0CFF936B010BD000009
:1027600000200240D84402580008025810000240DD
:10277000B00000202DE9F04104460F469046514A32
:102780002168914203D0504A2168914201D14F49BA
:1027900000E04F49084606F030FA0646206806F089
:1027A00053FA00287CD100BF94F85C00012802D1C4
:1027B0000220BDE8F081012084F85C0000BF1EB15A
:1027C000052E01D0092E73D12046FEF7A9FA054641
:1027D000002D68D1206E40F60161884340F480707E
:1027E000206639492068884201D1364800E02068D7
:1027F0002168884200D01EB9206E20F48010206627
:10280000206E00F4805020B1606E20F006006066FB
:1028100001E0002060662F48A16DC8632E48A16DBD
:1028200008642E48A16DC8641C202168086000BFA0
:10283000002084F85C0000BF2068406840F0100071
:102840002168486026492068884213D194F83820CE
:1028500051002068224A904204D1C26822F003024B
:102860000A43C26000BF2068C16841F00101C16035
:1028700000BF08E0216B2068C26822F003020A430F
:10288000C26000BF00BF226802F1400143463A46E1
:10289000A06D01F0ABFC0546206806F0E9F90EE0FA
:1028A0000CE005E0FFE700BF002084F85C0006E0D4
:1028B000012500BF002084F85C0000E002252846C6
:1028C00077E7000000200240002102400023024080
:1028D00000630258CD0B00087D0C00085F0C000857
:1028E0000060025870B5044600BF94F85C000128EF
:1028F00001D1022070BD012084F85C0000BF0321DB
:102900002046FEF7D5F805464DBB2068C06820F08C
:1029100003002168C860A06D90F83500022808D136
:10292000A06D00F023F805461DB1206E40F0400078
:1029300020662068406820F010002168486025B9B2
:102940002046FEF7A3F9054602E02046FEF79EF971
:102950002DB9206E20F4885040F00100206600BFA1
:10296000002084F85C0000BF2846C3E72DE9F04151
:10297000044601F0DDFF804614B90120BDE8F08176
:1029800094F83500022808D08020606500BF002040
:1029900084F8340000BF0120F0E7FE492068884237
:1029A00049D0FC4918312068884244D0F949303177
:1029B000206888423FD0F7494831206888423AD0A1
:1029C000F44960312068884235D0F2497831206876
:1029D000884230D0EF499031206888422BD0ED49B1
:1029E000A8312068884226D0EB492068884222D04E
:1029F000E9491831206888421DD0E7493031206804
:102A0000884218D0E44948312068884213D0E2490E
:102A10006031206888420ED0DF49783120688842D2
:102A200009D0DD4990312068884204D0DA49A831C4
:102A30002068884201D1012000E0002068B12068B0
:102A4000006820F01E00216808602068406920F0BE
:102A5000800021684861256806E02068006820F051
:102A60000E00216808602568CA492068884270D035
:102A7000C8491831206888426BD0C6493031206877
:102A8000884266D0C34948312068884261D0C14934
:102A90006031206888425CD0BE4978312068884225
:102AA00057D0BC4990312068884252D0B949A831EA
:102AB000206888424DD0B8492068884249D0B6493C
:102AC00018312068884244D0B349303120688842A8
:102AD0003FD0B1494831206888423AD0AE49603190
:102AE0002068884235D0AC4978312068884230D09F
:102AF000A9499031206888422BD0A749A831206885
:102B0000884226D0A5492068884222D0A3491431A2
:102B1000206888421DD0A14928312068884218D0F9
:102B20009E493C312068884213D09C49503120682E
:102B300088420ED0994964312068884209D097496B
:102B400078312068884204D094498C3120688842CA
:102B500001D1012000E0002028B1206E006820F49F
:102B60008070216E08608B492068884249D089496D
:102B700018312068884244D0864930312068884224
:102B80003FD084494831206888423AD08149603139
:102B90002068884235D07F4978312068884230D01B
:102BA0007C499031206888422BD07A49A83120682E
:102BB000884226D078492068884222D07649183148
:102BC000206888421DD0744930312068884218D06E
:102BD000714948312068884213D06F4960312068BC
:102BE00088420ED06C4978312068884209D06A4901
:102BF00090312068884204D06749A8312068884213
:102C000006D12068006820F001002168086005E016
:102C10002068006820F001002168086011E001F0E0
:102C200087FEA0EB080005280BD920206065032053
:102C300084F8350000BF002084F8340000BF012074
:102C40009CE6286800F001000028E8D1514920687E
:102C5000884249D04F4918312068884244D04D49B4
:102C60003031206888423FD04A4948312068884244
:102C70003AD0484960312068884235D0454978319A
:102C80002068884230D043499031206888422BD058
:102C90004049A8312068884226D03F4920688842B0
:102CA00022D03D491831206888421DD03A49303140
:102CB0002068884218D0384948312068884213D0AB
:102CC00035496031206888420ED033497831206818
:102CD000884209D0304990312068884204D02E497A
:102CE000A8312068884201D1012000E0002040B1D5
:102CF000A66D94F85C0000F01F013F208840B06092
:102D000007E0A76D94F85C0000F01F0101208840E7
:102D1000786020492068884276D01E4918312068A2
:102D2000884271D01B493031206888426CD01949E3
:102D300048312068884267D016496031206888424F
:102D400062D014497831206888425DD011499031B1
:102D50002068884258D00F49A8312068884253D053
:102D60000D49206888424FD00B49183120688842AD
:102D70004AD0094930312068884245D00649483157
:102D80002068884240D004496031206888423BD0A6
:102D9000014905E0100002401004024008540258A6
:102DA0007831206888422FD02549206888422BD06E
:102DB000234918312068884226D022492068884259
:102DC00022D020491431206888421DD01D49283165
:102DD0002068884218D01B493C312068884213D0B3
:102DE00018495031206888420ED016496431206855
:102DF000884209D0134978312068884204D01149AB
:102E00008C312068884201D1012000E0002068B1A7
:102E1000D4E919104860E06E40B1E06E006820F41B
:102E20008070E16E0860D4E91C104860012084F8CD
:102E3000350000BF002084F8340000BF00BF9DE5CE
:102E4000A00402400854025870B504460CB9012091
:102E500070BD94F83500022803D080206065012001
:102E6000F6E7DC492068884249D0DA491831206801
:102E7000884244D0D7493031206888423FD0D54974
:102E80004831206888423AD0D2496031206888426F
:102E900035D0D04978312068884230D0CD49903142
:102EA000206888422BD0CB49A8312068884226D0A0
:102EB000C9492068884222D0C74918312068884211
:102EC0001DD0C54930312068884218D0C2494831E8
:102ED0002068884213D0C0496031206888420ED0F3
:102EE000BD4978312068884209D0BB4990312068BB
:102EF000884204D0B849A8312068884201D1012015
:102F000000E00020F0B3042084F83500B1492068C7
:102F100088424BD0AF4918312068884246D0AD492D
:102F200030312068884241D0AA494831206888421F
:102F30003CD0A84960312068884237D0A549783113
:102F40002068884232D0A3499031206888422DD031
:102F5000A049A8312068884228D09F49206888422B
:102F600024D09D491831206888421FD09A493031B9
:102F7000206888421AD0984948312068884215D084
:102F8000954900E020E06031206888420ED09249E7
:102F900078312068884209D08F4990312068884272
:102FA00004D08D49A8312068884206D12068006885
:102FB00020F001002168086009E12068006820F025
:102FC00001002168086002E12068006820F00E001E
:102FD000216808607F492068884249D07D491831BE
:102FE0002068884244D07B493031206888423FD0F5
:102FF00078494831206888423AD076496031206863
:10300000884235D0734978312068884230D0714980
:103010009031206888422BD06E49A83120688842C0
:1030200026D06D492068884222D06B49183120682B
:1030300088421DD0684930312068884218D06649DE
:1030400048312068884213D0634960312068884243
:103050000ED0614978312068884209D05E499031AC
:103060002068884204D05C49A8312068884206D193
:103070002068006820F001002168086005E02068F1
:10308000006820F0010021680860524920688842E9
:1030900070D050491831206888426BD04D4930318A
:1030A0002068884266D04B4948312068884261D008
:1030B00048496031206888425CD0464978312068B0
:1030C000884257D0434990312068884252D04149C4
:1030D000A831206888424DD03F492068884249D0B5
:1030E0003D4918312068884244D03B49303120683E
:1030F00088423FD038494831206888423AD0364922
:1031000060312068884235D0334978312068884260
:1031100030D031499031206888422BD02E49A831D7
:103120002068884226D02D492068884222D02B4929
:103130001431206888421DD02849283120688842EF
:1031400018D026493C312068884213D02349503199
:10315000206888420ED0214964312068884209D015
:103160001E4978312068884204D01C498C3120687F
:10317000884201D1012000E00020D8B1206E006813
:1031800020F48070216E0860A56D94F85C0000F05A
:103190001F01012088406860D4E919104860E06E82
:1031A00040B1E06E006820F48070E16E0860D4E900
:1031B0001C104860012084F8350000BF002084F80E
:1031C000340000BF206D10B12046216D88470020DB
:1031D0003EE600001000024010040240085402586D
:1031E0002DE9F84F044600200090FE4800684FF497
:1031F0001651B0FBF1FAA66DD4F858803768D8F8AC
:103200000090F9492068884249D0F7491831206870
:10321000884244D0F4493031206888423FD0F24996
:103220004831206888423AD0EF49603120688842AE
:1032300035D0ED4978312068884230D0EA49903164
:10324000206888422BD0E849A8312068884226D0DF
:10325000E6492068884222D0E44918312068884233
:103260001DD0E24930312068884218D0DF4948310A
:103270002068884213D0DD496031206888420ED032
:10328000DA4978312068884209D0D84990312068DD
:10329000884204D0D549A8312068884201D1012054
:1032A00000E0002000287DD094F85C0000F01F01B1
:1032B000082088403840002868D0CB4920688842E0
:1032C00049D0C94918312068884244D0C6493031B4
:1032D000206888423FD0C4494831206888423AD0AB
:1032E000C14960312068884235D0BF4978312068B3
:1032F000884230D0BC499031206888422BD0BA49EE
:10330000A8312068884226D0B8492068884222D057
:10331000B6491831206888421DD0B4493031206840
:10332000884218D0B14948312068884213D0AF494B
:103330006031206888420ED0AC49783120688842DC
:1033400009D0AA4990312068884204D0A749A83101
:103350002068884204D12068006800F0040003E07F
:103360002068006800F0080080B12068006820F044
:1033700004002168086094F85C0000F01F01082038
:103380008840B060606D40F00100606594F85C00BA
:1033900000F01F01012088403840E8B392492068BE
:1033A000884200E0B7E24BD08F491831206888424C
:1033B00046D08D4930312068884241D08A49483111
:1033C000206888423CD0884960312068884237D0E4
:1033D000854978312068884232D08349903120680D
:1033E00088422DD08049A8312068884228D07F4962
:1033F0002068884224D07D491831206888421FD037
:103400007A493031206888421AD07849483120689A
:10341000884215D0754900E026E060312068884276
:103420000ED0724978312068884209D06F499031B6
:103430002068884204D06D49A8312068884204D1B0
:103440002068406900F0800002E0206800680020E9
:1034500050B194F85C0000F01F0101208840B0607A
:10346000606D40F00200606594F85C0000F01F01A0
:10347000042088403840E8B35B49206888424BD03C
:10348000594918312068884246D057493031206860
:10349000884241D054494831206888423CD0524942
:1034A00060312068884237D04F497831206888429F
:1034B00032D04D499031206888422DD04A49A831F8
:1034C0002068884228D049492068884224D047494A
:1034D0001831206888421FD0444930312068884222
:1034E0001AD0424948312068884215D03F4960319E
:1034F000206800E024E088420ED03C497831206802
:10350000884209D0394990312068884204D037492F
:10351000A8312068884204D12068006800F00200C9
:1035200002E020680068002050B194F85C0000F0D0
:103530001F0104208840B060606D40F004006065A9
:1035400094F85C0000F01F01102088403840E8B378
:1035500025492068884251D0234918312068884283
:103560004CD0214930312068884247D01E4948312B
:103570002068884242D01C496031206888423DD092
:10358000194978312068884238D01749903120682D
:10359000884233D01449A831206888422ED013497C
:1035A000206888422AD0114918312068884225D0E5
:1035B0000E4930312068884220D00C4948312068BB
:1035C00088421BD009496031206800E04DE0884204
:1035D00014D006497831206888420FD003499031D1
:1035E000206805E014000020100002401004024092
:1035F000884203D0FE492068884204D120680068D0
:1036000000F0080003E02068006800F0040060B3E8
:1036100094F85C0000F01F0110208840B060206822
:10362000006800F4802080B12068006800F4002069
:1036300028B9206CC8B12046216C884715E0A06CE1
:1036400098B12046A16C88470FE02068006800F41C
:10365000807028B92068006820F0080021680860A0
:10366000206C10B12046216C884794F85C0000F073
:103670001F0120208840384000287DD0DD49206887
:10368000884249D0DB4918312068884244D0D94962
:103690003031206888423FD0D6494831206888427E
:1036A0003AD0D44960312068884235D0D149783148
:1036B0002068884230D0CF499031206888422BD092
:1036C000CC49A8312068884226D0C949A839206849
:1036D000884221D0C6499039206888421CD0C4490C
:1036E00078392068884217D0C149603920688842FB
:1036F00012D0BF494839206888420DD0BC493039C2
:103700002068884208D0BA4918392068884203D016
:10371000B7492068884204D12068006800F0100092
:1037200003E02068006800F0020028B394F85C0011
:1037300000F01F0120208840B06094F83500042874
:103740002DD12068006820F01600216808602068EC
:10375000406920F0800021684861206C08B9A06CA5
:1037600028B12068006820F008002168086094F8FB
:103770005C0000F01F0100E03FE03F208840B060A7
:10378000012084F8350000BF002084F8340000BF19
:10379000206D10B12046216D8847BDE8F88F206864
:1037A000006800F4802080B12068006800F40020E8
:1037B00028B9606C08B32046616C88471DE0E06B57
:1037C000D8B12046E16B884717E02068006800F414
:1037D000807068B92068006820F0100021680860D7
:1037E000012084F8350000BF002084F8340000BFB9
:1037F000E06B10B12046E16B8847606D00287AD0FD
:10380000606D00F00100E8B3042084F835007949C8
:10381000206888424BD0774918312068884246D0CA
:10382000744930312068884241D07249483120685B
:1038300088423CD06F4960312068884237D06D495A
:1038400078312068884232D06A49903120688842B5
:103850002DD06849A8312068884228D06449A83909
:103860002068884223D062499039206888421ED05F
:103870005F4978392068884219D05D4960392068ED
:10388000884200E040E012D0594948392068884217
:103890000DD0574930392068884208D0544918392A
:1038A0002068884203D052492068884206D12068A7
:1038B000006820F001002168086005E020680068C9
:1038C00020F001002168086000BF0098401C0090B3
:1038D000504500D905E02068006800F0010000288C
:1038E000F3D100BF2068006800F0010020B1032080
:1038F00084F8350003E00DE0012084F8350000BFB6
:10390000002084F8340000BFE06C002802D020467C
:10391000E16C8847D9E138492068884222D036498D
:103920001431206888421DD03349283120688842EC
:1039300018D031493C312068884213D02E4950318B
:10394000206888420ED02C4964312068884209D012
:10395000294978312068884204D027498C31206871
:10396000884201D1012000E000200028D2D0206848
:10397000056894F85C0000F01F010420884000EA0C
:103980000900D8B305F00400C0B394F85C0000F05F
:103990001F0104208840C8F8040005F4004080B1ED
:1039A00005F4803030B9A06C0028B3D02046A16C5B
:1039B00088478AE1206C0028ACD02046216C8847DB
:1039C00083E105F02000E8BB0A492068884253D013
:1039D00008491831206888424ED0064930312068A5
:1039E000884249D0034948312068884244D006E0E3
:1039F000B804024010000240085402584FE0B44995
:103A000060312068884237D0B149783120688842D7
:103A100032D0AF499031206888422DD0AC49A831CE
:103A20002068884228D0AB492068884224D0A94920
:103A30001831206888421FD0A6493031206888425A
:103A40001AD000E025E0A34948312068884213D00D
:103A5000A0496031206888420ED09E4978312068A4
:103A6000884209D09B4990312068884204D0994906
:103A7000A8312068884206D12068006820F008003C
:103A80002168086005E02068006820F004002168D3
:103A90000860206C10B32046216C884715E194F82B
:103AA0005C0000F01F010220884000EA0900E8B332
:103AB00005F00200D0B394F85C0000F01F01022072
:103AC0008840C8F8040005F4004070B105F4803067
:103AD00028B9606C10B12046616C8847F5E0E06B56
:103AE000F0B32046E16B8847EFE005F02000C0BB53
:103AF0007749206888424ED075491831206888423D
:103B000049D0734930312068884244D070494831E7
:103B1000206888423FD06E496031206888423AD0A0
:103B20006B4978312068884235D000E04EE0684922
:103B30009031206888422ED06549A831206888429B
:103B400029D064492068884225D06249183120680C
:103B5000884220D05F493031206888421BD001E084
:103B60006EE02DE05B4948312068884213D0594906
:103B70006031206888420ED05649783120688842EA
:103B800009D0544990312068884204D05149A83165
:103B90002068884206D12068006820F0140021685F
:103BA000086005E02068006820F00A0021680860CD
:103BB000012084F8350000BF002084F8340000BFE5
:103BC000E06BE8B32046E16B88477EE094F85C0048
:103BD00000F01F010820884000EA090080B305F0CA
:103BE000080068B33A49206888424BD038491831F8
:103BF0002068884246D0364930312068884241D01A
:103C000033494831206888423CD0314960312068CE
:103C1000884237D02E4978312068884232D02C49EA
:103C20009031206888422DD02949A83120688842E7
:103C300028D028492068884224D02649183100E03D
:103C400043E0206888421DD02249303120688842F4
:103C500018D0204948312068884213D01D4960316E
:103C6000206888420ED01B4978312068884209D0EC
:103C7000184990312068884204D01649A83120683C
:103C8000884206D12068006820F01C002168086086
:103C900005E02068006820F00E002168086094F8B4
:103CA0005C0000F01F0101208840C8F804000120DA
:103CB000606584F8350000BF002084F8340000BF40
:103CC000E06C10B12046E16C884700BF65E500005C
:103CD00010000240100402402DE9F041044600F0BB
:103CE00027FE804614B90120BDE8F081FE49206816
:103CF000884249D0FC4918312068884244D0FA49AA
:103D00003031206888423FD0F749483120688842E6
:103D10003AD0F54960312068884235D0F24978318F
:103D20002068884230D0F0499031206888422BD0FA
:103D3000ED49A8312068884226D0EC4920688842A5
:103D400022D0EA491831206888421DD0E749303135
:103D50002068884218D0E54948312068884213D04D
:103D6000E2496031206888420ED0E049783120680D
:103D7000884209D0DD4990312068884204D0DB496F
:103D8000A8312068884201D1012000E000200028ED
:103D900073D0606A00B100BF022084F8350000BF14
:103DA000002084F8340000BFCF492068884249D001
:103DB000CD4918312068884244D0CB493031206841
:103DC00088423FD0C8494831206888423AD0C64925
:103DD00060312068884235D0C349783120688842F4
:103DE00030D0C1499031206888422BD0BE49A831DB
:103DF0002068884226D0BD492068884222D0BB492D
:103E00001831206888421DD0B84930312068884276
:103E100018D0B64948312068884213D0B349603180
:103E2000206888420ED0B14978312068884209D094
:103E3000AE4990312068884204D0AC49A83120684E
:103E4000884206D12068006820F0010021680860DF
:103E500005E02068006820F00100216808600DE09E
:103E600000F066FDA0EB0800052807D9202060655A
:103E7000032084F83500012036E769E020680068F7
:103E800000F001000028EBD1206805689848054043
:103E9000D4E9020108432169084361690843A16923
:103EA0000843E1690843216A08430543606A04281E
:103EB00003D1D4E90B01084305436068292802D3E4
:103EC00060682E2817D960683F2802D360684228AE
:103ED00011D96068472802D3606848280BD9606808
:103EE0004F2802D36068522805D96068742804D32B
:103EF0006068772801D8012000E0002008B145F46F
:103F00008015206805602068456925F00705606A0E
:103F10000543606A04280DD1A06A0543E06A48B1F0
:103F20002046FDF7A9F828B140206065012084F8FB
:103F30003500D9E6206845612046FCF779FF064642
:103F400094F85C0000F01F013F208840B0609EE0C4
:103F500068492068884222D0664914312068884226
:103F60001DD0644928312068884218D061493C310D
:103F70002068884213D05F495031206888420ED0B3
:103F80005C4964312068884209D05A4978312068F8
:103F9000884204D057498C312068884201D10120E1
:103FA00000E00020E0B353492068884222D0514904
:103FB0001431206888421DD04E492831206888423B
:103FC00018D04C493C312068884213D049495031BF
:103FD000206888420ED0474964312068884209D061
:103FE000444978312068884204D042498C312068A5
:103FF000884201D1012000E0002000B100BF022072
:1040000084F8350000BF002084F8340000BF206829
:10401000056839480540A068402802D1102106E013
:104020002EE0A068802801D1C10100E00021E068F5
:1040300041EAD001206941EAD001606941EAD0013A
:10404000A06941EAD001E06941EAD001206A41EA71
:10405000101005432068056026492068401A142185
:10406000B0FBF1F08000E0652046FCF7E1FE07467A
:1040700094F85C0000F01F0101208840786006E0A1
:1040800040206065032084F8350001202CE61649A5
:10409000206888427AD0144918312068884275D047
:1040A000114930312068884270D00F49483120686A
:1040B00088426BD00C4960312068884266D00A493A
:1040C00078312068884261D0074990312068884261
:1040D0005CD00549A8312068884257D00349206840
:1040E000884253D0014909E0100002401004024008
:1040F0003F8010FE085402580F00FEFF1831206860
:10410000884243D03749206888423FD0354918312A
:10411000206888423AD0334930312068884235D00F
:10412000304948312068884230D02E4960312068BB
:1041300088422BD02B4978312068884226D02A49E2
:104140002068884222D028491431206888421DD036
:10415000254928312068884218D023493C312068FD
:10416000884213D020495031206888420ED01E4921
:1041700064312068884209D01B4978312068884220
:1041800004D019498C312068884201D1012000E017
:10419000002000B32046FCF7C1FEA068802801D1B2
:1041A000002060602079216E0860D4E91910486011
:1041B000606860B16068082809D82046FCF710FFE5
:1041C0000020E16E0860D4E91C10486003E0002084
:1041D000E0662067606700206065012084F8350094
:1041E000002081E540040240085402582DE9F041C6
:1041F00004460D4616461F464FF0000814B901202C
:10420000BDE8F08100BF94F83400012801D10220FC
:10421000F6E7012084F8340000BF94F83500012847
:104220007ED1022084F8350000206065E4492068D2
:10423000884249D0E24918312068884244D0E04998
:104240003031206888423FD0DD49483120688842BB
:104250003AD0DB4960312068884235D0D84978317E
:104260002068884230D0D6499031206888422BD0CF
:10427000D349A8312068884226D0D2492068884294
:1042800022D0D0491831206888421DD0CD49303124
:104290002068884218D0CB4948312068884213D022
:1042A000C8496031206888420ED0C64978312068FC
:1042B000884209D0C34990312068884204D0C1495E
:1042C000A8312068884206D12068006820F00100EB
:1042D0002168086005E02068006820F0010021687E
:1042E00008603B46324629462046FCF71DFFB4498C
:1042F000206888424BD0B24918312068884246D0A5
:10430000AF4930312068884241D0AD4948312068FA
:1043100088423CD0AA4960312068884237D000E00A
:1043200042E1A74978312068884230D0A4499031D1
:10433000206888422BD0A249A8312068884226D024
:10434000A0492068884222D09E49183120688842BE
:104350001DD09C4930312068884218D09949483195
:104360002068884213D097496031206888420ED077
:10437000944978312068884209D092499031206868
:10438000884204D08F49A8312068884201D1012099
:1043900000E0002080B12068006820F01E0040F09E
:1043A000160021680860206CB0B12068006840F0F9
:1043B0000800216808600FE02068006820F00E0007
:1043C00040F00A0021680860206C28B1206800686D
:1043D00040F004002168086079492068884270D064
:1043E00077491831206888426BD075493031206890
:1043F000884266D0724948312068884261D070494D
:104400006031206888425CD06D49783120688842EC
:1044100057D06B4990312068884252D06849A83102
:10442000206888424DD067492068884249D0654954
:1044300018312068884244D062493031206888426F
:104440003FD060494831206888423AD05D496031A8
:104450002068884235D05B4978312068884230D066
:1044600058499031206888422BD05649A83120689D
:10447000884226D054492068884222D052491431BB
:10448000206888421DD0504928312068884218D0C1
:104490004D493C312068884213D04B495031206847
:1044A00088420ED0484964312068884209D0464984
:1044B00078312068884204D043498C312068884292
:1044C00001D1012000E0002090B1206E006800F4CE
:1044D000803028B1206E006840F48070216E086042
:1044E000E06E28B1E06E006840F48070E16E086014
:1044F00033492068884249D03149183120688842C0
:1045000044D02F493031206888423FD02C4948316F
:10451000206888423AD02A4960312068884235D0E4
:10452000274978312068884230D025499031206869
:1045300088422BD02249A8312068884226D02149C0
:104540002068884222D01F491831206888421DD037
:104550001C4930312068884218D01A4948312068F7
:10456000884213D017496031206888420ED015491F
:1045700078312068884209D01249903120688842F9
:1045800004D01049A8312068884206D1206800680C
:1045900040F001002168086010E02068006840F0E9
:1045A00001002168086009E04FF40060606500BF09
:1045B000002084F8340000BF4FF0010840461FE699
:1045C00010000240100402400854025870B504461E
:1045D00000F0AEF906462546681C10B10448007884
:1045E000054400BF00F0A4F9801BA842FAD370BDB7
:1045F0001000002000B5B5B0142130A8FBF7F1FE83
:104600003F48006808B135B000BD01203C49086052
:10461000B82102A8FBF7E5FE4FF080710020CDE93C
:104620000210149002A801F0C3FE08B1FCF7B8FE16
:1046300000BF3448006840F48050324908600846A2
:10464000006800F48050019000BF00BF4FF63F00AB
:1046500030900220319000203290032033900C20C3
:10466000349030A9284800F05BF80C2030900220EC
:10467000319000203290032033900C20349030A9E8
:10468000224800F04DF88020309002203190002028
:104690003290032033900C20349030A91C4800F055
:1046A0003FF848F2371030900220319000203290CD
:1046B000032033900C20349030A9164800F030F8D5
:1046C0004FF683703090022031900020329003200A
:1046D00033900C20349030A90F4800F021F84CF2B0
:1046E00003703090022031900020329003203390EC
:1046F0000C20349030A9094800F012F800BF82E77E
:1047000000000020D4440258001402580008025847
:10471000000002580018025800100258000C0258FD
:10472000F8B502460B4600216D4DD2E001278F40BF
:104730001E6806EA0704002C72D01E7906F00306F4
:10474000012E04D01E7906F00306022E13D19068C4
:104750004F000326BE40B0434F00DE68BE403043EA
:104760009060506801268E40B0431E79C6F3001653
:104770008E40304350601E7906F00306032E09D0A8
:10478000D0684F000326BE40B0434F009E68BE4035
:104790003043D0601E7906F00306022E13D1CF08F5
:1047A00002F1200656F827004E07F70E0F26BE40EE
:1047B000B0434F07FF0E1E69BE403043CF0802F1E1
:1047C000200646F8270010684F000326BE40B0437D
:1047D0001E7906F003064F00BE40304310605E684D
:1047E00006F44036002E73D000BF3E4E366846F0C9
:1047F00002063C4F3E603E46366806F002060096D2
:1048000000BF00BF384E8F0856F827008E07370FBD
:104810000F26BE40B043354EB24202D1002629E0F9
:1048200056E0334EB24201D1012623E0314EB2426E
:1048300001D102261EE0304EB24201D1032619E01A
:104840002E4EB24201D1042614E02D4EB24201D1C7
:1048500005260FE02B4EB24201D106260AE02A4E71
:10486000B24201D1072605E0284EB24201D1092605
:1048700000E00A268F073F0FBE4030431A4E8F08D4
:1048800046F827004FF0B0463068A0435E6806F453
:10489000801606B120434FF0B04630607068A043E8
:1048A0005E6806F4001606B120434FF0B046706013
:1048B0006868A0435E6806F4003606B1204368606D
:1048C0002868A0435E6806F4803606B1204328605D
:1048D000491C1E68CE40002E7FF428AFF8BD0000B2
:1048E00080000058F44402580804005800000258A0
:1048F0000004025800080258000C02580010025828
:104900000014025800180258001C025800240258D3
:1049100010B5426921EA020302EA010443EA0443B2
:10492000836110BD0AB1816101E00B0483617047AE
:104930000148006870470000080000200348006834
:1049400003490978084401490860704708000020BD
:104950001000002010B5032000F020F902F066FDE1
:1049600010490968C1F303210F4A515C01F01F018E
:1049700020FA01F40B48006800F00F001146085CB3
:1049800000F01F0024FA00F008490860084804609D
:104990000F2000F00FF808B1012010BD00F09AF8C8
:1049A0000020FAE71844025808BC0008180000204C
:1049B0001400002070B504461148007808B90120A1
:1049C00070BD0F4800784FF47A71B1FBF0F00D49DB
:1049D0000968B1FBF0F5284603F05BFA08B1012045
:1049E000EEE7102C07D200222146501E00F098F866
:1049F0000548046001E00120E2E70020E0E7000054
:104A000010000020140000200C0000204178154AFE
:104A1000116014490831096821F00101114A083276
:104A20001160121F41681160017B0907C27A41EAD7
:104A30000261827A41EAC241427B41EA8241827B41
:104A400041EA4241C27B41EA0241427A41EA022103
:104A5000027A41EA420102781143024A08321160A7
:104A60007047000098ED00E000BF00BF00BFBFF33B
:104A70005F8F00BF00BF00BF0548006820F4803092
:104A80000349086000200249703108607047000047
:104A900024ED00E040F001010D4A11600C4970392D
:104AA000096841F480310A4A703A116000BF00BFC2
:104AB00000BFBFF34F8F00BF00BF00BF00BF00BFEC
:104AC00000BFBFF36F8F00BF00BF00BF7047000083
:104AD00094ED00E008B500BF0648006840F0020011
:104AE000044908600846006800F00200009000BF1A
:104AF00000BF08BDF44402580146084600280DDBFB
:104B000000BF00BF00F01F0301229A4043099B0031
:104B100003F1E023C3F8002100BF00BF00BF7047CE
:104B20002DE9F05F80460D46164605F0DBFF07468F
:104B300039462A46334601F00700C0F1070ABAF1A8
:104B4000040F02D94FF0040A01E0C0F1070AD14670
:104B500000F1040ABAF1070F02D24FF0000A01E097
:104B6000A0F1030AD4464FF0010A0AFA09FAAAF1A1
:104B7000010A0AEA020A0AFA0CFA4FF0010B0BFAD0
:104B80000CFBABF1010B0BEA030B4AEA0B042146C9
:104B9000404605F0AFFFBDE8F09F000000BF00F009
:104BA0000702064B19684FF6FF031940044B0B43ED
:104BB00043EA0221014B196000BF70470CED00E091
:104BC0000000FA052DE9F04F8DB081460C46934662
:104BD0004FF0000AD046FE49D9F80000884202D1C1
:104BE0000026012501E001260025002710E007EB43
:104BF000470201AB03EBC2017A1CD0B204F0FEFB0A
:104C000020B14FF0010A0820C9F85400781CC7B23F
:104C1000022FECD3BAF1000F7ED1ED48006800F00E
:104C2000010038B1EA48006820F00100E849086056
:104C300048F00108E748006800F0010038B1E54895
:104C4000006820F00100E349086048F00208E248EB
:104C500006EB460101AA02EBC1018968491E50F822
:104C6000210020F48072DC4806EB460101AB03EB27
:104C7000C1018968491E40F82120001F006800F02A
:104C8000010000287FD0D448001F006820F00100F8
:104C9000D149091F0860012D73D1081D05EB45019D
:104CA00001AA52F83110491E50F8210040F00202CA
:104CB000C94805EB450153F83110491E40F8212041
:104CC00005EB450001A901EBC0004068A0B1C24856
:104CD00005EB450101AA02EBC1014968491E50F8E4
:104CE000210040F02002BC4805EB450103EBC10167
:104CF0004968491E40F8212005EB450001A901EB58
:104D0000C000C068D8B1B44805EB450101AA02EB68
:104D1000C101097B491E00E0C9E201F0010150F820
:104D2000210040F48022AC4805EB450101AB03EBC8
:104D3000C101097B491E01F0010140F8212005EB6A
:104D4000450001A901EBC0000069002819D0A24864
:104D500005EB450101AA02EBC101097C491E01F0E6
:104D6000010150F8210040F080629B4805EB4501AD
:104D700001AB03EBC101097C491E01F0010140F8C0
:104D8000212079E0FFE706EB460001A951F8300049
:104D9000002871D0904806EB460101AA52F8311064
:104DA000491E50F8210020F001028B4806EB460115
:104DB00001AB53F83110491E40F8212006EB4600A4
:104DC00001A901EBC0004068A0B1834806EB460191
:104DD00001AA02EBC1014968491E50F8210020F0E8
:104DE00010027D4806EB460103EBC1014968491EEC
:104DF00040F8212006EB460001A901EBC000C06885
:104E0000C8B1754806EB460101AA02EBC101097B56
:104E1000491E01F0010150F8210020F480326E4853
:104E200006EB460101AB03EBC101097B491E01F012
:104E3000010140F8212006EB460001A901EBC0006A
:104E40000069C8B1644806EB460101AA02EBC10142
:104E5000097C491E01F0010150F8210020F0807208
:104E60005D4806EB460101AB03EBC101097C491E1D
:104E700001F0010140F8212005EB450101AA52F89B
:104E800031102068884222D005EB450102EBC101B8
:104E9000A068896888421AD005EB450102EBC10180
:104EA00060684968884201D1606880B905EB4501B6
:104EB00001AA02EBC101E068C968884207D005EB8E
:104EC000450102EBC10120690969884227D105EB40
:104ED000450101AA52F831102068884220D105EB23
:104EE000450102EBC10160684968884218D105EBB1
:104EF000450102EBC101E068C968884210D105EBA9
:104F0000450102EBC10120690969884208D1324894
:104F1000001F006840F001002F49091F08608DE064
:104F20002D4805EB450101AA52F83110491E50F8F1
:104F3000210020F00102284805EB450101AB53F8A0
:104F40003110491E40F8212005EB450001A901EB75
:104F5000C0004068A0B1204805EB450101AA02EB62
:104F6000C1014968491E50F8210020F010021A487A
:104F700005EB450103EBC1014968491E40F82120BA
:104F8000154805EB450101AA02EBC1018968491EDC
:104F900050F8210020F480720F4805EB450101AB69
:104FA00003EBC1018968491E40F8212005EB45004B
:104FB00001A901EBC000C068F8B1074805EB450145
:104FC00001AA02EBC101097B491E01F0010105E0C4
:104FD0000050005200A0005204B4005250F82100CA
:104FE00020F48032B44805EB450103EBC101097B95
:104FF000491E01F0010140F8212005EB450001A9FF
:1050000001EBC0000069C8B1AB4805EB450101AA3E
:1050100002EBC101097C491E01F0010150F8210099
:1050200020F08072A44805EB450101AB03EBC10100
:10503000097C491E01F0010140F821209E48A16829
:10504000491E50F8210020F440714FF4807040EA6E
:10505000462001439848A268521E40F82210606919
:10506000401E9549091F0968C1F3074188420BD9C1
:105070009148001F006820F47F01A08A401E41EA89
:1050800000408D49091F08608B48001F006800F030
:105090000100002875D088482168491E50F8210079
:1050A00020F00300401C84492268521E41F822006F
:1050B000606868B108466168491E50F8210020F018
:1050C000300040F010027C486168491E40F8212001
:1050D000E06800F4803090B17748217B491E01F0F0
:1050E000010150F8210020F4E02040F480327248A1
:1050F000217B491E01F0010140F8212013E0E06806
:1051000088B16D48217B491E01F0010150F8210052
:1051100020F0E06040F080726748217B491E01F07A
:10512000010140F82120206900F4803090B16248EC
:10513000217C491E01F0010150F8210020F4E020FB
:1051400040F440325C48217C491E01F0010140F8E6
:1051500021209AE02069002811D05748217C491E5F
:1051600001F0010150F8210020F0E06040F04072B1
:105170005148217C491E01F0010140F8212084E0C2
:10518000FFE74D482168491E50F8210020F0030137
:10519000012040EA4600014347482268521E40F879
:1051A0002210606878B144486168491E50F82100B7
:1051B00020F03000102141EA461108433E49626860
:1051C000521E41F82200E06800F48030A8B13A484D
:1051D000217B491E01F0010150F8210020F4E0205C
:1051E0004FF4803141EA864108433349227B521E05
:1051F00002F0010241F8220016E0E068A0B12E485A
:10520000217B491E01F0010150F8210020F0E060EF
:105210004FF0807141EA866108432749227B521E84
:1052200002F0010241F82200206900F48030A8B1A8
:105230002148217C491E01F0010150F8210020F491
:10524000E0204FF4403141EA864108431A49227C6C
:10525000521E02F0010241F8220016E02069A0B1BE
:105260001548217C491E01F0010150F8210020F071
:10527000E0604FF0407141EA866108430E49227CAC
:10528000521E02F0010241F8220008F0010028B18C
:105290000A48006840F001000849086008F0020070
:1052A00028B10748006840F00100054908605046F1
:1052B0000DB0BDE8F08F000004B400520050005261
:1052C00000A00052F8B504460025FFF731FB064662
:1052D0000CB901257AE000206065206D002875D1A9
:1052E000204600F077F841F28831204600F0FCF8C3
:1052F000208A401EE16841EA00416069401E41EA9F
:105300000020616B0843E169084321688968304ADD
:1053100011400843216888602068C06820F4E020BC
:10532000216A08432168C860208EA16B41EA0040D1
:10533000216808612168E06B48612068006820F4FA
:10534000F8516068401E41EA002021680860A06DA5
:105350003346002220210090204604F0C3F8054681
:105360008DBB2068C06820F0FF00616A491E0843B9
:105370002168C8602068006820F04000A1680843E8
:1053800021680860D4E90A0108432168D1F80811AE
:1053900021F0A04108432168C1F808012068006895
:1053A00040F0010021680860A069022805D120684A
:1053B000806840F0020021688860E068B0F1806F8A
:1053C00002D10120206501E0022020652846F8BDB9
:1053D000F4F8E0F810B5B6B00446142130A8FBF795
:1053E00000F8B82102A8FAF7FCFF3B492068884280
:1053F0006FD14FF000710020CDE90210159002A886
:1054000000F0D6FF08B1FBF7CBFF00BF33480068C0
:1054100040F40010314908600846006800F40010AC
:10542000019000BF00BF00BF0846006840F4804004
:1054300008600846006800F48040019000BF00BF8B
:1054400000BF26480C30006840F0200023490C3192
:1054500008600846006800F02000019000BF00BF0F
:1054600000BF0846006840F0020008600846006877
:1054700000F00200019000BF00BF4FF47070309048
:105480000220319000203290032033900A20349083
:1054900030A91348FFF744F94FF4806030900220A0
:1054A000319000203290032033900920349030A9AD
:1054B0000B48FFF735F94020309002203190002052
:1054C0003290032033900A20349030A90548FFF72A
:1054D00027F936B010BD000000500052D4440258E5
:1054E00000140258000402580246916500207047DB
:1054F00070B5044615480068C0F3800048B91348E9
:10550000006800F00700A04201D0012070BD00201B
:10551000FCE70E48006820F0070020430B490860B4
:10552000FFF706FA054607E0FFF702FA401BB0F561
:105530007A7F01D90120E9E7044808380068C0F300
:1055400040300028F0D00020E0E700000C4802586E
:1055500010B501F021FF05490968C1F30211044AA1
:10556000515C01F01F01C84010BD000020440258EA
:1055700008BC000870B50146844D2D6805F0030392
:10558000824D2D68C5F30510804D2D1D2D6805F049
:1055900001047E4D0C352D68C5F3CC0515FB04F5D3
:1055A00001EE105AB8EE411AF0EE410A00286FD011
:1055B00023B1012B4ED0022B6BD16BE0734D283DF4
:1055C0002D68C5F340153DB3704D283D2D68C5F3DA
:1055D000C1066F4D25FA06F201EE102AF8EE411AC7
:1055E00001EE100AB8EE411A81EE812A9FED691A88
:1055F000C0EE811A654D08352D68C5F3080501EE2A
:10560000105AB8EE411A31EE811AF7EE001A31EE57
:10561000211A22EE010A1CE001EE100AB8EE411A2E
:10562000DFED5D1A81EE812A9FED5A1AC0EE811AD4
:10563000564D08352D68C5F3080501EE105AB8EE31
:10564000411A31EE811AF7EE001A31EE211A22EEDC
:10565000010A5BE001EE100AB8EE411ADFED4F1AC5
:1056600081EE812A9FED4B1AC0EE811A474D083515
:105670002D68C5F3080501EE105AB8EE411A31EE57
:10568000811AF7EE001A31EE211A22EE010A3DE0EE
:1056900077E01DE001EE100AB8EE411A9FED402AB6
:1056A000C2EE011A9FED3B1A80EE812A374D083574
:1056B0002D68C5F3080501EE105AB8EE411A32EE16
:1056C000011AB7EE002A31EE021A21EE810A1DE01E
:1056D00001EE100AB8EE411ADFED2F1A81EE812A91
:1056E0009FED2C1AC0EE811A284D08352D68C5F3A0
:1056F000080501EE105AB8EE411A31EE811AF7EEA4
:10570000001A31EE211A22EE010A00BF00BF1F4D20
:1057100008352D68C5F3462501EE105AB8EE411A3A
:10572000F7EE001A31EE211AC0EE011ABCEEE11AB2
:1057300081ED001A154D08352D68C5F3064501EEBB
:10574000105AB8EE411AF7EE001A31EE211AC0EEE7
:10575000011ABCEEE11A81ED011A0C4D08352D68D5
:10576000C5F3066501EE105AB8EE411AF7EE001ABD
:1057700031EE211AC0EE011ABCEEE11A81ED021AD7
:1057800003E000250D604D608D6070BD2844025817
:105790000090D003000000460024744C0024744A9A
:1057A00020BCBE4B70B50146844D2D6805F0030347
:1057B000824D2D68C5F30530804D2D1D2D68C5F334
:1057C00000147E4D14352D68C5F3CC0515FB04F58A
:1057D00001EE105AB8EE411AF0EE410A00286FD0DF
:1057E00023B1012B4ED0022B6BD16BE0734D283DC2
:1057F0002D68C5F340153DB3704D283D2D68C5F3A8
:10580000C1066F4D25FA06F201EE102AF8EE411A94
:1058100001EE100AB8EE411A81EE812A9FED691A55
:10582000C0EE811A654D10352D68C5F3080501EEEF
:10583000105AB8EE411A31EE811AF7EE001A31EE25
:10584000211A22EE010A1CE001EE100AB8EE411AFC
:10585000DFED5D1A81EE812A9FED5A1AC0EE811AA2
:10586000564D10352D68C5F3080501EE105AB8EEF7
:10587000411A31EE811AF7EE001A31EE211A22EEAA
:10588000010A5BE001EE100AB8EE411ADFED4F1A93
:1058900081EE812A9FED4B1AC0EE811A474D1035DB
:1058A0002D68C5F3080501EE105AB8EE411A31EE25
:1058B000811AF7EE001A31EE211A22EE010A3DE0BC
:1058C00077E01DE001EE100AB8EE411A9FED402A84
:1058D000C2EE011A9FED3B1A80EE812A374D10353A
:1058E0002D68C5F3080501EE105AB8EE411A32EEE4
:1058F000011AB7EE002A31EE021A21EE810A1DE0EC
:1059000001EE100AB8EE411ADFED301A81EE812A5D
:105910009FED2C1AC0EE811A284D10352D68C5F365
:10592000080501EE105AB8EE411A31EE811AF7EE71
:10593000001A31EE211A22EE010A00BF00BF1F4DEE
:1059400010352D68C5F3462501EE105AB8EE411A00
:10595000F7EE001A31EE211AC0EE011ABCEEE11A80
:1059600081ED001A154D10352D68C5F3064501EE81
:10597000105AB8EE411AF7EE001A31EE211AC0EEB5
:10598000011ABCEEE11A81ED011A0C4D10352D689B
:10599000C5F3066501EE105AB8EE411AF7EE001A8B
:1059A00031EE211AC0EE011ABCEEE11A81ED021AA5
:1059B00003E000250D604D608D6070BD28440258E5
:1059C0000090D003000000460024744C0024744A68
:1059D00020BCBE4B70B50146844D2D6805F0030315
:1059E000824D2D68C5F30550804D2D1D2D68C5F3E2
:1059F00000247E4D1C352D68C5F3CC0515FB04F540
:105A000001EE105AB8EE411AF0EE410A00286FD0AC
:105A100023B1012B4ED0022B6BD16BE0734D283D8F
:105A20002D68C5F340153DB3704D283D2D68C5F375
:105A3000C1066F4D25FA06F201EE102AF8EE411A62
:105A400001EE100AB8EE411A81EE812A9FED691A23
:105A5000C0EE811A654D18352D68C5F3080501EEB5
:105A6000105AB8EE411A31EE811AF7EE001A31EEF3
:105A7000211A22EE010A1CE001EE100AB8EE411ACA
:105A8000DFED5D1A81EE812A9FED5A1AC0EE811A70
:105A9000564D18352D68C5F3080501EE105AB8EEBD
:105AA000411A31EE811AF7EE001A31EE211A22EE78
:105AB000010A5BE001EE100AB8EE411ADFED4F1A61
:105AC00081EE812A9FED4B1AC0EE811A474D1835A1
:105AD0002D68C5F3080501EE105AB8EE411A31EEF3
:105AE000811AF7EE001A31EE211A22EE010A3DE08A
:105AF00077E01DE001EE100AB8EE411A9FED402A52
:105B0000C2EE011A9FED3B1A80EE812A374D1835FF
:105B10002D68C5F3080501EE105AB8EE411A32EEB1
:105B2000011AB7EE002A31EE021A21EE810A1DE0B9
:105B300001EE100AB8EE411ADFED301A81EE812A2B
:105B40009FED2C1AC0EE811A284D18352D68C5F32B
:105B5000080501EE105AB8EE411A31EE811AF7EE3F
:105B6000001A31EE211A22EE010A00BF00BF1F4DBC
:105B700018352D68C5F3462501EE105AB8EE411AC6
:105B8000F7EE001A31EE211AC0EE011ABCEEE11A4E
:105B900081ED001A154D18352D68C5F3064501EE47
:105BA000105AB8EE411AF7EE001A31EE211AC0EE83
:105BB000011ABCEEE11A81ED011A0C4D18352D6861
:105BC000C5F3066501EE105AB8EE411AF7EE001A59
:105BD00031EE211AC0EE011ABCEEE11A81ED021A73
:105BE00003E000250D604D608D6070BD28440258B3
:105BF0000090D003000000460024744C0024744A36
:105C000020BCBE4B2DE9F04389B006460F464FF449
:105C1000807186EA0100384370D1F748006800F0CF
:105C20000709B9F1050F65D2DFE809F00312216217
:105C30003000F1485038006800F00070B0F1007F8B
:105C400004D106A8FFF796FC079C00E0002453E06F
:105C5000E9485038006800F00060B0F1006F04D1EE
:105C600003A8FFF79FFD039C00E0002444E0E24806
:105C70005038006800F00050B0F1005F04D1684671
:105C8000FFF7A8FE009C00E0002435E0DA48001F82
:105C9000006800F04055D8485038006800F0040013
:105CA000042809D145B9D44850380068C0F3C1016F
:105CB000D24820FA01F41AE0CF485038006800F4C6
:105CC0008070B0F5807F04D1B5F1805F01D1CC4CFC
:105CD0000DE0C9485038006800F40030B0F5003FCE
:105CE00004D1B5F1005F01D1C64C00E0002403E00F
:105CF000C54C01E0002400BF4BE3FFE74FF4806197
:105D000086EA010038437BD1BB480830006800F4C4
:105D10006009B9F5800F2CD006DCB9F1000F0AD06C
:105D2000B9F5001F69D115E0B9F5C00F63D0B9F519
:105D3000000F62D12CE0B0485038006800F00070CD
:105D4000B0F1007F04D106A8FFF714FC079C00E027
:105D5000002454E0A8485038006800F00060B0F11A
:105D6000006F04D103A8FFF71DFD039C00E0002491
:105D700045E0A1485038006800F00050B0F1005FE5
:105D800004D16846FFF726FE009C00E0002436E0C0
:105D90009948001F006800F0405597485038006847
:105DA00000F00400042809D145B993485038006830
:105DB000C0F3C101914820FA01F41BE08E4850382D
:105DC000006800F48070B0F5807F04D1B5F1805F89
:105DD00001D18B4C0EE088485038006800F4003048
:105DE000B0F5003F05D1B5F1005F02D1854C01E06F
:105DF00006E0002403E0844C01E0002400BFC8E278
:105E00004FF4006186EA010038437BD17A480830BC
:105E1000006800F0E069B9F1007F2CD006DCB9F130
:105E2000000F0AD0B9F1807F69D115E0B9F1407F48
:105E300063D0B9F1806F62D12CE06F4850380068B0
:105E400000F00070B0F1007F04D106A8FFF792FBCC
:105E5000079C00E0002454E067485038006800F0D8
:105E60000060B0F1006F04D103A8FFF79BFC039C16
:105E700000E0002445E060485038006800F0005021
:105E8000B0F1005F04D16846FFF7A4FD009C00E07C
:105E9000002436E05848001F006800F0405556487E
:105EA0005038006800F00400042809D145B9524870
:105EB00050380068C0F3C101504820FA01F41BE0DB
:105EC0004D485038006800F48070B0F5807F04D1F0
:105ED000B5F1805F01D14A4C0EE047485038006868
:105EE00000F40030B0F5003F05D1B5F1005F02D1FC
:105EF000444C01E006E0002403E0434C01E00024B0
:105F000000BF46E24FF4805186EA0100384372D167
:105F10003948006800F4E048B8F5005F2CD006DC92
:105F2000B8F1000F0AD0B8F5805F75D115E0B8F56B
:105F3000405F6FD0B8F5804F6ED12CE02E485038BE
:105F4000006800F00070B0F1007F04D106A8FFF7F0
:105F500011FB079C00E0002460E0274850380068EF
:105F600000F00060B0F1006F04D103A8FFF71AFC45
:105F7000039C00E0002451E01F485038006800F006
:105F80000050B0F1005F04D16846FFF723FD009C8C
:105F900000E0002442E01848001F006800F040556F
:105FA00015485038006800F00400042809D145B9AC
:105FB000114850380068C0F3C101104820FA01F4BC
:105FC00027E00D485038006800F48070B0F5807FFD
:105FD00004D1B5F1805F01D1094C1AE00648503870
:105FE000006800F40030B0F5003F11D1B5F1005F5A
:105FF0000ED1044C0DE012E0504402580090D00342
:1060000000093D0040787D010080BB0004E001E014
:10601000002403E0E14C01E0002400BFB9E14FF4AB
:10602000005186EA0100384367D1DD48006800F47A
:10603000E028B8F5403F33D009DCB8F1000F0DD0AF
:10604000B8F5803F0ED0B8F5003F53D119E0B8F550
:10605000802F37D0B8F5A02F4CD13FE001F0C2F926
:10606000044649E0CE485038006800F00060B0F1C6
:10607000006F04D103A8FFF795FB049C00E0002407
:106080003AE0C7485038006800F00050B0F1005FB7
:1060900004D16846FFF79EFC019C00E000242BE041
:1060A000BF485038006800F00400042808D1BC48FC
:1060B00050380068C0F3C101BA4820FA01F400E08A
:1060C000002419E0B6485038006800F48070B0F53C
:1060D000807F01D1B44C00E000240DE0B04850387E
:1060E000006800F40030B0F5003F01D1AF4C00E093
:1060F000002401E0002400BF4BE14FF4002186EAB8
:106100000100384361D1A6480830006800F44038E7
:10611000B8F1000F06D0B8F5803F12D0B8F5003FB7
:1061200050D11DE09E485038006800F00060B0F18A
:10613000006F04D103A8FFF735FB039C00E00024A7
:1061400042E097485038006800F00050B0F1005F1E
:1061500004D16846FFF73EFC029C00E0002433E0D7
:106160008F48001F006800F040558D485038006887
:1061700000F00400042809D145B989485038006866
:10618000C0F3C101874820FA01F41AE0844850386E
:10619000006800F48070B0F5807F04D1B5F1805FB5
:1061A00001D1814C0DE07E485038006800F4003089
:1061B000B0F5003F04D1B5F1005F01D17B4C00E0A8
:1061C000002401E0002400BFE3E04FF4803186EAC0
:1061D000010038432CD17248001F006800F4803859
:1061E000B8F1000F03D0B8F5803F1ED10EE06C4827
:1061F0005038006800F00070B0F1007F04D106A8AC
:10620000FFF7B8F9079C00E0002410E0644850381C
:10621000006800F00060B0F1006F04D103A8FFF740
:10622000C1FA059C00E0002401E0002400BFB0E0BA
:106230004FF4804186EA0100384368D1584808305D
:10624000006800F0E048B8F1405F33D009DCB8F1F5
:10625000000F0DD0B8F1805F0ED0B8F1005F53D1C0
:1062600019E0B8F1804F37D0B8F1A04F4CD13FE0E2
:10627000FFF76EF9044649E049485038006800F0DD
:106280000060B0F1006F04D103A8FFF78BFA049C03
:1062900000E000243AE042485038006800F0005026
:1062A000B0F1005F04D16846FFF794FB019C00E069
:1062B00000242BE03A485038006800F0040004281D
:1062C00008D1374850380068C0F3C101354820FA7A
:1062D00001F400E0002419E031485038006800F46F
:1062E0008070B0F5807F01D12F4C00E000240DE0DC
:1062F0002B485038006800F40030B0F5003F01D161
:106300002A4C00E0002401E0002400BF41E04FF4EB
:10631000004186EA010038433AD12148006800F084
:106320004058B8F1000F06D0B8F1805F0FD0B8F137
:10633000005F2AD11AE01A485038006800F4003093
:10634000B0F5003F01D1194C00E000241FE01448D3
:106350005038006800F00070B0F1007F04D106A84A
:10636000FFF708F9079C00E0002410E00C485038C3
:10637000006800F00060B0F1006F04D103A8FFF7DF
:1063800011FA049C00E0002401E0002400BF00E0BA
:106390000024204609B0BDE8F08300000080BB0067
:1063A000504402580090D00300093D0040787D0120
:1063B0002DE9F04104460025A8464FF00062D4E9DB
:1063C000001011400020134659404040014331D194
:1063D000606E48B1B0F5801F0DD0B0F5001F11D030
:1063E000B0F5401F16D114E0FE48006840F40030BC
:1063F000FC49086010E0022104F1080003F0AEF847
:10640000054609E0022104F1280003F059F9054688
:1064100002E001E0012500BF00BF55B9F14824307A
:10642000006820F44010616E0843EE492431086092
:1064300000E0A8464FF48072D4E90010114000201B
:1064400013465940404001432ED1A06D05281BD270
:10645000DFE800F0030A11181900E248006840F470
:106460000030E049086011E0002104F1080003F069
:1064700075F805460AE0002104F1280003F020F930
:10648000054603E002E001E0012500BF00BF55B969
:10649000D4482430006820F00700A16D0843D1499A
:1064A0002431086000E0A8464FF48062D4E900106F
:1064B0001140002013465940404001433DD1D4F8DB
:1064C000A400B0F5C00F24D007DC68B1B0F5001F00
:1064D00011D0B0F5800F1FD114E0B0F5000F19D026
:1064E000B0F5200F18D116E0BE48006840F4003027
:1064F000BC49086012E0002104F1080003F02EF806
:1065000005460BE0002104F1280003F0D9F8054608
:1065100004E003E002E001E0012500BF00BF5DB937
:10652000B0482C30006820F46000D4F8A410084370
:10653000AC492C31086000E0A8464FF40062D4E971
:1065400000011040002113465840494008433DD106
:10655000D4F8A800B0F1407F24D007DC68B1B0F1D6
:10656000807F11D0B0F1007F1FD114E0B0F1806FB7
:1065700019D0B0F1A06F18D116E09A48006840F425
:1065800000309849086012E0002104F1080002F090
:10659000E5FF05460BE0002104F1280003F090F828
:1065A000054604E003E002E001E0012500BF00BF72
:1065B0005DB98C482C30006820F0E060D4F8A81059
:1065C000084388492C31086000E0A8464FF000736A
:1065D000D4E900101940002059404040014328D11F
:1065E000E06CA8B1102804D0202809D0302810D1A0
:1065F0000DE07C48006840F400307A4908600AE009
:10660000022104F1080002F0A9FF054603E002E0C0
:1066100001E0012500BF00BF55B972482030006875
:1066200020F03000E16C08436E492031086000E042
:10663000A8464FF48053D4E9001019400020594077
:106640004040014337D1E06DB0F5005F1AD004DC63
:1066500050B1B0F5805F1ED10DE0B0F5405F18D0AD
:10666000B0F5804F17D115E05E48006840F4003067
:106670005C49086011E0002104F1080002F06EFF9F
:1066800005460AE0002104F1280003F019F8054648
:1066900003E002E001E0012500BF00BF55B9514809
:1066A0002430006820F4E040E16D08434D49243176
:1066B000086000E0A8464FF40053D4E900101940E8
:1066C000002059404040014335D1206EB0F5403F95
:1066D0001ED007DC68B1B0F5803F0BD0B0F5003FAD
:1066E00019D10EE0B0F5802F13D0B0F5A02F12D144
:1066F00010E012E0012104F1080002F02FFF05462E
:106700000BE0012104F1280002F0DAFF054604E065
:1067100003E002E001E0012500BF00BF55B93148A8
:106720002430006820F4E020216E08432D492431F4
:10673000086000E0A8464FF48042D4E90001104010
:106740000021134658404940084337D1D4F8AC00E3
:10675000B0F1405F1ED007DC68B1B0F1805F0BD0B4
:10676000B0F1005F19D10EE0B0F1804F13D0B0F15D
:10677000A04F12D110E012E0012104F1080002F054
:10678000EDFE05460BE0012104F1280002F098FF20
:10679000054604E003E002E001E0012500BF00BF80
:1067A0005DB910482C30006820F0E040D4F8AC10FF
:1067B00008430C492C31086000E0A8464FF4004320
:1067C000D4E90001184000215840494008432AD12B
:1067D000E06EB8B1B0F1805F06D0B0F1005F12D1C9
:1067E00009E000002C440258F948006840F40030E9
:1067F000F749086009E0012104F1080002F0AEFE4B
:10680000054602E001E0012500BF00BF55B9F04890
:106810002430006820F04050E16E0843EC492431F8
:10682000086000E0A8464FF08073D4E900101940DA
:10683000002059404040014328D1A06CA8B1012854
:1068400004D0022809D0032810D10DE0E0480068E8
:1068500040F40030DE4908600AE0022104F108003B
:1068600002F07CFE054603E002E001E0012500BFE6
:1068700000BF55B9D6482030006820F00300A16C55
:106880000843D3492031086000E0A8464FF4800354
:10689000D4E90010194000205940404001437DD107
:1068A000CC48006840F48070CA490860FEF740F8A0
:1068B000064606E0FEF73CF8801B642801D9032554
:1068C00005E0C448006800F480700028F2D000BFE2
:1068D00085BBBF484430006800F44070B4F8B01085
:1068E00001F44071884213D0B9484430006820F464
:1068F0004077B7484430006840F48030B4494431B0
:1069000008600846006820F4803008600846076088
:10691000D4F8B000B0F5807F15D1FEF709F806462F
:1069200009E0FEF705F8801B41F28831884202D960
:10693000032507E038E0A64844300068C0F3400073
:106940000028EED000BF55BB00BFB4F8B00000F483
:106950004070B0F5407F0ED19D481C38006820F48F
:106960007C519D4AD4F8B000104041EA101098497B
:106970001C39086007E096481C38006820F47C50F9
:1069800093491C390860924844300068B4F8B0104C
:10699000C1F30B0108438E49443101E005E001E0F9
:1069A000086002E0A84600E0A8460122D4E9000100
:1069B00010400021134658404940084330D1A06F91
:1069C00018281AD005DC48B1082808D0102817D19B
:1069D0000CE0202812D0282812D110E012E001216A
:1069E00004F1080002F0BAFD05460BE0012104F1B4
:1069F000280002F065FE054604E003E002E001E045
:106A0000012500BF00BF55B971482830006820F04B
:106A10003800A16F08436E492831086000E0A8469D
:106A20000223D4E90010194000205940404001439E
:106A300029D1606F062816D2DFE800F003040B129C
:106A4000131412E0012104F1080002F087FD05464D
:106A50000BE0012104F1280002F032FE054604E0BB
:106A600003E002E001E0012500BF00BF55B958482E
:106A70002830006820F00700616F0843544928312E
:106A8000086000E0A8460422D4E90010114000206C
:106A900013465940404001432BD1D4F890000628BA
:106AA00016D2DFE800F003040B12131412E00121E8
:106AB00004F1080002F052FD05460BE0012104F14B
:106AC000280002F0FDFD054604E003E002E001E0DD
:106AD000012500BF00BF5DB93D482C30006820F0A3
:106AE0000700D4F89010084339492C31086000E0C1
:106AF000A8462023D4E9000118400021584049400D
:106B0000084337D1D4F88C00B0F1405F1ED007DCC9
:106B100068B1B0F1805F0BD0B0F1005F19D10EE029
:106B2000B0F1804F13D0B0F1A04F12D110E012E0BD
:106B3000002104F1080002F011FD05460BE00221DE
:106B400004F1280002F0BCFD054604E003E002E089
:106B500001E0012500BF00BF5DB91D482830006875
:106B600020F0E040D4F88C1008431949283108601F
:106B700000E0A8464023D4E9001019400020594005
:106B8000404001433CD1D4F89800B0F5406F25D087
:106B900007DC68B1B0F5806F0BD0B0F5006F20D185
:106BA0000EE0B0F5805F1AD0B0F5A05F19D117E004
:106BB00019E0002104F1080002F0D0FC054612E0C3
:106BC000022104F1280002F07BFD05460BE00000E5
:106BD0002C44025800480258FFFCFF0F03E002E07B
:106BE00001E0012500BF00BF4DB9FE48006820F458
:106BF000E050D4F898100843FA49086000E0A8462D
:106C00008023D4E90010194000205940404001433E
:106C100035D1D4F89C00B0F5C04F1ED007DC68B168
:106C2000B0F5005F0BD0B0F5804F19D10EE0B0F594
:106C3000004F13D0B0F5204F12D110E012E0002128
:106C400004F1080002F08AFC05460BE0022104F181
:106C5000280002F035FD054604E003E002E001E013
:106C6000012500BF00BF4DB9DE48006820F4604038
:106C7000D4F89C100843DB49086000E0A8460823CC
:106C8000D4E900011840002158404940084317D179
:106C9000D4F88000B0F5805F07D1022104F128000C
:106CA00002F00EFD08B14FF00108CE48001F006849
:106CB00020F44050D4F880100843CA49091F0860E6
:106CC0001023D4E9000118400021584049400843EE
:106CD00015D1D4F89400B0F5807F07D1022104F1DA
:106CE000280002F0EDFC08B14FF00108BD48006833
:106CF00020F44070D4F894100843BA4908604FF467
:106D00000023D4E9000118400021584049400843BD
:106D100027D1D4F8A00030B1B0F5803F0AD0B0F54B
:106D2000003F0FD10DE0002104F1080002F016FC35
:106D3000054609E0022104F1280002F0C1FC0546E5
:106D400002E001E0012500BF00BF4DB9A548006881
:106D500020F44030D4F8A0100843A249086000E0B5
:106D6000A8464FF48023D4E9000118400021584080
:106D7000494008432DD1D4F88400B0F5801F06D0D7
:106D8000B0F5001F0CD0B0F5401F11D10FE09548B1
:106D90002C38006840F4003092492C39086009E032
:106DA000012104F1280002F08BFC054602E001E01D
:106DB000012500BF00BF5DB98A48001F006820F4AC
:106DC0004010D4F8841008438649091F086000E089
:106DD000A8464FF48032D4E9000110400021134648
:106DE00058404940084325D1206D18B1B0F5803F87
:106DF00010D108E07B482C38006840F40030794915
:106E00002C39086008E0022104F1080002F0A6FB1A
:106E1000054601E0012500BF00BF55B971480C3897
:106E2000006820F48030216D08436E490C390860F9
:106E300000E0A8464FF00053D4E9001019400020AC
:106E400059404040014307D1022104F1280002F0DB
:106E500037FC08B14FF001084FF40032D4E90001CB
:106E600010400021134658404940084327D1E06FA5
:106E7000A0B1B0F5807F06D0B0F5007F0CD0B0F5A2
:106E8000407F0CD109E057482C38006840F40030AE
:106E900054492C39086004E003E002E001E00125D8
:106EA00000BF00BF55B94F48001F006820F4407074
:106EB000E16F08434B49091F086000E0A8464FF402
:106EC0008012D4E900101140002013465940404080
:106ED000014309D143480838006820F00040216F81
:106EE00008434049083908604FF40013D4E9000111
:106EF0001840002158404940084309D13948083812
:106F0000006820F08070A16E084336490839086097
:106F10004FF08043D4E90010194000205940404010
:106F2000014311D100BF2F484838006820F40040C9
:106F30002C494839086008460068D4F8B410084362
:106F400028494839086000BF4FF00042D4E90001E9
:106F500010400021134658404940084309D12148B8
:106F60000C38006820F04050616D08431D490C3911
:106F700008604FF40002D4E90010114000201346CD
:106F80005940404001430AD11648001F006820F4D0
:106F90004000D4F8881008431249091F08600122F4
:106FA00000216068104049405040014306D104F17F
:106FB000080002F0D3FA054605B1A84602220021D6
:106FC0006068104049405040014307D1012104F15D
:106FD000080002F0C3FA054605B1A84604230020C4
:106FE000616801E058440258194004224040514071
:106FF000084307D1022104F1080002F0AFFA054668
:1070000005B1A846082300206168194008224040C5
:107010005140084307D1002104F1280002F050FB41
:10702000054605B1A84610230020616819401022CA
:1070300040405140084307D1012104F1280002F0EB
:107040003FFB054605B1A84620220021606810409C
:1070500049405040014307D1022104F1280002F0C9
:107060002FFB054605B1A846B8F1000F02D100205C
:10707000BDE8F0810120FBE72DE9F04104460D4613
:1070800014B90120BDE8F081BD48006800F00F0090
:10709000A8420ED2BA48006820F00F002843B84931
:1070A00008600846006800F00F00A84201D00120E7
:1070B000E8E7207800F0040004280ED1B1492069E7
:1070C000096801F07001884207D9AE48006820F0D5
:1070D000700021690843AB490860207800F008007F
:1070E000082811D1A749091D6069096801F07001DC
:1070F000884209D9A348001D006820F0700061692A
:107100000843A049091D0860207800F010001028ED
:1071100011D19C49091DA069096801F4E061884208
:1071200009D99848001D006820F4E060A16908436F
:107130009449091D0860207800F02000202811D112
:1071400090490831E069096801F07001884209D965
:107150008C480830006820F07000E16908438949D4
:1071600008310860207800F0020002280ED185491D
:10717000E068096801F00F01884207D9814800687A
:1071800020F00F00E16808437E490860207800F095
:107190000100002850D07B48006820F47060A1688E
:1071A0000843784908606068022807D17548183894
:1071B0000068C0F34040F8B9012063E76068032825
:1071C00007D1704818380068C0F34060A0B90120AA
:1071D00058E76068012807D16A4818380068C0F38A
:1071E000002048B901204DE7664818380068C0F310
:1071F000800008B9012045E762480838006820F09F
:107200000700616808435F4908390860FDF790FB93
:10721000064608E0FDF78CFB801B41F2883188426E
:1072200001D903202EE757480838006800F03800DD
:107230006168B0EBC10FEDD1207800F002000228A8
:107240000ED15049E068096801F00F01884207D269
:107250004C48006820F00F00E16808434949086085
:107260004748006800F00F00A8420ED94448006863
:1072700020F00F002843424908600846006800F0EB
:107280000F00A84201D00120FCE6207800F00400A5
:1072900004280ED13B492069096801F07001884239
:1072A00007D23848006820F070002169084335494A
:1072B0000860207800F00800082811D13149091D24
:1072C0006069096801F07001884209D22D48001DEB
:1072D000006820F07000616908432A49091D0860B0
:1072E000207800F01000102811D12649091DA0694E
:1072F000096801F4E061884209D22248001D006853
:1073000020F4E060A16908431E49091D0860207847
:1073100000F02000202811D11A490831E0690968DD
:1073200001F07001884209D216480830006820F048
:107330007000E169084313490831086000F076F8ED
:1073400010490968C1F303210F4A515C01F01F0184
:1073500020FA01F70B48006800F00F001146085CA6
:1073600000F01F0027FA00F008490860084807608D
:1073700008480068FDF71EFB8046404682E6000094
:10738000002000521844025808BC000818000020D1
:10739000140000200C00002010B500F047F80D4943
:1073A0000968C1F303210C4A515C01F01F0120FA66
:1073B00001F40848006800F00F001146085C00F076
:1073C0001F0024FA00F005490860054804600846DB
:1073D000006810BD1844025808BC000818000020BE
:1073E0001400002000B5FFF7D7FF05490968C1F375
:1073F0000211044A515C01F01F01C84000BD0000A9
:107400001C44025808BC000800B5FFF7C5FF054939
:107410000968C1F30221044A515C01F01F01C84010
:1074200000BD00001C44025808BC0008F0B5824EA4
:10743000366806F0380636B1082E15D0102E15D055
:10744000182E7DD114E07C4E103E3668C6F34016EF
:1074500046B1794E103E3668C6F3C107774E26FA1C
:1074600007F000E07548E5E07548E3E07548E1E0C5
:10747000714E1836366806F003046F4E18363668BB
:10748000C6F305116C4E1C36366806F001056A4ECF
:1074900024363668C6F3CC0616FB05F601EE106AF4
:1074A000B8EE410A002971D024B1012C50D0022C31
:1074B0006DD16DE0604E103E3668C6F340163EB3A7
:1074C0005D4E103E3668C6F3C1075C4E26FA07F3E0
:1074D00001EE103AF8EE411A01EE101AB8EE411A18
:1074E00081EE812A9FED581AC0EE011A524E2036C5
:1074F0003668C6F3080601EE106AB8EE411A31EE9E
:10750000811AF7EE001A31EE211A62EE010A1EE02E
:1075100001EE101AB8EE411ADFED4C1A81EE812A05
:107520009FED491AC0EE011A434E20363668C6F365
:10753000080601EE106AB8EE411A31EE811A00E039
:1075400076E0F7EE001A31EE211A62EE010A5BE0F6
:1075500001EE101AB8EE411A9FED3D2AC2EE011A53
:107560009FED391A80EE012A334E20363668C6F375
:10757000080601EE106AB8EE411A32EE011AB7EEB3
:10758000002A31EE021A61EE810A3DE04EE01DE074
:1075900001EE101AB8EE411ADFED2E1A81EE812AA3
:1075A0009FED291AC0EE011A234E20363668C6F325
:1075B000080601EE106AB8EE411A31EE811AF7EEB4
:1075C000001A31EE211A62EE010A1DE001EE101AD6
:1075D000B8EE411A9FED1E2AC2EE011A9FED1A1A4B
:1075E00080EE012A144E20363668C6F3080601EEF6
:1075F000106AB8EE411A32EE011AB7EE002A31EEE7
:10760000021A61EE810A00BF00BF0B4E20363668B9
:10761000C6F34626721C01EE102AB8EE411AC0EEDF
:10762000811ABCEEE11A11EE100A00E0002001E020
:10763000034800BF00BFF0BD104402580090D003C3
:1076400000093D0040787D01000000460024744C94
:107650000024744A20BCBE4B2DE9F047044614B9FF
:107660000120BDE8F087207800F00100002870D0EC
:10767000F948006800F03808F7481830D0F8009052
:10768000B8F1100F06D0B8F1180F0FD109F00300B0
:1076900002280BD1F04810380068C0F340400028A1
:1076A0006AD06068002867D10120DAE700BF60680F
:1076B000B0F5803F08D1E8481038006840F48030C9
:1076C000E549103908602EE0606868B9E248103872
:1076D000006820F48030E0491039086008460068EE
:1076E00020F4802008601EE06068B0F5A02F0DD166
:1076F000D9481038006840F48020D7491039086014
:107700000846006840F4803008600CE0D248103829
:10771000006820F48030D0491039086008460068BD
:1077200020F48020086000BF606898B1FDF700F980
:10773000054606E0FDF7FCF8401B642801D903204C
:107740008FE7C54810380068C0F340400028F1D0EA
:1077500012E012E0FDF7ECF8054606E0FDF7E8F868
:10776000401B642801D903207BE7BB481038006820
:10777000C0F340400028F1D100BF207800F00200A3
:10778000022879D1B448006800F03808B2481830AF
:10779000D0F80090B8F1000F05D0B8F1180F35D12E
:1077A00009F0030088BBAC4810380068C0F38000C3
:1077B00018B1E06808B9012053E7A74810380068FD
:1077C00020F01900E1680843A34910390860FDF76B
:1077D000AFF8054606E0FDF7ABF8401B022801D9DB
:1077E00003203EE79C4810380068C0F38000002862
:1077F000F1D099480C38006820F0FE40217C40EA26
:10780000016095490C39086045E0FFE7E06838B34E
:1078100091481038006820F01900E16808438E494B
:1078200010390860FDF784F8054606E0FDF780F89A
:10783000401B022801D9032013E78748103800684D
:10784000C0F380000028F1D083480C38006820F095
:10785000FE40217C40EA01607F490C3908601AE053
:107860007D481038006820F001007B49103908601D
:10787000FDF75EF8054607E00EE0FDF759F8401BFE
:10788000022801D90320ECE6734810380068C0F3E1
:1078900080000028F1D100BF207800F010001028EF
:1078A0006FD16D48006800F038086B481830D0F888
:1078B0000090B8F1080F06D0B8F1180F1CD109F0EC
:1078C0000300012818D1644810380068C0F3002074
:1078D00020B1E069802801D00120C2E600BF5E48E7
:1078E000001F006820F07C5094F8201040EA0160EE
:1078F0005949091F086043E0E06938B35648103819
:10790000006840F08000544910390860FDF710F815
:10791000054606E0FDF70CF8401B022801D90320BC
:107920009FE64D4810380068C0F300200028F1D0D1
:1079300000BF4948001F006820F07C5094F82010D8
:1079400040EA01604449091F086019E042481038C4
:10795000006820F08000404910390860FCF7E8FF1B
:10796000054606E0FCF7E4FF401B022801D903208E
:1079700077E6394810380068C0F300200028F1D1BC
:1079800000BF207800F00800082836D16069D0B127
:1079900031486430006840F001002F4964310860CC
:1079A000FCF7C6FF054606E0FCF7C2FF401B0228B5
:1079B00001D9032055E6284864300068C0F3400030
:1079C0000028F1D019E024486430006820F001005C
:1079D000214964310860FCF7ABFF054606E0FCF77F
:1079E000A7FF401B022801D903203AE61A48643059
:1079F0000068C0F340000028F1D1207800F020009A
:107A0000202838D1A069D0B113481038006840F45C
:107A10008050114910390860FCF78AFF054606E0DE
:107A2000FCF786FF401B022801D9032019E60A480B
:107A300010380068C0F340300028F1D01BE0064841
:107A40001038006820F48050034910390860FCF7B2
:107A50006FFF054609E0000010440258FCF768FF7C
:107A6000401B022801D90320FBE5D0480068C0F381
:107A700040300028F2D1207800F0040004287DD1A5
:107A8000CB48006840F48070C9490860FCF750FF9B
:107A9000054606E0FCF74CFF401B642801D9032093
:107AA000DFE5C348006800F480700028F2D000BF12
:107AB000A068012808D1BD487030006840F001007E
:107AC000BA49703108602DE0A06868B9B7487030D5
:107AD000006820F00100B549703108600846006870
:107AE00020F0040008601DE0A06805280DD1AF4813
:107AF0007030006840F00400AC49703108600846FE
:107B0000006840F0010008600CE0A8487030006890
:107B100020F00100A549703108600846006820F097
:107B20000400086000BFA068A0B1FCF701FF054693
:107B300008E0FCF7FDFE401B41F28831884201D984
:107B400003208EE5994870300068C0F3400000289B
:107B5000EFD013E0FCF7ECFE054608E0FCF7E8FE8A
:107B6000401B41F28831884201D9032079E58F48D2
:107B700070300068C0F340000028EFD1606A002830
:107B80007DD08A481030006800F03800182877D07F
:107B9000606A022875D18548006820F080708349AA
:107BA0000860FCF7C5FE054606E0FCF7C1FE401B79
:107BB000022801D9032054E57C480068C0F34060E6
:107BC0000028F2D100BFD4E90A1041EA0010774939
:107BD0002831096840F2F332914308437349283150
:107BE0000860208E401EC0F30800616B491E4FF4F0
:107BF0007E4202EA41210843218F491ED20102EA56
:107C0000014108433C21095D491E120202EA01615B
:107C1000084366493031086000BF081F006820F043
:107C20000100091F08606148343000684FF6F871A0
:107C30008843A16C40EAC1005C49343108605B486C
:107C40002C30006820F00C00216C084357492C317F
:107C500008600846006820F00200616C0843534940
:107C60002C3108600846006840F4803008600846FF
:107C7000006840F4003008600846006802E092E0C6
:107C800038E01FE040F4802008600846006840F0BB
:107C9000010008604548006840F080704349086072
:107CA000FCF746FE054606E0FCF742FE401B0228B4
:107CB00001D90320D5E43D480068C0F340600028A6
:107CC000F2D070E03948006820F0807037490860D1
:107CD000FCF72EFE054606E0FCF72AFE401B0228B4
:107CE00001D90320BDE431480068C0F3406000289A
:107CF000F2D158E02D48283007682C48303006680B
:107D0000606A012821D007F00301A06A81421CD1DA
:107D1000C7F30511E06A884217D1C6F30801206B4A
:107D2000401E814211D1606B401EC6F3462188423D
:107D30000BD1A06B401EC6F30641884205D1E06B13
:107D4000401EC6F30661884201D0012089E417482D
:107D500034300068C0F3CC07A06CB84223D013487D
:107D60002C30006820F0010010492C310860FCF72D
:107D7000DFFD054600BFFCF7DBFD401BFBD00B48D9
:107D8000343000684FF6F8718843A16C40EAC100B6
:107D900006493431086005482C30006840F0010085
:107DA00002492C31086000205BE4000000440258C6
:107DB0000048025870B504460D460CB9012070BD4C
:107DC00094F82C0028B9002084F82D00204600F0FB
:107DD00019F8022084F82C00211D2068F9F7FEFA1A
:107DE0002946D4E90002F9F74DFB0548006840F048
:107DF000004003490860012084F82C000020DEE7E1
:107E00000040005210B50446FCF7F4FB10BD70B5FD
:107E100004460D4694F82C00022800D170BD94F859
:107E20002C0001280AD1022084F82C002946206861
:107E3000F9F70AFB012084F82C0001E00120EDE7AE
:107E40000020EBE72DE9F04104460E46174694F872
:107E50002C50022D02D10220BDE8F081012D01D06D
:107E6000052D12D1022084F82C003A4631462068B4
:107E7000F9F7F4FA3068022803D1052084F82C00C1
:107E800005E0012084F82C0001E00120E4E7002057
:107E9000E2E770B504462546681EB0F1807F01D345
:107EA00001200FE0681E4FF0E02148610F214FF0E4
:107EB000FF3002F01FFE00204FF0E0218861072014
:107EC0000861002070BD000030B502460B4600BFBF
:107ED00092F83C00012801D1022030BD012082F837
:107EE0003C0000BF022082F83D0010684168106825
:107EF0008468254D1068A84203D0244D1068A8421C
:107F000003D121F470015868014321F07001186811
:107F10000143106841601C4D1068A84223D01068CE
:107F2000B0F1804F1FD01A4D1068A8421BD0194DD8
:107F30001068A84217D0184D1068A84213D0134DEE
:107F40001068A8420FD0154D1068A8420BD0144DF0
:107F50001068A84207D0134D1068A84203D0124DF4
:107F60001068A84205D124F0800498680443106882
:107F70008460012082F83D0000BF002082F83C00B0
:107F800000BF00BFA9E7000000000140000401405D
:107F90000004004000080040000C004000180040B1
:107FA0000040014000E0004000E4004010B50446FD
:107FB0000CB9012010BD94F83D0028B9002084F8C8
:107FC0003C00204600F02AF8022084F83D00211DE4
:107FD000206801F07FFD012084F8480000BF84F88C
:107FE0003E0001213F20015540200155412001550F
:107FF000422001554320015500BF00BF012084F8F5
:10800000440045200155462001554720015500BF39
:10801000012084F83D000020CCE7000008B5094AA3
:10802000016891420DD100BF0749096841F0020182
:10803000054A11601146096801F00201009100BF74
:1080400000BF08BD00040040E8440258014691F812
:108050003D00012801D001207047022081F83D0039
:10806000204B0868984223D00868B0F1804F1FD099
:108070001D4B086898421BD01C4B0868984217D0CB
:108080001B4B0868984213D01A4B086898420FD0CF
:10809000194B086898420BD0184B0868984207D0D3
:1080A000174B0868984203D0164B0868984210D1C5
:1080B00008688068144B00EA0302062A0FD0B2F564
:1080C000803F0CD00868006840F001000B68186021
:1080D00005E00868006840F001000B6818600020A7
:1080E000BAE7000000000140000400400008004022
:1080F000000C004000040140001800400040014016
:1081000000E0004000E40040070001002DE9F041DC
:1081100004460D46002700BF94F83C00012802D118
:108120000220BDE8F081012084F83C0000BF02205D
:1081300084F83D00206886684048064026F47F4663
:10814000206886602868702826D00CDC00F00F01BB
:10815000002966D10011072863D2DFE800F05556E8
:1081600057584B374100B0F1101F52D009DCB0F521
:10817000805F10D0B0F5005F1BD0B0F5801F50D1EC
:1081800046E0A0F580102038002843D0102842D0C7
:10819000202846D140E046E0D5E902136A6820680D
:1081A00001F00CFD2068866846F07706206886603E
:1081B00039E0D5E902136A68206801F0FFFC206805
:1081C000806840F48040216888602CE0EA68696833
:1081D000206801F00BFD5021206801F0FBFC22E03B
:1081E000EA686968206801F014FD6021206801F0E8
:1081F000F1FC18E0EA686968206801F0F7FC4021AA
:10820000206801F0E7FC0EE000BF00BF00BF00BF28
:1082100000BF00BF00BF00BF2968206801F0DAFC82
:1082200001E0012700BF00BF012084F83D0000BF2E
:10823000002084F83C0000BF384672E788FFCEFF7C
:10824000014600BF91F88400012801D10220704747
:10825000012081F8840000BF2420C1F8880008684C
:1082600002680868006820F001000B68186022F0BE
:10827000005200204866086802602020C1F888008B
:1082800000BF002081F8840000BF00BFDFE72DE9B8
:10829000F04104460E461746D4F88C00202825D11C
:1082A00006B117B90120BDE8F0810120E066002089
:1082B00020673A463146204602F03EFA05469DB90F
:1082C000E06E01280FD110202168086200BF00BFB6
:1082D000216851E8001F41F01000226842E80001C7
:1082E0000029F5D100E001252846DCE70220DAE785
:1082F0000C4B02689A4207D10B4A127822B901222C
:10830000094B1A70094B1970094B02689A4207D140
:10831000084A127822B90122064B1A70064B1970CE
:1083200070470000001001401C0000201D000020CC
:10833000004800401E0000201F000020704770B55C
:1083400004460D4600BF94F88400012801D10220A4
:1083500070BD012084F8840000BF2420C4F8880088
:10836000206806682068006820F001002168086025
:108370002068806820F0606028432168886020467B
:1083800001F098FC206806602020C4F8880000BF37
:10839000002084F8840000BF00BFD9E770B5044610
:1083A0000D4600BF94F88400012801D1022070BD61
:1083B000012084F8840000BF2420C4F888002068CD
:1083C00006682068006820F00100216808602068C5
:1083D000806820F06040284321688860204601F0D2
:1083E00069FC206806602020C4F8880000BF0020D7
:1083F00084F8840000BF00BFD9E77047704770471A
:108400002DE9F04704462068C569206806682068A1
:10841000876840F60F0005EA0009B9F1000F0FD197
:1084200005F0200060B106F0200010B907F0805080
:1084300030B1606F10B12046616F8847BDE8F087AA
:10844000B9F1000F7ED0F848384018B9F7483040ED
:108450000028F7D005F0010058B106F4807040B153
:10846000012021680862D4F8900040F00100C4F8AF
:10847000900005F0020058B107F0010040B1022061
:1084800021680862D4F8900040F00400C4F890001D
:1084900005F0040058B107F0010040B10420216844
:1084A0000862D4F8900040F00200C4F8900005F093
:1084B000080070B106F0200010B9DB48384040B128
:1084C000082021680862D4F8900040F00800C4F841
:1084D000900005F4006060B106F0806048B14FF490
:1084E000006021680862D4F8900040F02000C4F8D1
:1084F0009000D4F89000002852D005F0200050B130
:1085000006F0200010B907F0805020B1606F10B164
:108510002046616F8847D4F890A02068806800F0FA
:108520004000402802D00AF0280070B3204601F035
:1085300081FD2068806800F04000402826D100BFFF
:1085400000BF00E02DE02168083151E8001F21F054
:1085500040002168083141E80002002AF1D100BF43
:10856000D4F8800068B1B248D4F880100865D4F817
:108570008000FAF769FC98B1D4F88000016D884753
:108580000EE02046FFF73BFF0AE003E02046FFF73E
:1085900036FF05E02046FFF732FF0020C4F89000C8
:1085A0004CE7E06E01287DD105F01000002879D05D
:1085B00006F010000028FAD0102021680862206818
:1085C000806800F0400040286DD1D4F88000006839
:1085D000984988426BD0D4F88000006895491831DA
:1085E000884264D0D4F880000068924930318842D3
:1085F0005DD0D4F8800000688E494831884256D05A
:10860000D4F8800000688B49603188424FD0D4F89C
:108610008000006887497831884248D0D4F88000CB
:10862000006884499031884241D0D4F880000068C5
:108630008049A83188423AD0D4F8800000687E4949
:10864000884234D0D4F8800000687B4918318842D1
:108650002DD0D4F88000006877493031884226D088
:10866000D4F8800000687449483188421FD0D4F89B
:108670008000006870496031884218D0D4F88000CA
:1086800000686D497831884211D0D4F880000068C4
:108690006949903188420AD0D4F880000068664960
:1086A000A83102E0CAE07BE001E0884204D1D4F8BE
:1086B00080000068406803E0D4F8800000684068EB
:1086C0001FFA80F8B8F1000F58D0B4F85C004045AC
:1086D00054DDA4F85E80D4F88000C069B0F5807FD6
:1086E00040D000BF00BF216851E8001F21F4807016
:1086F000226842E800010029F5D100BF00BF00BF99
:108700002168083151E8001F21F00100216808317B
:1087100041E80002002AF3D100BF00BF00BF21687A
:10872000083151E8001F21F040002168083141E87C
:108730000002002AF3D100BF2020C4F88C000020E2
:10874000E06600BF00BF216851E8001F21F0100063
:10875000226842E800010029F5D100BFD4F880006A
:10876000FAF704F902202067B4F85C00B4F85E2040
:10877000801A81B22046FFF7BBFD10E0B4F85C0020
:1087800040450CD1D4F88000C069B0F5807F06D197
:1087900002202067B4F85C102046FFF7A9FD4DE6E3
:1087A00034F85C0F6188401A1FFA80F860885C3CDE
:1087B000C8B3B8F1000F36D000BF00BF216851E840
:1087C000001F21F49070226842E800010029F5D1D1
:1087D00000BF00BF00BF2168083151E8001F124AE6
:1087E000D24301EA02002168083141E80002002A70
:1087F000F1D100BF2020C4F88C000020E066606743
:1088000000BF00BF216851E8001F21F0100022685E
:1088100042E800010029F5D100BF0220206741464F
:108820002046FFF765FD09E6010000102001000465
:10883000EF9E0008100002401004024005F4801072
:1088400050B107F4800038B14FF4801021680862FD
:108850002046FFF7D3FDF1E505F0800058B106F0A2
:10886000800010B907F4000028B1A06F10B12046B5
:10887000A16F8847E2E505F0400030B106F0400006
:1088800018B1204601F00CFCD8E505F4000030B129
:1088900006F0804018B12046FFF7AFFDCEE505F0A9
:1088A000807030B106F0004018B12046FFF746FD59
:1088B000C4E500BFC2E510B504460CB9012010BDE7
:1088C000A06900B100E000BFD4F8880028B90020FA
:1088D00084F88400204600F02BF82420C4F8880097
:1088E0002068006820F0010021680860A06A10B1CB
:1088F000204601F00BFA204601F00AFC012800D1C5
:10890000DDE72068406820F49040216848602068D6
:10891000806820F02A00216888602068006840F0A4
:10892000010021680860204601F06CFAC7E70000EA
:1089300010B5B6B00446142130A8F7F752FDB8219F
:1089400002A8F7F74EFD6649206888425FD10121F1
:108950000020CDE90210209002A8FDF729FD08B102
:10896000F8F71EFD00BF5F48006840F010005D4949
:1089700008600846006800F01000019000BF00BFCA
:1089800000BF58481038006840F0010055491039C0
:1089900008600846006800F00100019000BF00BFB9
:1089A0004FF4C0603090022031900020329033901C
:1089B0000720349030A94C48FBF7B2FE4B484C4995
:1089C000086029204860002149488160C1604FF457
:1089D00080610161002141618161C1614FF4003119
:1089E000016200214162FBF777F908B1F8F7D8FC82
:1089F00000BF3F48C4F88000846300BF00221146D6
:108A00002520FCF78DF82520FCF776F865E039493C
:108A10002068884261D102210020CDE902101F9018
:108A200002A8FDF7C5FC08B1F8F7BAFC00BF2D4855
:108A30000838006840F480202A4908390860084650
:108A4000006800F48020019000BF00BF00BF2548EF
:108A50001038006840F002002249103908600846CA
:108A6000006800F00200019000BF00BF4FF44060BA
:108A700030900220319000203290339007203490C3
:108A800030A91D48FBF74CFE184818301B490860F8
:108A90002D204860002119488160C1604FF4806139
:108AA0000161002141618161C1614FF48031016246
:108AB00000214162FBF710F908B1F8F771FC00BF23
:108AC0000E48C4F88000846300BF002211462720AE
:108AD000FCF726F82720FCF70FF836B010BD000091
:108AE00000100140F04402580000025828000240E3
:108AF0002C0300200048004000040258A40300207A
:108B0000704770472DE9F84F04460E4617469946C0
:108B1000D4F88800202854D106B117B90120BDE847
:108B2000F88F00205434E06321206063FBF700FFDE
:108B3000824627806780543CA068B0F5805F04D1EE
:108B4000206910B90025B04602E035464FF0000814
:108B500020E05346002280212046CDF8009001F00D
:108B60004FFE20B12020C4F888000320D7E745B984
:108B7000B8F80000C0F308002168886208F1020814
:108B800003E02878216888626D1CB4F85600401E06
:108B9000A4F85600B4F856000028DAD15346002253
:108BA00040212046CDF8009001F02AFE20B120207F
:108BB000C4F888000320B2E72020C4F88800002011
:108BC000ADE70220ABE7704706E001210348FBF761
:108BD0009FFE6420FBF7FAFCF7E700000004025850
:108BE0008168024A1140491C81607047C0FFFF7FC5
:108BF0000146886800F4404070470146886800F0EC
:108C00001F007047024602F1600000EB8103186804
:108C100000F0F840704701468868C0F3C000704714
:108C200001468868C0F3400070470146886800F03C
:108C3000010070470146886800F001007047014656
:108C40008868C0F30070704701468868C0F38000F0
:108C5000704701468868C0F3800070470146C868C5
:108C600000F4406008B9012070470020FCE70000D4
:108C70008168024A1140091D81607047C0FFFF7F73
:108C8000826822F0E0720A438260704710B50346A2
:108C900003F1600404EB8100074CA34205D1046892
:108CA00024F000441443046004E0046824F0004409
:108CB0001443046010BD0000006002581FB500207E
:108CC0000090019002900390FBF7CEFE01208DF8FA
:108CD000000000208DF801004FF01050019012208C
:108CE0008DF80800E0208DF8090001208DF80A00B9
:108CF00003208DF80B0000208DF80C008DF80D007E
:108D000001208DF80E008DF80F006846FBF77EFEFF
:108D100001208DF801004FF0C04001900F208DF828
:108D2000080000208DF809008DF80E006846FBF75A
:108D30006DFE02208DF801004FF0405001900020A0
:108D40008DF809008DF80A0001208DF80E006846A4
:108D5000FBF75CFE03208DF801004FF0605001909E
:108D600000208DF80F006846FBF750FE05208DF8B7
:108D700001004FF04040019018208DF808000120BC
:108D80008DF80A006846FBF741FE0420FBF782FEDF
:108D90001FBD000000B58DB000200A900B900C9014
:108DA000242101A8F7F71DFB2848294908604FF442
:108DB0000020486000212648816001610421416152
:108DC0000021017641760121C161002180F8201047
:108DD0004FF4906181624FF48061C16203210163AD
:108DE0000021C163016480F8441001218164F9F716
:108DF000A7FA08B1F8F7D4FA00200A900AA9144893
:108E0000F8F7ECFB08B1F8F7CBFA1248019006200E
:108E100002900220039040F2FF700490042005901D
:108E2000002006908DF8250001A90948F8F788FC74
:108E300008B1F8F7B5FA40F2FF7200210448F8F7DC
:108E40006BFB08B1F8F7ACFA0DB000BD0020024092
:108E5000400000200001802108B500BF12480068D2
:108E600040F00100104908600846006800F0010069
:108E7000009000BF00BF002211460B20FBF750FE00
:108E80000B20FBF739FE002201210C20FBF748FEE6
:108E90000C20FBF731FE002211460D20FBF740FEAF
:108EA0000D20FBF729FE08BDD844025800B58BB051
:108EB00000200790089009900A901C216846F7F757
:108EC00090FA1A481A4908600020486001211848A1
:108ED00081600821C16010210161402141614FF48E
:108EE000C07181610021C1614FF4006101624900DC
:108EF000416249008162022000900A200190062010
:108F00000290092003900420049003200590022081
:108F1000069069460648FEF74DFF08B1F8F740FA9B
:108F200007A9034800F07EFC0BB000BD4041005291
:108F30002801002000B587B0142102A8F7F751FAE4
:108F400000BF3D48006840F004003B490860084607
:108F5000006800F00400019000BF00BF00BF084699
:108F6000006840F0200008600846006800F020001B
:108F7000019000BF00BF00BF0846006840F08000BD
:108F800008600846006800F08000019000BF00BF44
:108F900000BF0846006840F001000860084600680D
:108FA00000F00100019000BF00BF00BF084600684C
:108FB00040F0020008600846006800F002000190DE
:108FC00000BF00BF00BF0846006840F040000860D6
:108FD0000846006800F04000019000BF00BF00BFDD
:108FE0000846006840F0100008600846006800F07D
:108FF0001000019000BF00BF00BF0846006840F0AD
:10900000080008600846006800F00800019000BFF2
:1090100000BF012203210948FBF784FC03200290D2
:1090200001200390002004900320059002A903482A
:10903000FBF776FB07B000BDE0440258000402587D
:1090400000B587B0182101A8F7F7CBF919481A49DC
:10905000086004204860002117488160C160172122
:1090600001610421416100218161C161016203212B
:1090700041624FF0804181620021C1620163082199
:10908000416300218163C163FCF71CF908B1F8F763
:1090900087F90120019003904FF00110049041F2F4
:1090A000883201A90448FBF78DFD08B1F8F778F97B
:1090B00007B000BD005000525C01002000B587B031
:1090C000002003900490059006900090019002907B
:1090D0001448154908600420486000211248816046
:1090E0006321C1600021016180218161FEF75EFF83
:1090F00008B1F8F755F94FF48050039003A90A48D6
:10910000FFF704F808B1F8F74BF920200090002091
:10911000029069460448FEF7D7FE08B1F8F740F917
:1091200007B000BD00040040B801002010B552484F
:10913000524908604FF4E130486000214F48816097
:10914000C16001610C21416100218161C161016245
:1091500041620020494988620846FFF7ACFB08B12C
:10916000F8F71EF900214548FFF718F908B1F8F79C
:1091700017F900214148FFF7E2F808B1F8F710F9B4
:109180003E48FFF75DF808B1F8F70AF980223C493C
:109190003A48FFF77CF83B4800683B49884258D082
:1091A0003848006838491831884252D0354800683C
:1091B0003549303188424CD0324800683249483114
:1091C000884246D02F4800682F496031884240D0FD
:1091D0002C4800682C49783188423AD029480068E8
:1091E00029499031884234D0264800682649A83160
:1091F00088422ED0234800682449884229D021483B
:10920000006822491831884223D01E4800681F494F
:10921000303188421DD01B4800681C4948318842C3
:1092200017D01848006819496031884211D0154894
:1092300000681649783188420BD0124800681349FB
:109240009031884205D00F4800681049A831884203
:1092500008D10C480068006820F008000949096836
:10926000086007E007480068006820F0040005492E
:109270000968086010BD00000010014004020020D1
:10928000000000242C0300201000024010040240C3
:1092900010B55248524908604FF4E130486000214F
:1092A0004F488160C16001610C21416100218161F1
:1092B000C161016241620020494988620846FFF7A6
:1092C000FAFA08B1F8F76CF800214548FFF766F89C
:1092D00008B1F8F765F800214148FFF730F808B108
:1092E000F8F75EF83E48FEF7ABFF08B1F8F758F81C
:1092F00080223C493A48FEF7CAFF3B4800683B4998
:10930000884258D03848006838491831884252D0CD
:10931000354800683549303188424CD032480068C1
:1093200032494831884246D02F4800682F49603181
:10933000884240D02C4800682C49783188423AD085
:109340002948006829499031884234D0264800686D
:109350002649A83188422ED02348006824498842F3
:1093600029D02148006822491831884223D01E485C
:1093700000681F49303188421DD01B4800681C49D5
:109380004831884217D0184800681949603188422E
:1093900011D0154800681649783188420BD0124820
:1093A000006813499031884205D00F480068104981
:1093B000A831884208D10C480068006820F00800F5
:1093C00009490968086007E007480068006820F05C
:1093D000040005490968086010BD0000004800400D
:1093E0009802002000010024A40300201000024085
:1093F0001004024000BFFEE700BFFEE7F0B50546DF
:109400000020002415B1022D00D809B9012064E024
:1094100000260E604E608E60CE600E61022D08D177
:109420002E4E366806F001060EB92D4C01E04FF4C1
:10943000007400234FE0294E361D56F8232002F019
:1094400001063EB102F0020604F00207BE4201D15D
:109450005E1C0E6002F010063EB102F0200604F021
:109460002007BE4201D15E1C4E6002F480763EB100
:1094700002F4007604F40077BE4201D15E1C8E60D7
:1094800002F480368EB102F4802604F48027BE42B6
:109490000BD102F4003626B95E1C46F48036CE604D
:1094A00003E05E1C46F08076CE6002F080768EB1DE
:1094B00002F0806604F08067BE420BD102F00076B5
:1094C00026B95E1C46F480360E6103E05E1C46F051
:1094D00080760E615B1C022BADD3F0BD00B4005250
:1094E000220204042DE9F04104460E461746984630
:1094F000069D12E0681C80B1FBF71AFAA0EB080089
:10950000A84200D84DB94FF400702065606D40F05E
:10951000010060650120BDE8F0812068006A3040EC
:1095200008B1012000E00020B842E3D10020F2E7BA
:10953000704700B5AFB0B8216846F6F752FF4FF05C
:1095400000410020CDE9001015906846FCF730FF7F
:1095500008B1F7F725FF2FB000BD00002DE9F0415D
:1095600004460E4600275548006800F00300032813
:1095700002D10120BDE8F08150482838006820F071
:1095800080604E4928390860FBF7D2F9054606E0AD
:10959000FBF7CEF9401B022801D90320EAE7474830
:1095A00028380068C0F3C0600028F1D100BF4348EC
:1095B000006820F47C30216840EA01303F490860AF
:1095C000A088401EC0F30800A168491E4FF47E42E7
:1095D00002EA41210843A189491ED20102EA014160
:1095E0000843217C491E120202EA01610843334903
:1095F0001031086000BF3148001D006820F0C00035
:10960000616908432D49091D08600846006820F07B
:109610002000A16908432949091D0860084600681F
:1096200020F0100008602548143000684FF6F871EB
:109630008843E16940EAC1002049143108601F48AD
:10964000001D006840F010001C49091D08602EB97B
:109650000846006840F40020086012E0012E08D19E
:109660001648001D006840F480101449091D086068
:1096700007E01248001D006840F400100F49091D62
:1096800008600E482838006840F080600B4928398F
:109690000860FBF74DF9054606E0FBF749F9401B6A
:1096A000022801D9032065E7044828380068C0F380
:1096B000C0600028F1D038465CE70000284402581A
:1096C0002DE9F04104460E4600275548006800F099
:1096D0000300032802D10120BDE8F081504828385A
:1096E000006820F080504E4928390860FBF720F9C7
:1096F000054606E0FBF71CF9401B022801D90320B0
:10970000EAE7474828380068C0F340700028F1D1E4
:1097100000BF4348006820F07C70218840EA015077
:109720003F490860A088401EC0F30800A168491E98
:109730004FF47E4202EA41210843A189491ED20129
:1097400002EA01410843217C491E120202EA01613A
:10975000084333491831086000BF3148001D0068D4
:1097600020F44060616908432D49091D08600846DE
:10977000006820F40070A16908432949091D0860A8
:109780000846006820F48070086025481C30006896
:109790004FF6F8718843E16940EAC10020491C3165
:1097A00008601F48001D006840F480701C49091DB6
:1097B00008602EB90846006840F48000086012E096
:1097C000012E08D11648001D006840F4000014491D
:1097D000091D086007E01248001D006840F0807015
:1097E0000F49091D08600E482838006840F0805075
:1097F0000B4928390860FBF79BF8054606E0FBF7A4
:1098000097F8401B022801D9032065E7044828384F
:109810000068C0F340700028F1D038465CE70000D3
:109820002844025838B505460C4600200090012017
:109830002060102060600120A0600020E0604FF6F2
:10984000FF7221462846FEF7FDFA6420FAF7BEFEB5
:1098500002202060102060600120A0600020E060F5
:109860004FF6FF7221462846FEF7ECFA03202060EF
:10987000102060600820A0600020E0604FF6FF72BA
:1098800021462846FEF7DEFA4FF40C7000900420C3
:109890002060102060600120A0600098E0604FF61A
:1098A000FF7221462846FEF7CDFA40F21E412846B7
:1098B000FEF7ADFA38BD000008B50F48006840F06B
:1098C000C0400D49086000BF0B480838006840F4EC
:1098D00080500949083908600846006800F4805043
:1098E000009000BF00BF00BF00BF00BFBFF34F8F9D
:1098F00000BF00BF00BF08BDDC440258704710B570
:10990000FBF71CF810BD000000B59DB04C210AA863
:10991000F6F767FD202102A8F6F763FD0220FBF7AA
:10992000E7FD00BF002001902648006820F4404079
:10993000244908600846006800F44040019000BFD8
:1099400000BF00BF1F48006800F40050B0F5005F82
:10995000F8D102200A9001200D9040200E900220A4
:1099600013900021149104211591222116910121B7
:1099700017910221189119910C211A9100211B9124
:109980004FF440611C910AA8FDF766FE08B1F7F795
:1099900007FD3F2002900320039000200490082040
:1099A0000590402006900790000108904020099003
:1099B000032102A8FDF760FB08B1F7F7F1FC1DB029
:1099C00000BD0000184802583A48006840F4700092
:1099D000384908603848006800F00F00072806D2B0
:1099E0003548006820F00F00C01D33490860334837
:1099F000006840F001003149086000202F49103113
:109A000008602E4800682E4908402C4908602A4802
:109A1000006800F00F00072806D92748006820F0EA
:109A20000F00C01D24490860002024491831086037
:109A3000091D0860091D0860224820492831086076
:109A40002148091D08602148091D08600020091DE2
:109A500008601E48091D08600020091D08601B4899
:109A6000091D08600020091D08601448006820F4E2
:109A700080201249086000201049603108600F48BA
:109A8000D430006800F4805098B90C48D430006895
:109A900040F480500949D431086043F2D2000C49A7
:109AA00008600648D430006820F480500349D4315F
:109AB0000860704788ED00E0002000520044025822
:109AC0007FEDF6EA000202020000FF0180020101C0
:109AD0000040005210B502682E4B98420ED0B0F1F3
:109AE000804F0BD02C4B984208D02C4B984205D07D
:109AF0002B4B984202D02B4B984203D122F070029C
:109B00004B681A43234B98421DD0B0F1804F1AD0B6
:109B1000214B984217D0214B984214D0204B9842A9
:109B200011D0204B98420ED01F4B98420BD01F4BA8
:109B3000984208D01E4B984205D01E4B984202D046
:109B40001D4B984203D122F44072CB681A4322F095
:109B500080034C6943EA04028B68C3620B6883622A
:109B60000C4B98420BD00F4B984208D00E4B9842AA
:109B700005D00E4B984202D00D4B984201D10B6993
:109B80000363036843F0040303600123436102603D
:109B900010BD00000000014000040040000800402B
:109BA000000C00400004014000400140004401401E
:109BB0000048014000E0004000E4004030B50C46A1
:109BC000816821F47F4142EA0325254329438160CE
:109BD00030BD00000A468168034B194042F007037C
:109BE00019438160704700008FFFCFFF30B50B46EF
:109BF0001446026A056A25F001050562816921F0B3
:109C0000F00141EA041122F00A021A438161026262
:109C100030BD30B50B461446026A056A25F01005C2
:109C20000562816921F4704141EA043122F0A00209
:109C300042EA03128161026230BD00000FB410B528
:109C4000A2B025A8019002A8019A249900F038FF3B
:109C50000020019002A8F6F7CFFB84B24FF0FF334B
:109C6000224602A90348FEF74DFF22B010BC5DF862
:109C700014FB0000040200200FB410B5A2B025A808
:109C8000019002A8019A249900F01AFF0020019087
:109C900002A8F6F7B1FB84B24FF0FF33224602A9C7
:109CA0000348FEF72FFF22B010BC5DF814FB000044
:109CB0009802002070B5456E2DB90125A0F86A50B4
:109CC000A0F868501CE0102310240568AD68C5F3A7
:109CD00042610568AD686A0F0A4DAD5C15FB04F57D
:109CE000094EB65C95FBF6F5A0F86A50054D6D5C23
:109CF00015FB03F5044E765C95FBF6F5A0F868506D
:109D000070BD0000F8BB000800BC000890F82810E7
:109D100001F00801082907D10168496821F40041D0
:109D2000826B11430268516090F8281001F0010124
:109D300039B10168496821F40031C26A11430268EF
:109D4000516090F8281001F00201022907D1016842
:109D5000496821F48031026B11430268516090F828
:109D6000281001F00401042907D10168496821F491
:109D70008021426B11430268516090F8281001F075
:109D80001001102907D10168896821F48051C26B44
:109D900011430268916090F8281001F020012029F9
:109DA00007D10168896821F40051026C11430268EF
:109DB000916090F8281001F04001402913D101680A
:109DC000496821F48011426C114302685160416C72
:109DD000B1F5801F07D10168496821F4C001826C88
:109DE00011430268516090F8281001F08001802929
:109DF00007D10168496821F40021C26C114302684F
:109E00005160704738B504460020C4F89000FAF756
:109E10008FFD05462068006800F00800082821D161
:109E20006FF07E402B4600224FF400110090204638
:109E300000F0E6FCB0B100BF00BF216851E8001F90
:109E400021F08000226842E800010029F5D100BF1E
:109E50002020C4F8880000BF002084F8840000BFE0
:109E6000032038BD2068006800F00400042830D1C9
:109E70006FF07E402B4600224FF480010090204678
:109E800000F0BEFC28B300BF00BF216851E8001FEE
:109E900021F49070226842E800010029F5D100BF4A
:109EA00000BF00BF2168083151E8001F21F0010008
:109EB0002168083141E80002002AF3D100BF2020C8
:109EC000C4F88C0000BF002084F8840000BF032089
:109ED000C7E72020C4F88800C4F88C000020E066A2
:109EE000206700BF84F8840000BF00BFB9E770B5E9
:109EF0000446A56B0020A5F85E002846FEF77FFA11
:109F000070BD2DE9F0410546AC6BD4F88860D4F8FB
:109F10008C702068806800F08000802807D1212E96
:109F200005D10020A4F85600204600F0D1F82068A2
:109F3000806800F04000402807D1222F05D1002082
:109F4000A4F85E00204600F075F8D4F8900040F0C8
:109F50001000C4F890002046FEF751FABDE8F081E9
:109F600070B50546AC6BE869B0F5807F40D0002045
:109F7000A4F85E0000BF00BF216851E8001F21F473
:109F80008070226842E800010029F5D100BF00BFBF
:109F900000BF2168083151E8001F21F0010021684D
:109FA000083141E80002002AF3D100BF00BF00BF22
:109FB0002168083151E8001F21F040002168083174
:109FC00041E80002002AF3D100BF2020C4F88C0031
:109FD000E06E01280CD100BF00BF216851E8001FCE
:109FE00021F01000226842E800010029F5D100BFED
:109FF00000202067E06E012805D1B4F85C102046EF
:10A00000FEF776F902E02046FEF77AFD70BD70B5E6
:10A010000546AC6B01202067E06E012806D1B4F83C
:10A020005C0041082046FEF763F902E02046FEF797
:10A0300068FD70BD00BF00BF026852E8002F22F427
:10A040009071036843E80012002AF5D100BF00BFF9
:10A0500000BF0268083252E8002F104B02EA0301E9
:10A060000268083242E80013002BF2D100BFC16E33
:10A0700001290CD100BF00BF026852E8002F22F076
:10A080001001036843E80012002AF5D100BF202127
:10A09000C0F88C100021C16641677047FEFFFFEFDA
:10A0A00010B5044600BF00BF216851E8001F21F031
:10A0B0004000226842E800010029F5D100BF2020BD
:10A0C000C4F888000020A0672046FEF77CFD10BD84
:10A0D00000BF00BF026852E8002F22F0C0010368F1
:10A0E00043E80012002AF5D100BF00BF00BF02689C
:10A0F000083252E8002F22F400010268083242E8D8
:10A100000013002BF3D100BF2021C0F88810704746
:10A110002DE9F04F89B0054600200890F8492868DD
:10A12000884200D100E000BF2969A8680843696936
:10A130000843E96940EA010828680068F1490840D5
:10A1400040EA0800296808602868406820F4405008
:10A15000E968084329684860D5F81880E849286804
:10A16000884202D0286A40EA080828688068E649E0
:10A17000084040EA0800296888602868C06A20F022
:10A180000F00696A08432968C86200BFDF49286870
:10A19000884220D1DE48006800F03800182811D02D
:10A1A00005DC48B1082809D0102811D108E0202882
:10A1B0000AD028280CD109E001240BE0042409E08E
:10A1C000082407E0102405E0202403E0402401E0F7
:10A1D000802400BF42E1CF492868884219D1CC4889
:10A1E000006800F00700062810D2DFE800F0030541
:10A1F00007090B0D00240BE0042409E0082407E004
:10A20000102405E0202403E0402401E0802400BF66
:10A2100024E1C1492868884219D1BD48006800F08E
:10A220000700062810D2DFE800F0030507090B0D30
:10A2300000240BE0042409E0082407E0102405E0D2
:10A24000202403E0402401E0802400BF06E1B3495C
:10A250002868884219D1AE48006800F00700062837
:10A2600010D2DFE800F0030507090B0D00240BE016
:10A27000042409E0082407E0102405E0202403E07A
:10A28000402401E0802400BFE8E0A5492868884216
:10A2900019D19F48006800F00700062810D2DFE8B7
:10A2A00000F0030507090B0D00240BE0042409E06E
:10A2B000082407E0102405E0202403E0402401E006
:10A2C000802400BFCAE097492868884220D190487E
:10A2D000006800F03800182811D005DC48B10828C3
:10A2E00009D0102811D108E020280AD028280CD144
:10A2F00009E001240BE0042409E0082407E010240D
:10A3000005E0202403E0402401E0802400BFA5E014
:10A3100085492868884219D17D48006800F0070007
:10A32000062810D2DFE800F0030507090B0D002412
:10A330000BE0042409E0082407E0102405E02024B1
:10A3400003E0402401E0802400BF87E077492868CB
:10A35000884219D16E48006800F00700062810D224
:10A36000DFE800F0030507090B0D00240BE00424CF
:10A3700009E0082407E0102405E0202403E040243D
:10A3800001E0802400BF69E069492868884220D143
:10A390005F48006800F03800182811D005DC48B18B
:10A3A000082809D0102811D108E020280AD0282830
:10A3B0000CD109E001240BE0042409E0082407E0A3
:10A3C000102405E0202403E0402401E0802400BFA5
:10A3D00044E058492868884220D14D48006800F080
:10A3E0003800182811D005DC48B1082809D01028F9
:10A3F00011D108E020280AD028280CD109E0012436
:10A400000BE0042409E0082407E0102405E02024E0
:10A4100003E0402401E0802400BF1FE038492868A1
:10A4200088421AD13A48001D006800F0070006284B
:10A4300010D2DFE800F0030507090B0D02240BE042
:10A44000042409E0082407E0102405E0202403E0A8
:10A45000402401E0802400BF00E0802400BF2849A0
:10A46000286888424BD1102C1AD006DC022C09D067
:10A47000042C0BD0082C29D10DE0202C21D0402C0D
:10A4800024D120E0FBF764F8064623E005A8FBF79B
:10A4900089F9069E1EE002A8FBF79CFA039E19E0CC
:10A4A0001B4854380068C0F3401040B11848543875
:10A4B0000068C0F3C101204820FA01F600E01E4EFA
:10A4C00008E01E4E06E04FF4004603E0002601209F
:10A4D000089000BF00BF002E10D01949686A31F8FB
:10A4E0001000B6FBF0F9686800EB4000484503D85F
:10A4F00068680003484525D20120089007E153E031
:10A50000000C0058F369FFCFFFF4FF110010014069
:10A51000544402580044004000480040004C0040B1
:10A52000005000400014014000780040007C0040D2
:10A5300000180140001C01400090D00300093D00BC
:10A54000E0BB00087849686A31F810C06246002311
:10A5500030461946F5F7DAFE4FF4807C00220346B8
:10A56000A3FB0C0B01FB0CB103FB02136968490848
:10A5700084461CEB010143EB0200CDE90010D5F845
:10A5800004C06246002308460199F5F7BFFE07465E
:10A59000B7F5407F05D3B7F5801F02D22868C760A2
:10A5A000B5E001200890B2E0E869B0F5004F5BD15A
:10A5B000082C1AD005DC5CB1012C0DD0042C2DD157
:10A5C0000EE0102C16D0202C23D0402C26D122E0D7
:10A5D000FCF708FF064625E0FCF716FF064621E0DB
:10A5E00005A8FBF7DFF8069E1CE002A8FBF7F2F9CE
:10A5F000039E17E04D480068C0F3401038B14B4847
:10A600000068C0F3C1014A4820FA01F600E0484E54
:10A6100008E0484E06E04FF4004603E00026012023
:10A62000089000BF00BF7EB33F49686A31F8100050
:10A63000B6FBF0F04000696800EB5100B0FBF1F7A9
:10A64000102F0ED3B7F5803F0BD24FF6F07007EA0C
:10A65000000AC7F342004AEA000A2868C0F80CA0C2
:10A6600055E00120089052E0082C1BD005DC64B1B5
:10A67000012C0ED0042C2ED10FE0102C17D0202C42
:10A6800024D0402C27D123E041E0FCF7ABFE064666
:10A6900025E0FCF7B9FE064621E005A8FBF782F8A5
:10A6A000069E1CE002A8FBF795F9039E17E01F48E1
:10A6B0000068C0F3401038B11C480068C0F3C10105
:10A6C0001B4820FA01F600E0194E08E0194E06E09A
:10A6D0004FF4004603E000260120089000BF00BFB1
:10A6E000AEB11149686A31F81000B6FBF0F0696844
:10A6F00000EB5100B0FBF1F7102F06D3B7F5803F08
:10A7000003D2B8B22968C86001E001200890012096
:10A71000A5F86A00A5F8680000206867A86708988F
:10A7200009B0BDE8F08F0000E0BB0008004402580B
:10A730000090D00300093D0070B504460E46154652
:10A7400044F8586FA5800020A06322206063A06AAF
:10A75000583CF8B12748241DE16FC8632648E16FD3
:10A7600008642648E16FC8640020E16F086554F86A
:10A77000043C03F12401626DE06F241F2B46F9F7BE
:10A7800035FD38B11020C4F890002020C4F88C00AA
:10A79000012070BD206960B100BF00BF216851E891
:10A7A000001F41F48070226842E800010029F5D1C1
:10A7B00000BF00BF00BF2168083151E8001F41F011
:10A7C00001002168083141E80002002AF3D100BFEE
:10A7D00000BF00BF2168083151E8001F41F0400070
:10A7E0002168083141E80002002AF3D100BF0020AF
:10A7F000CFE70000619F00080FA00008039F00083A
:10A800002DE9F04104460D4617469846069E41E064
:10A81000701C00283ED0FAF78BF8A0EB0800B0427D
:10A8200000D816B90320BDE8F0812068006800F068
:10A83000040070B3802D2DD0402D2BD02068C0692E
:10A84000C0F3C00078B10820216808622046FFF7F5
:10A85000F1FB0820C4F8900000BF002084F88400B9
:10A8600000BF0120DFE72068C069C0F3C02080B1CD
:10A870004FF40060216808622046FFF7DBFB2020D0
:10A88000C4F8900000BF002084F8840000BF0320BB
:10A89000C9E7FFE72068C0692840A84201D101202C
:10A8A00000E00020B842B3D00020BCE710B53C481F
:10A8B000FDF7A6FD80223B493948FDF7E8FC3A4800
:10A8C00000683A49884258D03748006837491831FB
:10A8D000884252D0344800683449303188424CD0E4
:10A8E0003148006831494831884246D02E480068D6
:10A8F0002E496031884240D02B4800682B4978317E
:10A9000088423AD02848006828499031884234D09B
:10A91000254800682549A83188422ED02248006881
:10A920002349884229D020480068214918318842AB
:10A9300023D01D4800681E49303188421DD01A4876
:10A9400000681B494831884217D0174800681849E9
:10A950006031884211D01448006815497831884226
:10A960000BD01148006812499031884205D00E483A
:10A9700000680F49A831884208D10B480068006878
:10A9800020F0080008490968086007E006480068E8
:10A99000006820F0040004490968086010BD000048
:10A9A00004020020000000242C03002010000240BC
:10A9B0001004024010B53C48FDF722FD80223B49BF
:10A9C0003948FDF764FC3A4800683A49884258D053
:10A9D0003748006837491831884252D034480068F7
:10A9E0003449303188424CD03148006831494831CF
:10A9F000884246D02E4800682E496031884240D0B7
:10AA00002B4800682B49783188423AD028480068A2
:10AA100028499031884234D0254800682549A8311A
:10AA200088422ED0224800682349884229D02048F5
:10AA3000006821491831884223D01D4800681E490A
:10AA4000303188421DD01A4800681B49483188427D
:10AA500017D01748006818496031884211D014484F
:10AA600000681549783188420BD0114800681249B6
:10AA70009031884205D00E4800680F49A8318842BD
:10AA800008D10B480068006820F0080008490968F0
:10AA9000086007E006480068006820F004000449E8
:10AAA0000968086010BD0000980200200001002421
:10AAB000A4030020100002401004024000BFFEE783
:10AAC00037B514460846064B6A46214600F0F8F8AA
:10AAD00004466946002000F08AFC20463EBD000086
:10AAE000EFB3000802480068C0F30220704700007E
:10AAF0000CED00E010B5002804DB0A07130E054A30
:10AB0000135406E00A07140E034A00F00F031B1F3C
:10AB1000D45410BD00E400E018ED00E002E008C8E5
:10AB2000121F08C1002AFAD170477047002001E0C7
:10AB300001C1121F002AFBD1704700002DE9FF5F01
:10AB400082B00021DDE90430020DDDF840B003439E
:10AB500018D044F61050A2F2FF3242431514119857
:10AB600001281FD0A5EB0B00401C5FEA000A4FF044
:10AB700000064E4FDFF83891B046504615D5CAF161
:10AB8000000413E0119801244AA3012801D16FEABF
:10AB90000B010298119AC0E90031C0E9024206B0E7
:10ABA000BDE8F09FCBF10000DFE704460021404AFA
:10ABB000491842EB0450CDE9001012E0E00707D03D
:10ABC00032463B4640464946F5F73DFD80468946BC
:10ABD00032463B4610461946F5F735FD06460F4608
:10ABE0006410002CEAD1DDE90401DDE90023BAF1AB
:10ABF000000F06DAF5F727FD42464B46F5F723FD31
:10AC000005E0F5F792FD42464B46F5F78EFD04460A
:10AC10000E460022284BF5F70FFE03D84FF0FF3009
:10AC2000014607E00022254B20463146F5F764FC3B
:10AC3000F5F7EAFD102409E0002C0ADB0A220023C4
:10AC4000F5F764FB039B30321A55641E50EA01028B
:10AC5000F2D1641C039AC4F111031444119A012A1D
:10AC600003D0012208430DD10AE0084304D000209C
:10AC70004FF0110B119072E7A3EB0B056D1E0DE069
:10AC80005B4504DD4FF0000205F1010504E003DA45
:10AC90004FF00002A5F10105002AECD002981199AD
:10ACA000C0E90231C0E9004579E700000000144026
:10ACB0000000F03F300000000000F0430000E03FE3
:10ACC0002DE9FF4F95B09B468946064600250FE2C9
:10ACD000252877D100242746F84A0121059400E071
:10ACE000044316F8013F203B01FA03F01042F7D16C
:10ACF00030782A2811D06FF02F033078A0F130027D
:10AD0000092A16D8059A44F0020402EB820203EBEA
:10AD100042021044761C0590EFE759F8042B059287
:10AD2000002A03DA504244F40054059044F002042F
:10AD3000761C30782E2816D116F8010F44F0040442
:10AD40002A280DD06FF02F023078A0F13003092BA4
:10AD500009D807EB870302EB4303C718761CF3E718
:10AD600059F8047B761C30786C280FD006DC4C2810
:10AD700017D068280DD06A2814D104E0742810D0A8
:10AD80007A280FD10DE044F400140AE044F4801452
:10AD900001E044F440147278824202D104F5801438
:10ADA000761C761C307866280BD013DC582877D0B8
:10ADB00009DC002875D04528F6D04628F4D047286D
:10ADC0001AD19DE118E0632835D0642879D0652830
:10ADD00012D195E1702873D008DC6728F1D069287A
:10ADE0006FD06E280DD06F2806D1B5E073282CD017
:10ADF000752875D0782874D05A46179990476D1CDD
:10AE000075E1C4F30250022809D003280DD0D9F807
:10AE1000001004280DD00D6009F1040967E1D9F88C
:10AE20000010EA17C1E90052F6E7D9F800100D80CA
:10AE3000F2E70D70F0E719F8041B8DF80010002000
:10AE40008DF80100EA46012003E059F804AB4FF009
:10AE5000FF3061074FF0000102D40DE008F101015D
:10AE60008846B9420FDA8045F8DB1AF80810002945
:10AE7000F4D108E008F1010188468142FADB1AF8B2
:10AE800008100029F6D105985B46A0EB080721467B
:10AE90003846179A00F094FA284400EB080507E0BA
:10AEA0004DE029E10DE01AF8010B5A461799904739
:10AEB000B8F10108F7D25B4621463846179A13E1EC
:10AEC00042E00A220092C4F302524FF0000A022A22
:10AED00008D059F804CB032A4FEAEC710AD00DE0F0
:10AEE00029E02AE009F1070121F00702F2E802C196
:10AEF000914609E00FFA8CFC4FEAEC71042A03D169
:10AF00004FFA8CFC4FEAEC71002907DA0A4600215F
:10AF1000DCF1000C61EB02012D2202E0220504D5D8
:10AF20002B228DF80420012203E0E20701D0202229
:10AF3000F7E7904659E00A2102E010220DE01021C7
:10AF40004FF0000A00910BE010224FF0000A44F08D
:10AF500004040827009203E008224FF0000A009240
:10AF6000C4F30252022A05D059F804CB0021032A67
:10AF700008D009E009F1070121F00702F2E802C157
:10AF8000914605E01FFA8CFC042A01D10CF0FF0C5D
:10AF90004FF00008220728D5702806D0009B83F0C8
:10AFA000100353EA0A0305D00EE040228DF8042076
:10AFB000012208E05CEA010206D030228DF804206C
:10AFC0008DF8050002229046009B83F0080353EAA7
:10AFD0000A030AD15CEA010201D1620705D53022D9
:10AFE0008DF804204FF001087F1E582804D034A0AB
:10AFF00003900EA802900DE036A0F9E75346604694
:10B00000009AF5F783F984460398825C0298401E03
:10B01000029002705CEA0100F0D1029806A9081AB9
:10B0200000F1200A600702D524F4803400E00127F3
:10B03000574502DDA7EB0A0000E0002000EB0A0103
:10B04000009005984144401A0590E00306D45B4601
:10B050002146179A059800F0B3F90544002706E049
:10B0600001A85A46C05D179990476D1C7F1C474543
:10B07000F6DBE0030CD55B462146179A059800F0F5
:10B080009FF9054404E030205A46179990476D1CFB
:10B090000099481E00900029F5DC08E0029802990A
:10B0A0005A460078491C0291179990476D1CBAF1D5
:10B0B0000001AAF1010AF1DC65E1000009280100A4
:10B0C000303132333435363738396162636465661E
:10B0D00000000000303132333435363738394142E0
:10B0E000434445460000000000F058F90544761C32
:10B0F000307800287FF4ECAD19B02846BDE8F08F19
:10B10000620700D4062709F1070222F0070CFCE8C9
:10B110000223E14603F000485FEA080C02D00FF278
:10B12000702C0DE05FEA045C02D50FF2682C07E09A
:10B130005FEAC47C02D00FF2602C01E0AFF2700C29
:10B140004FF0FF3823F00043CDF850C065280CD0F5
:10B1500006DC452809D046281DD047283DD13DE0D2
:10B16000662818D067287ED138E00021112F01DB36
:10B17000112000E0781CCDE9000106A90EA8FFF718
:10B18000DDFCDDE90F010E9A03910021009207F129
:10B19000010A04914DE04FF000400097CDE9011005
:10B1A00006A90EA8FFF7CAFCDDE90F0203920E9B69
:10B1B00011990022DDF80CA00093049211B9791CBA
:10B1C00000EB010AB7EB0A0004D4C0F1FF3007F12D
:10B1D000010A0490AAEB0700019044E0012F00DA75
:10B1E00001270021112F01DD112000E03846CDE9B3
:10B1F000000106A90EA8FFF7A1FCDDE90F010E9AD8
:10B200000391002104910092BA4621070CD40399BE
:10B21000514500DA8A46BAF1010F05DD009AAAF11C
:10B220000101515C302908D0B84202DA10F1040F54
:10B2300006DA0121CDE9011015E0AAF10101E9E7E3
:10B24000002805DC049901440491AAEB000102E006
:10B25000411C514500DD8A460499401A401C01906A
:10B260004FF000400290200704D40198504501DBC4
:10B27000CDF8048000208DF84F0002980DF14F07A3
:10B28000B0F1004F25D02B200E9002984FF002080D
:10B2900000280CDA404202902D200E9007E00A218F
:10B2A0000298F5F7CCF83031029007F8011DB8F19B
:10B2B0000001A8F10108F2DC02980028EFD1791E04
:10B2C0000E980870307800F0200040F0450007F834
:10B2D000020D12A8C01B00F107081498007800B1F5
:10B2E000012000EB0A01019801EBE071059841444F
:10B2F000401A401E0590E00306D45B462146179A8B
:10B30000059800F05DF805441498007818B15A4685
:10B31000179990476D1CE00324D55B462146179A88
:10B32000059800F04DF805441CE00498002807DB60
:10B33000DDE90301884203DD0098405C179901E0D4
:10B34000179930205A469047049805F10105401C92
:10B3500004900198401E019004D12E205A4617995E
:10B3600090476D1CBAF10001AAF1010ADDDC05E08D
:10B3700017F8010B5A46179990476D1CB8F1000158
:10B38000A8F10108F4DC5B462146179A0598ABE664
:10B390002D0000002B000000200000002DE9F041EE
:10B3A000044600251E461746880404D405E03946A5
:10B3B0002020B0476D1C641EF9D52846BDE8F081F9
:10B3C0002DE9F041044600251E469046C80301D5EC
:10B3D000302700E02027880404D505E041463846A0
:10B3E000B0476D1C641EF9D52846BDE8F0810A6897
:10B3F000531C0B60107070472DE9F04704468A46D5
:10B4000015461CB1BAF1000F00D00DB9BDE8F087A8
:10B410004FF000084FF6FF790026374600210BE079
:10B420003AF81100361847F10007404500DD804624
:10B43000484500DA8146491CA942F1D3A4F810809E
:10B44000A4F81290404600F095F984ED010A4846B0
:10B4500000F090F984ED020A94ED010AD4ED020A9D
:10B4600030EE600A84ED000A30463946F4F7D9FF21
:10B4700000EE900A00EE105AB8EE401A80EE810AF3
:10B48000DFED050A20EE200ADFED040A80EE201A27
:10B4900084ED031A00BFB9E73333534000008047FF
:10B4A00070B58AB006460C4615460EB104B10DB90A
:10B4B0000AB070BD2A46214605A8FFF79DFFB0EEF1
:10B4C000080A2A462146684600F01CF89DED050A48
:10B4D000DDED000A9FED0A1A60EE810AB4EEE00A83
:10B4E000F1EE10FA05DD142269463046F4F760FFEC
:10B4F00004E0142205A93046F4F75AFF00BFD7E74D
:10B50000713D8A3F2DE9F04F2DED028BADF60C0D0C
:10B5100005468B469046B0EE408A2DB1BBF1000F38
:10B5200002D0B8F1000F05D10DF60C0DBDEC028B69
:10B53000BDE8F08FB5EEC08AF1EE10FA05D84246AC
:10B5400059462846FFF758FFEEE79FED5F0AB4EE35
:10B55000C08AF1EE10FA03DB9FED5C0AB0EE408A80
:10B56000002404E0002003A941F82400641CB4F581
:10B57000007FF7D300263746002412E03BF8140082
:10B58000C109B1F5007F01D340F2FF1103AA52F8BF
:10B590002120521C03AB43F82120361847F1000745
:10B5A000641C4445EAD300EE108AB8EE400A20EE4F
:10B5B000080ADFED470A80EE201ABCEEC10A10EE41
:10B5C000109AB9F1000F01D14FF001094FF0000AB4
:10B5D00000200290002416E0504603A951F82410E0
:10B5E0008A44CA450ED3A9EB000203AB53F82410DA
:10B5F00001B90121D301B3FBF1F303EBC4139BB2F7
:10B60000029303E0641CB4F5007FE5D300BF4FF064
:10B61000000A4FF6FF7001904FF4007421E051468C
:10B6200003A850F824008244CA4519D3A9EB0103AA
:10B630000DF10C0C5CF8242002B901224FEAC31C66
:10B64000BCFBF2FE04F1010CCEEBCC10B0F5803F58
:10B6500001D34FF6FF701FFA80FCCDF804C004E060
:10B6600000BF201EA4F10104D9D100BF0198288297
:10B6700002986882019800F07DF885ED010A029831
:10B6800000F078F885ED020A95ED010AD5ED020A81
:10B6900030EE600A85ED000A30463946F4F7C1FE07
:10B6A00000EE900A00EE108AB8EE400A80EE801A92
:10B6B0009FED080A21EE000ADFED070A80EE201A4E
:10B6C00085ED031A00BF2FE7000048420000444206
:10B6D0000000C842333353400000804710B586B0A5
:10B6E0002048007801283BD11F48F7F7FBF81F4896
:10B6F0004FF48041002923DD00F01F046218034647
:10B7000000BF00BF00BFBFF34F8F00BF00BF00BF2F
:10B7100000BF174C23602033203A002AF9DC00BF19
:10B7200000BF00BFBFF34F8F00BF00BF00BF00BF0F
:10B7300000BF00BFBFF36F8F00BF00BF00BF00BFDF
:10B7400000BF4FF40052094901A8FFF7A9FE0020ED
:10B75000044908704FF4005204490348F7F70AF807
:10B7600006B010BD3C000020400000200002002474
:10B770005CEF00E000EE100AB8EE400ADFED040ACC
:10B7800060EE200A9FED031A80EE810A70470000E8
:10B79000333353400000804710B512A0FEF76CFA17
:10B7A0000520F8F713FF13A0FEF766FA0520F8F757
:10B7B0000DFF13A0FEF760FA0520F8F707FF13A0AE
:10B7C000FEF75AFA0520F8F701FF13A0FEF754FA26
:10B7D0000520F8F7FBFE13A0FEF74EFA0520F8F758
:10B7E000F5FE10BD41542B56455253494F4E0D0A9C
:10B7F0000000000041542B4C414444520D0A00000B
:10B8000041542B424155440D0A00000041542B5035
:10B81000494E0D0A0000000041542B4E414D450D8C
:10B820000A00000041542B454E4C4F470D0A0000C2
:10B8300010B50446214602A0FEF71EFA10BD000016
:10B8400025730D0A00000000FDF738FA00BF6048BC
:10B85000006800F4003000B139E000BF00BF00BF55
:10B86000BFF34F8F00BF00BF00BF00BF00BF00BFCE
:10B87000BFF36F8F00BF00BF00BF002055490860B5
:10B8800000BF00BF00BFBFF34F8F00BF00BF00BFAE
:10B8900000BF00BF00BFBFF36F8F00BF00BF00BF7E
:10B8A0004B48006840F400304949086000BF00BFC1
:10B8B00000BFBFF34F8F00BF00BF00BF00BF00BF7E
:10B8C00000BFBFF36F8F00BF00BF00BF00BF00BF4E
:10B8D0003F4B1B6803F4803303B148E000233C4C2A
:10B8E0007034236000BF00BF00BFBFF34F8F00BFA5
:10B8F00000BF00BF231F1868C0F34E3100BFC0F364
:10B90000C90200BF43F6E07303EA41134FF040441D
:10B9100004EA827423432F4C1034236000BF00BF1D
:10B92000131EA2F10102EDD10B1EA1F10101E6D11E
:10B9300000BF00BF00BFBFF34F8F00BF00BF00BFFD
:10B94000234B1B6843F48033214C236000BF00BFAE
:10B9500000BFBFF34F8F00BF00BF00BF00BF00BFDD
:10B9600000BFBFF36F8F00BF00BF00BF00BFF8F77D
:10B97000F1FFFDF7C9FFFDF7DCFDFDF7DBFAFDF791
:10B980006BFAFDF793FAFDF75BFBFDF7CFFBFDF7D5
:10B9900095FBFDF7FFF9FDF77BFCFDF78DFF00F050
:10B9A00027F84FF400520C490C48F6F7E3FE0C4818
:10B9B000FCF74CFB4FF47A70F8F708FEFFF7ECFE4B
:10B9C00008A0FFF735FF01E000F018F8FCE70000E1
:10B9D00014ED00E050EF00E00002002440000020E1
:10B9E000B8010020626C75655F6F6B0D0A00000086
:10B9F00002200149087070472000002070B5002522
:10BA000000241DE01148056804EB4400104901EBD7
:10BA10008000806804EB44010D4A02EB8101496813
:10BA20000844A8420AD804EB440152F82100804798
:10BA300004EB4400064901EB80008560601CC4B241
:10BA4000044800788442DDDB70BD0000080000205F
:10BA5000240000202000002010B54C480078012868
:10BA60003DD14B488021002923DD00F01F046218DE
:10BA7000034600BF00BF00BFBFF34F8F00BF00BF32
:10BA800000BF00BF434C23602033203A002AF9DC7A
:10BA900000BF00BF00BFBFF34F8F00BF00BF00BF9C
:10BAA00000BF00BF00BFBFF36F8F00BF00BF00BF6C
:10BAB00000BF00BF3848027835493848F4F778FCB1
:10BAC00080213348F4F78DFC344935A0FEF7B6F8F1
:10BAD00080213248F4F785FC00202C490870324858
:10BAE0000078012851D131488021002923DD00F060
:10BAF0001F046218034600BF00BF00BFBFF34F8F93
:10BB000000BF00BF00BF00BF224C23602033203A9B
:10BB1000002AF9DC00BF00BF00BFBFF34F8F00BF9A
:10BB200000BF00BF00BF00BF00BFBFF36F8F00BFEB
:10BB300000BF00BF00BF00BF1D4802781B491D4861
:10BB4000F4F736FC80211948F4F74BFC1AA0FEF7F5
:10BB500093F81CA11748F4F756FC28B900220221DB
:10BB60001A48F8F7DFFE09E019A11248F4F74BFC78
:10BB700020B9012202211548F8F7D4FE80210D4892
:10BB8000F4F72FFC00200849087010BD1C000020AD
:10BB9000000000245CEF00E01D0000208000002475
:10BBA00052783A25730D0A001E000020000100247F
:10BBB0001F0000208001002452454345565F4F4B33
:10BBC0000D0A00006C65645F6F6E0000000402588F
:10BBD0006C65645F6F66660000061016000610163E
:10BBE000010002000400060008000A000C0010001A
:10BBF0002000400080000001010101030701000056
:10BC0000080402040801010100000000010203040D
:10BC1000010203040607080948BC000800000020D0
:10BC2000400000001CAB000888BC00080000002495
:10BC3000004200004609000888BC000840000020BF
:10BC4000E04300002CAB00080000000000000000F2
:10BC50000000000010000000010000000090D00370
:10BC60000090D003000000000000000059BA000856
:10BC70001400000000000000DDB60008F401000020
:10BC8000000000000000000001FF01FF01FF01FFB4
:10BC900001FF01FF01FF01FF01FF01FF01FF01FFA4
:10BCA00001FF01FF01FF01FF01FF01FF01FF01FF94
:10BCB00001FF01FF01FF01FF01FF01FF01FF01FF84
:10BCC00001FF01FF01FF01FF01FF01FF01FF01FF74
:10BCD00001FF01FF01FF01FF01FF01FF01FF01FF64
:10BCE00001FF01FF01FF01FF01FF01FF01FF01FF54
:10BCF00001FF01FF01FF01FF01FF01FF01FF01FF44
:10BD000001FF01FF01FF01FF01FF01FF01850000AD
:04000005080002CD20
:00000001FF
