:020000040800F2
:100000006849012055080008C1930008998B000831
:10001000B99300083111000899AD000800000000F4
:10002000000000000000000000000000D996000859
:10003000711F000800000000C9930008E196000845
:1000400073080008730800087308000873080008A4
:100050007308000873080008730800087308000894
:1000600073080008730800087308000839110008B5
:1000700049110008591100086911000873080008A7
:1000800073080008730800081111000873080008BD
:100090007308000873080008730800087308000854
:1000A0007308000873080008730800087308000844
:1000B0007308000873080008730800087308000834
:1000C0007308000873080008730800087308000824
:1000D0007308000869AB00087308000881AC0008C9
:1000E0007308000873080008000000007308000887
:1000F00073080008730800087308000873080008F4
:1001000073080008730800087308000873080008E3
:1001100073080008730800087308000873080008D3
:1001200073080008730800087308000873080008C3
:1001300073080008730800087308000873080008B3
:1001400000000000000000000000000000000000AF
:100150007308000873080008730800087308000893
:100160007308000873080008730800087308000883
:1001700073080008730800087308000800000000F6
:100180007308000873080008730800087308000863
:100190007308000873080008730800087308000853
:1001A00073080008730800087308000800000000C6
:1001B0007308000873080008730800087308000833
:1001C0007308000873080008000000000000000029
:1001D000000000000000000073080008000000009C
:1001E000000000000000000000000000000000000F
:1001F00000000000000000007308000873080008F9
:100200007308000873080008000000007308000865
:1002100073080008730800087308000873080008D2
:1002200073080008000000007308000800000000C8
:100230007308000873080008000000007308000835
:1002400073080008730800087308000873080008A2
:100250007308000873080008730800087308000892
:100260007308000873080008730800087308000882
:1002700073080008730800087308000800000000F5
:100280007308000873080008730800087308000862
:100290000000000073080008730800080000000058
:1002A00000000000730800087308000873080008C5
:1002B0007308000873080008730800087308000832
:1002C000730800087308000873080008DFF80CD0F2
:1002D00000F00EFD0048004789C000086849012071
:1002E000014420F01F001F3121F01F01091A0129CC
:1002F000B8BF7047BFF34F8F4EF65C72CEF200026C
:100300002029106010DD412900F1200313600BDB70
:10031000612900F14003136006DB00F160038039BE
:1003200000F180001360EBDCBFF34F8FBFF36F8FE2
:10033000704700BF00BF00BF014420F01F001F3105
:1003400021F01F01091A0129B8BF7047BFF34F8F71
:100350004EF66872CEF200022029106010DD4129AD
:1003600000F1200313600BDB612900F140031360EF
:1003700006DB00F16003803900F180001360EBDCE4
:10038000BFF34F8FBFF36F8F704700BF00BF00BF39
:100390002DE9F04381B02DED0A8B82B0B1F5805F7D
:1003A00006D128B19146002A1CBF9846002B05D1E2
:1003B00002B0BDEC0A8B01B0BDE8F08342F21F0130
:1003C000421820F01F0122F01F02521A012A1DDBE1
:1003D000BFF34F8F4EF65C73CEF20003202A1960F4
:1003E00010DD412A01F120071F600BDB612A01F1BA
:1003F00040071F6006DB01F16007803A01F18001D0
:100400001F60EBDCBFF34F8FBFF36F8F00F1200154
:10041000002200278318865A8C185D8837449E88EE
:100420002F44DD8837441E892F445D8937449E89D7
:100430002F44DD8937441E8A2F445D8A37449E8AC3
:100440002F44DD8A37441E8B2F445D8B37449E8BAF
:100450002F4434F8025C37448E5A2F445D8C374465
:100460009E8C2F44DD8C37441E8D2F445D8D374488
:100470009E8D2F44DD8D37441E8E2F445D8E374474
:100480009E8E2F44DD8E37441E8F2F445D8F374460
:100490009E8F2F44DB8F40323744B2F5005F1F44FC
:1004A000B8D14CF6601340F20002C2F20003C2F26F
:1004B0000002C7F30F31A3F11004203A08384FF4BB
:1004C00080539FEDDC0A9FEDDCAA4FF0000E25461D
:1004D00030F810CFC2F824E030F8086CC2F82CE0F5
:1004E00030F8067CC2F834E0761AC2F83CE001EE3F
:1004F000106A7E1A02EE106A30F8047CC2F844E0FA
:10050000083BB8EEC11AA7EB0106B8EEC22A03EE0B
:10051000106A30F8026CACEB010721EE001AC2F849
:100520004CE022EE002AA6EB0106B8EEC33AC2F870
:1005300054E021EE0A1AC2F85CE085ED041A22EEBE
:100540000A2A82ED081A01EE106A468885ED052A0E
:1005500082ED0A2A02EE107AA6EB010723EE003A9A
:1005600004EE107A8788B8EEC11A23EE0A3AA7EB98
:100570000107B8EEC44A85ED063AB8EEC22A82ED0C
:100580000C3A21EE001A24EE003A04EE107A22EE24
:10059000002AC78821EE0A1AB8EEC44A85ED071A68
:1005A00082ED0E1A22EE0A1A85ED081AA7EB010752
:1005B00082ED101A24EE001A23EE0A2A85ED092A8C
:1005C00021EE0A1A82ED122A85ED0A1A82ED141A1A
:1005D00001EE107A02F14007B8EEC11A21EE001ABE
:1005E00021EE0A1A85ED0B1A05F1200582ED161A87
:1005F0003A467FF46DAF40F200074CF2B800C2F209
:100600000007C2F2000000220123394600250AF04B
:10061000C7FB48F200064FF40062C2F200063846FB
:1006200031460BF0A5F801AA6B464FF40061304645
:10063000C6E90055C6E902550BF0BEF9009840F234
:10064000FD72411E914205D900EE100AB8EE40BA83
:1006500038E000BF06EB8002B6EE003A06EB8101FF
:1006600092ED000A92ED012A30EE000A91ED001A97
:1006700031EE400A31EE421A32EE000A21EE031A40
:10068000B5EE400A81EE001A9FED6C0AF1EE10FA09
:1006900000FE011AB7EE000AB4EE401AF1EE10FAAD
:1006A0000ADCBFEE002AB0EE410AB4EE421AF1EEC7
:1006B00010FA01DAB0EE420A01EE100AB8EE411A61
:1006C00030EE01BA9FED5ECA2BEE0C0A20EE0A9ABC
:1006D000B0EE490A0BF028F9B0EE408AB0EE490AB4
:1006E0000BF08AFCDFED550AB7EE002AB0EE601A77
:1006F000B0EE603A4FF4805028EE024AD4ED047A0E
:1007000020EE025A083842EE270A94ED052A00EE40
:10071000434A08EE035A03EE271A28EE046A20EE35
:10072000047A44EE020A00EE456A08EE057A05EE08
:10073000021A94ED062A68EE061A60EE062A46EEC4
:10074000020A40EE471A48EE072A07EE021A94ED15
:10075000072A68EE213A60EE214A41EE820A40EE15
:10076000623A48EE224A02EE821A94ED082A68EEB6
:10077000235A60EE236A43EE820A40EE645A48EE42
:10078000246A04EE821A94ED092A28EE253A20EE16
:10079000254A45EE820A00EE663A08EE264A06EE43
:1007A000821A94ED0A2A28EE035A20EE036A43EED9
:1007B000020A00EE445A08EE046A04EE021A94EDAE
:1007C0000B4A04F1200428EE052A20EE053A45EEF6
:1007D000040A06EE041A00EE462A08EE063A8BD109
:1007E000B0EE410A0BF086FE9FED161AB4EE410AF8
:1007F000F1EE10FA02DD30EE0C0A0AE09FED121A5B
:10080000B4EE410AF1EE10FA03DA9FED101A30EE61
:10081000010A9FED0F1A2BEE011A21EE0A1A88ED3C
:10082000001A89ED000A02B0BDEC0A8B01B0BDE8E8
:10083000F08300BF333353400000803900000000D4
:10084000DB0FC9C0DB0F4940DB0F49C0DB0FC940DC
:1008500000247449074880470748804707480047F5
:10086000FEE7FEE7FEE7FEE7FEE7FEE7FEE7FEE760
:10087000FEE7FEE7991F0008B1970008CD020008C7
:100880002DE9F05F0546002092469B4688460646C5
:10089000814640241BE0284641464746224600F058
:1008A0005EF853465A46C01A914110D31146184675
:1008B000224600F045F82D1A67EB01084F46224604
:1008C0000120002100F03CF817EB00094E41201EEA
:1008D000A4F10104DFDC484631462A464346BDE820
:1008E000F09FD2B201E000F8012B491EFBD2704705
:1008F0000022F6E710B513460A4604461946FFF7EC
:10090000F0FF204610BD421C10F8011B0029FBD14E
:10091000801A704730B50B46014600202022012482
:1009200009E021FA02F59D4205D303FA02F5491BBD
:1009300004FA02F52844151EA2F10102F1DC30BDD3
:10094000202A04DB203A00FA02F10020704791408F
:10095000C2F1200320FA03F3194390407047202A84
:1009600004DB203A21FA02F00021704721FA02F359
:10097000D040C2F1200291400843194670472DE94A
:10098000FE4F804681EA0300C00F0C46009021F024
:10099000004123F00045B8EB0200A94105D24046D2
:1009A000214690461C460B46024623F00040104369
:1009B00047D0270DC7F30A00C3F30A510290401A2B
:1009C000019040286BDAC3F3130040F4801B0098B9
:1009D000924620B10023D2EB030A63EB0B0B019884
:1009E0005946C0F140025046FFF7AAFF06460D46A1
:1009F00050465946019A00F08DF910EB080061410C
:100A0000002487EA115284EAE7731A4340D0009A1F
:100A100062B3019A012A4FEA075215DC001B61EB11
:100A200002014FF0004202EA0752CDE90042001CE9
:100A300041F5801132462B4600F08DF903B0BDE838
:100A4000F08F40462146F9E7001B61EB0201001CD4
:100A500041F5801300185B412018A2F5001747EB01
:100A6000030140EAD570B6196D4111E06D084FEAF7
:100A7000360645EAC0754FEA0752001B61EB0201DA
:100A8000001C41F5801149084FEA3000001951411E
:100A900032462B4603B0BDE8F04F00F04DB9009848
:100AA000012240000023D0EB020263EBE0730098C8
:100AB00021464FEAE074B8EB000061EB0401E9E77E
:100AC00083F000435BE781F0004158E72DE9FE4FDA
:100AD00081EA030404F0004421F0004100944FF047
:100AE000000B23F0004350EA01045ED052EA0304F5
:100AF0005BD0C3F30A54C1F30A552C44A4F2F33477
:100B00000194A0FB0254C1F3130141F48011C3F31B
:100B1000130343F4801301FB024400FB034E840AD9
:100B2000970A44EA815447EA8357A4FB0768029571
:100B30008D0A05FB07854FEA932C04FB0C5427050F
:100B4000029D4FEA065847EA1637B5EB08056EEBEB
:100B5000070C870E920E47EA811742EA8312A7FB21
:100B60000201B6EB0B0164EB00042B0D43EA0C33DE
:100B70005E1844EB1C50DA465146E7FB0201C5F310
:100B800013044FEA0B3343EA14534FEA0432019C37
:100B900043EA0603A4F10C040294009CCDE900B4DE
:100BA00000F0D9F803B0BDE8F08F00200146F9E766
:100BB0002DE9F04D81EA030404F0004B21F00045DB
:100BC00014464FF0000A23F0004150EA050220D0FD
:100BD00054EA01021DD0C5F30A570246C5F31303B8
:100BE000C1F31300C1F30A5640F4801543F4801397
:100BF000A7EB0608101BD64608F2FD3873EB05007C
:100C000002D308F1010801E092185B41B8F1000F2E
:100C100003DA00200146BDE8F08D00204FF480117A
:100C2000064684460EE0171B73EB050705D3121B1F
:100C300063EB050306434CEA010C49084FEA300018
:100C400092185B4150EA0107EDD152EA030012D03D
:100C500082EA040083EA0501084305D0101BAB417A
:100C600006D20122002306E000224FF0004302E0FA
:100C70006FF0010253101AEB06004CEB085110EB19
:100C80000A0041EB0B01BDE8F04D00F055B8C1F38F
:100C90000A52C1F3130140F2FF3341F480119A422A
:100CA00002DA00200146704740F233439A42A2F232
:100CB000334202DC5242FFF752BEFFF741BE000052
:100CC00030B5041E71F1000404DB4FF000444042D3
:100CD00064EB0101141E73F1000405DB1C464FF0A8
:100CE0000043524263EB0403994208BF904230BD77
:100CF000064C074D06E0E06840F0010394E8070069
:100D000098471034AC42F6D3FFF7E4FA9CDD0008B4
:100D1000CCDD0008202A06DBCB17203A41FA02F08E
:100D200043EAE07306E041FA02F3D040C2F1200248
:100D3000914008431946704710B5141E73F1000422
:100D400008DA401C41F1000192185B411A4301D1BD
:100D500020F0010010BD2DE9F04D92469B4611B1E7
:100D6000B1FA81F202E0B0FA80F220329046FFF749
:100D7000E7FD04460F4640EA0A0041EA0B015346EC
:100D80005A46084313D0114653EA010019D0C8F15E
:100D900040025046FFF7E3FD05460E4650465946D1
:100DA0004246FFF7CDFD084305D0012004E0204670
:100DB0003946BDE8F08D0020054346EAE0762C4335
:100DC00037430A986305E40AA0EB08000022FD0AF5
:100DD00044EA47540A3002D500200146E9E70105FC
:100DE00010196941DDE9084500196941BDE8F04D78
:100DF000A2E730B58C1810F8012B12F00F0301D1C7
:100E000010F8013B120906D110F8012B03E010F88D
:100E1000015B01F8015B5B1EF9D101E001F8013BC8
:100E2000521EFBD1A142E6D3002030BD00000000DD
:100E300010B50446006842F2001140F48070C4F21C
:100E40000201884218D142F20830C4F20200006860
:100E500010F4403F18D006F087F96168B1F5803F83
:100E600005D0B1F5403F2BD0B1F5003F29D1090C99
:100E7000B0FBF1F025E000BF46F20830C5F60200F5
:100E8000006810F4403FE6D14FF40020002105F047
:100E900097F86168A1F580224FEAB2420A2A10D879
:100EA000DFE802F00606060606063C3E4042440025
:100EB0006FF0010202EA5141B0FBF1F001E000BF26
:100EC00080084BF62141C0F2BE01884206D8206856
:100ED000816821F44071816010BD00BF47F6410177
:100EE000C0F27D11884207D820680122816862F330
:100EF0000921816010BD00BF21684FF28102C0F25C
:100F0000FA229042886805D8022262F3092088609C
:100F100010BD00BF40F44070886010BD0009D0E7EC
:100F20004009CEE78009CCE7C009CAE7000AC8E754
:100F30000146806B026E12F0500F026E06D0D20690
:100F400010D4806DC26C0846104700BF42F4007197
:100F5000016601680A681207CA6805D4910717D0AC
:100F600001F056BD01F07CBD12F4406FF8D1C968A4
:100F70008904F5D4016E21F480710166016EC90403
:100F8000EED4016E41F00101016601F041BD00BFE8
:100F9000016E21F480710166016EC904E0D4016E16
:100FA00041F00101016601F033BD000000000000C6
:100FB000806B016E41F040010166416E41F0040119
:100FC000416601F04DBD0000806B01F035BD0000B1
:100FD000B0B501680446886880078A684FF0000051
:100FE00033D412F0010208BFB0BD886800F00D00D4
:100FF00001281FD14FF6C0728868C7F6FF721040F3
:10100000023088600320086004F062F82168896873
:10101000C90701D10020B0BD054602E08068C007C5
:1010200012D004F055F8401B03282068F6D38168DD
:10103000C907F3D0206E40F010002066606E40F0CB
:10104000010060660120B0BD0020B0BD00000000BE
:10105000F0B581B0044600688168C90752D14FF6E7
:10106000C0778168C7F6FF7707F17F0211420BD086
:10107000206E40F010002066606E40F00100606657
:10108000012001B0F0BD00BF8168394041F001018D
:10109000816004F01DF842F2000246F20836C4F204
:1010A0000202216802F5807302F54275C5F6020658
:1010B000994208BF2E4691420A4608BF2E469942E1
:1010C000054604BF42F20002C4F2020230688A42BE
:1010D00018BF10F01F0015D10868C00712D188682A
:1010E000C00704D18868384040F00100886003F0F0
:1010F000EFFF401B21680328EED30868C007EBD13F
:10110000B6E700BF002001B0F0BD00000000000005
:1011100080B54CF2B040C2F2000001F0C1FC4CF2CC
:101120002050C2F20000BDE8804001F0B9BC0000D0
:10113000FEE70000000000004CF21C00C2F20000BC
:1011400002F016BD000000004CF23060C2F2000058
:1011500002F00EBD000000004CF2A860C2F20000D8
:1011600002F006BD000000004CF2B850C2F20000D0
:1011700002F0FEBC0000000040F20F42D0F800C0B8
:10118000C4F20202944511DC6F22C4F202029445BB
:1011900022DC3F22C4F20202944539DC1022C4F260
:1011A000020294455AD0282254E000BF40F26F4218
:1011B000C4F2020294451BDC40F23F42C4F2020238
:1011C00094452DDC40F21042C4F20202944545D011
:1011D00040F228423EE000BF9F22C4F20202944542
:1011E00028DC7022C4F20202944537D0882231E014
:1011F00040F29F42C4F20202944523DC40F2704266
:10120000C4F20202944529D040F2884222E000BF95
:101210004022C4F20202944520D058221AE000BFB6
:1012200040F24042C4F20202944517D040F25842C4
:1012300010E000BFA022C4F2020294450ED0B822F2
:1012400008E000BF40F2B842C4F20202944505D063
:1012500040F2A042C4F20202944519D16FF00F028D
:101260004AF6AB2352FA8CF2CAF6AA23A2FB033148
:101270000AA35F2AC1F302115B5C40F2FF312CEA42
:101280000101C36588BF043181650846704700BF0E
:101290002CF0FF0181650846704700BF000610165C
:1012A000000610160000000070B540F26F44D0F840
:1012B00000C0C4F20204D0F858E0A4451ADC9F250F
:1012C000C4F20205AC4533DC5725C4F20205AC4537
:1012D0005ADC1025C4F20205AC4500F098802825A0
:1012E000C4F20205AC4500F092804025C4F202052C
:1012F0008AE000BF45F22F45C5F60205AC452DDC5E
:1013000040F2B745C4F20205AC454BDC40F27045F3
:10131000C4F20205AC457AD040F28845C4F2020519
:10132000AC4574D040F2A045C4F202056CE000BFA9
:1013300040F22745C4F20205AC4543DCA025C4F2C7
:101340000205AC4563D0B825C4F20205AC455ED0B9
:1013500040F21045C4F2020556E000BF45F26B456D
:10136000C5F60205AC453FDC45F23045C5F6020541
:10137000AC454CD045F24445C5F60205AC4546D0D7
:1013800045F258453EE000BF5825C4F20205AC4581
:101390003DD07025C4F20205AC4538D08825C4F292
:1013A000020531E040F2B845C4F20205AC452ED04A
:1013B00045F20845C5F60205AC4528D045F21C4566
:1013C00020E000BF40F22845C4F20205AC451ED023
:1013D00040F24045C4F20205AC4518D040F25845F1
:1013E000C4F2020510E000BF45F26C45C5F60205E7
:1013F000AC450CD045F29445C5F60205AC4506D087
:1014000045F28045C5F60205AC4540F0D580456EF5
:10141000C66E002E866E6E601CBFD0E91C566E60D4
:10142000A44515DC9F24C4F20204A4452CDC5724F7
:10143000C4F20204A44551DC1024C4F20204A44501
:101440007AD02824C4F20204A44575D040246FE069
:1014500045F22F44C5F60204A44529DC40F2B74406
:10146000C4F20204A44545DC40F27044C4F2020414
:10147000A44561D040F28844C4F20204A4455BD084
:1014800040F2A04454E000BF40F22744C4F20204FA
:10149000A4453FDCA024C4F20204A4454CD0B824E7
:1014A000C4F20204A44547D040F2104440E000BF1B
:1014B00045F26B44C5F60204A44555DC45F23044C0
:1014C000C5F60204A44561D045F24444C5F60204C1
:1014D000A4455BD045F2584454E000BF5824C4F200
:1014E0000204A44528D07024C4F20204A44523D0E9
:1014F00088241DE040F2B844C4F20204A4451BD085
:1015000045F20844C5F60204A4453FD045F21C4408
:1015100038E000BF40F22844C4F20204A4450BD0D6
:1015200040F24044C4F20204A44505D040F25844BD
:10153000C4F20204A4453FD18468C06D00F01F00CE
:101540003F2505FA00F0CEF80800DCF80000402C3A
:1015500020F48020CCF80000CCF8043023D0CCF864
:101560000810CCF80C2070BD45F26C44C5F602049E
:10157000A4450BD045F28044C5F60204A44505D02D
:1015800045F29444C5F60204A44515D1C46D8068A3
:1015900004F01F040125402805FA04F4CEF80440A5
:1015A000CCF8043004D1CCF80820CCF80C1070BD75
:1015B000CCF80810CCF80C2070BD00000000000032
:1015C000002808BF70474CF29801C2F2000101F1F7
:1015D000080C49699CE80C1080E80C10C160704749
:1015E0002DE9F04381B02DED088B4CF2C8084CF288
:1015F000BC2900249FEDB49A9FEDB4AAC2F2000862
:101600009FEDB3BAC2F20009002700BF00EE107AC6
:10161000B8EE400A20EE090A80EE0A8AB0EE480AC7
:101620000BF0BEF820EE0B0A08EB0405BDEEC00A75
:1016300010EE100AB0EE480A28F804000BF058F932
:10164000781C20EE0B0A01EE100A09EB0406BDEE31
:10165000C00AB8EE411A10EE100A21EE091A29F854
:10166000040081EE0A8AB0EE480A0BF099F820EEE9
:101670000B0ABDEEC00A10EE100AB0EE480A6880F0
:101680000BF036F9B81C20EE0B0A01EE100ABDEE85
:10169000C00AB8EE411A10EE100A21EE091A708045
:1016A00081EE0A8AB0EE480A0BF07AF820EE0B0AB7
:1016B000BDEEC00A10EE100AB0EE480AA8800BF08A
:1016C00017F9F81C20EE0B0A01EE100ABDEEC00A55
:1016D000B8EE411A10EE100A21EE091AB08081EE20
:1016E0000A8AB0EE480A0BF05BF820EE0B0ABDEE5A
:1016F000C00A10EE100AB0EE480AE8800BF0F8F8C5
:10170000381D20EE0B0A01EE100ABDEEC00AB8EE3D
:10171000411A10EE100A21EE091AF08081EE0A8AB1
:10172000B0EE480A0BF03CF820EE0B0ABDEEC00A02
:1017300010EE100AB0EE480A28810BF0D9F8781D97
:1017400020EE0B0A01EE100ABDEEC00AB8EE411AF7
:1017500010EE100A21EE091A308181EE0A8AB0EEED
:10176000480A0BF01DF820EE0B0ABDEEC00A10EE81
:10177000100AB0EE480A68810BF0BAF8B81D20EEE6
:101780000B0A01EE100ABDEEC00AB8EE411A10EEC7
:10179000100A21EE091A708181EE0A8AB0EE480A19
:1017A0000AF0FEFF20EE0B0ABDEEC00A10EE100A92
:1017B000B0EE480AA8810BF09BF8F81D20EE0B0A4A
:1017C00001EE100ABDEEC00AB8EE411A10EE100A82
:1017D00021EE091AB08181EE0A8AB0EE480A0AF0B9
:1017E000DFFF20EE0B0ABDEEC00A10EE100AB0EECD
:1017F000480AE8810BF07CF807F1080020EE0B0A9C
:1018000001EE100ABDEEC00AB8EE411A10EE100A41
:1018100021EE091AF08181EE0A8AB0EE480A0AF038
:10182000BFFF20EE0B0ABDEEC00A10EE100AB0EEAC
:10183000480A28820BF05CF807F1090020EE0B0A39
:1018400001EE100ABDEEC00AB8EE411A10EE100A01
:1018500021EE091A308281EE0A8AB0EE480A0AF0B7
:101860009FFF20EE0B0ABDEEC00A10EE100AB0EE8C
:10187000480A68820BF03CF820EE0B0A0A37FA2F70
:1018800004F11404BDEEC00A10EE100A70827FF459
:10189000BDAE4CF2140044F20001C2F20000C4F2EA
:1018A0001C61012201604CF29801C2F2000100208B
:1018B000C1E90100C1E90300486100200A70BDECE4
:1018C000088B01B0BDE8F083DB0FC94000007A430C
:1018D00000FEFF46000000002DE9F04F81B02DED25
:1018E0000A8B41F204024CF2980ACEF20002C2F2D4
:1018F000000AD2F800909AF80020012A0ED18B46F7
:101900004FF0FF31002818BFBBF1000F14D108467B
:10191000BDEC0A8B01B0BDE8F08F00BF4FF0FF3186
:101920000846BDEC0A8B01B0BDE8F08F00BF00BFD8
:1019300000000000000000001FED031B002100F16B
:101940002002CBE90011CBE90211CBE90411CBF85D
:101950001810CBF81C1000BF475A431800EE107A3D
:101960005F88B8EE400B31EE000B01EE107A9F88D5
:10197000B8EE411B30EE010B01EE107ADF88B8EEB5
:10198000411B30EE010B01EE107A1F89B8EE411BAE
:1019900030EE010B01EE107A5F89B8EE411B30EE9C
:1019A000010B01EE107A9F89B8EE411B30EE010B5E
:1019B00001EE107ADF89B8EE411B30EE010B01EE2B
:1019C000107A1F8AB8EE411B30EE010B01EE107A3F
:1019D0005F8AB8EE411B30EE010B01EE107A9F8A50
:1019E000B8EE411B30EE010B01EE107ADF8AB8EE43
:1019F000411B30EE010B01EE107A1F8BB8EE411B3C
:101A000030EE010B01EE107A5F8BB8EE411B30EE29
:101A1000010B01EE107A9F8BB8EE411B30EE010BEB
:101A200001EE107A571837F8027CB8EE411B30EE01
:101A3000010B01EE107A575A4031B1F5804FB8EEE4
:101A4000411B30EE010B01EE107A5F8CB8EE411BAA
:101A500030EE010B01EE107A9F8CB8EE411B30EE98
:101A6000010B01EE107ADF8CB8EE411B30EE010B5A
:101A700001EE107A1F8DB8EE411B30EE010B01EE26
:101A8000107A5F8DB8EE411B30EE010B01EE107A3B
:101A90009F8DB8EE411B30EE010B01EE107ADF8D09
:101AA000B8EE411B30EE010B01EE107A1F8EB8EE3E
:101AB000411B30EE010B01EE107A5F8EB8EE411B38
:101AC00030EE010B01EE107A9F8EB8EE411B30EE26
:101AD000010B01EE107ADF8EB8EE411B30EE010BE8
:101AE00001EE107A1F8FB8EE411B30EE010B01EEB4
:101AF000107A5F8FB8EE411B30EE010B01EE107AC9
:101B00009F8FDB8FB8EE411B30EE010B01EE107A98
:101B1000B8EE411B30EE010B01EE103AB8EE411B5E
:101B200030EE011B7FF418AF9FEDEF0B9FEDF02A15
:101B300044F6D35C21EE001B4CF2C8074CF2BC26E5
:101B400008380021C1F2620CB7EEC11B4FF0FA0E4B
:101B5000C2F200079FEDE85AC2F20006B6EEC13AA3
:101B600023EE024A9FEDE33A84EE034A8BED064AE8
:101B70009FEDDB4BB0EE446B8CB230F8085F07EEA4
:101B8000105AA4FB0C52120902FB1E42B8EE477A0F
:101B900037EE417A37F9125036F9122001EE905A99
:101BA000458802EE902A4A1C92B203EE905A27EE24
:101BB000027AA2FB0C54F8EEE11AF8EEE22A2509AB
:101BC000F8EE633A05FB1E2287EE037A8488C1EEA5
:101BD000851AC2EE852A73EEC13A37F9125061EECA
:101BE000871A36F9122027EE227A63EE822A03EE54
:101BF000904AB7EEE18A05EE902AB7EEC77AC2EEB8
:101C0000831A02EE905A8D1CF8EE633AADB2F8EEEC
:101C1000E55AF8EEE22AA5FB0C4373EEC13ACC1C60
:101C20001A09C5EE855AC2EE852A02FB1E52A4B2DD
:101C300063EE823A34EE084BA4FB0C5862EEA12A04
:101C4000043137F9123061EEA51A36EE076B36F91A
:101C50001220B7EEE29AB1F5005FC3EE832A03EEDD
:101C6000903AC388B7EEE1AA34EE094BF8EEE33AB6
:101C700001EE903A4FEA181305EE902A36EE0A6B01
:101C800003FB1E43C3EE853AF8EE611AF8EEE55AFF
:101C900063EEA23A37F9132036F9133071EEC11A08
:101CA000B7EEE3BA0CEE103AC5EE853A05EE902A8F
:101CB00061EE821AB8EECCCAF8EEE55AC1EE831A8C
:101CC0008CEE05CAC5EE855A62EEA32A34EE0B4BA4
:101CD00065EEA13A61EE8C1AB7EEE2CAB7EEE37A8E
:101CE000B7EEE18A36EE0C6B34EE074B36EE086B3E
:101CF0007FF442AFB8EE001B34EE042B26EE011B3E
:101D000022EE002B21EE000BB7EEC29BB7EEC0AB6C
:101D100029EE090A0AEE0A0AB1EEC08AB4EE488A30
:101D2000F1EE10FA80F1D480B0EE4A0AF0EE490AE2
:101D30000AF0E0FB9FED711A20EE011A9FED703A58
:101D40009FED702A81EE031A31EE024A9AED012AC4
:101D500030EE422AB5EE401AF1EE10FAB8BFB0EEFE
:101D6000441AB4EE432AF1EE10FA23DD41F20401E5
:101D70009FED654ACEF2000132EE042AB4EE432A0A
:101D8000F1EE10FA1ADD32EE042AB4EE432AF1EE37
:101D900010FAC2BF32EE042AB4EE432AF1EE10FA72
:101DA0000CDD32EE042AB4EE432AF1EE10FAE3DC45
:101DB00004E000BF41F20401CEF200019FED533A6E
:101DC000B4EE432AF1EE10FA1DDA9FED514A32EEDD
:101DD000042AB4EE432AF1EE10FA14DA32EE042AA1
:101DE000B4EE432AF1EE10FABEBF32EE042AB4EE8E
:101DF000432AF1EE10FA06DA32EE042AB4EE432A50
:101E0000F1EE10FAE3DBB0EEC23A9FED424A8AED02
:101E1000010AB4EE443AF1EE10FA1DDD9FED3E3AB0
:101E20004CF2140022EE032A9FED3C3AC2F200006D
:101E30009FED3B4A82EE032A90ED003A02EE043A0F
:101E40009FED382A83FE422A9FED373A82FE032A0D
:101E500080ED002A06E000BF4CF21400C2F2000040
:101E600090ED002A9FED313A0120CBF81C004CF296
:101E70000C0088EE033AC2F2000038EE084A8BEDFF
:101E8000008A8BED013A4DF683628BED024AC4F273
:101E90001B328BED031A8BED040A8BED052A0968C2
:101EA0000068A0FB0202A1EB0900CAF80800910C2F
:101EB000B0FBF1F1DAF81400CAF80C10002101307F
:101EC000CAF814000846BDEC0A8B01B0BDE8F08FDB
:101ED0000AF0D6FDB0EE408A26E700BF00BF00BF83
:101EE0000000000000000000000000000000203F93
:101EF0003333D33F00FF7F4700FEFF4600003443EB
:101F0000DB0F49400000B443DB0FC9C0DB0F49C001
:101F1000DB0FC940CDCC4C3D8096184ADB0F4947BA
:101F20008FC2F53C00E02B4600A00C46F304B53F01
:101F3000B5EE400A4FF0FF30F1EE10FA13DD9FEDE1
:101F40000A1AB4EE410AF1EE10FAC8BF70474CF21B
:101F500014004CF29801C2F20000C2F2000180EDC0
:101F6000000A0020486070478096984900000000F1
:101F7000704700000000000040F20044EFF31080C2
:101F800072B6C5F6020400BF0121204603F090F8A6
:101F9000642002F021FFF7E744F60400C5F60200D2
:101FA000816841F0020181600168890409D40168F7
:101FB00089045CBF01685FEA814102D40168890439
:101FC000F2D570470000000070B50A68002A02468A
:101FD00000681DD020F4F84001F1080CD1E9073663
:101FE00018434B6A304301F10C0E1843106052F84D
:101FF000040F47F6FF7320EA03054E6801F1100055
:1020000001F1140301F1180445EA060114E000BFD0
:102010000E1D47F6FF73984301F1140C78CE03436D
:1020200001F1180E1C4301F11C00254301F12003AE
:1020300001F1240445EA0601DCF80060DEF80050F6
:102040003143006829431B680843246840EA0301C0
:1020500000202143116070BD0246406943F6FE73C3
:1020600020EA0303002043EA410151617047000068
:1020700010B5024600696FF315006FF01F04D1E937
:1020800000ECD1E9023140EA0E0004EB431340EAD0
:102090000C000343002043EA4121116110BD000000
:1020A0002DE9F043002A024652F8083F2ED040F6B0
:1020B000FF724FF20006CFF60F72CFF6FF761A408E
:1020C000CB684F6906EB03330026CFF6F0761A4350
:1020D00006EB07573A43826050F80C2F8E68D1E91F
:1020E00000375D1E6FF00F0303EB071C6FF0FF035B
:1020F0000C6903EB062E002302F07042CFF6FF734B
:1021000003EB044345EA0204024624E001F1080916
:1021100003F07048D1E9003499E861026FF00F07CD
:10212000013B07EB04146FF0FF0707EB00204FF2B1
:102130000007CFF6FF7743EA080307EB053C0027CB
:102140000025CFF6FF77CFF6F0751C4307EB064E60
:10215000044305EB0953886944EA0C01471E41EA30
:102160000E0040EA0301002041EA07611160BDE86A
:10217000F08300000000000070B582B000230193DE
:10218000044690F85C00012802D1022002B070BD24
:10219000012084F85C00204615460E46FEF718FF25
:1021A000216E18B141F010014CE000BF41F2021263
:1021B0004FF6C0739143C3F6FE7302312166216866
:1021C00006F4803605F080458A682E4413404FF2AD
:1021D000FF72C2F2C352334403F100438B608B6839
:1021E000B3F1FF3F2ADC019B01330193019B934232
:1021F0001DD88B68B3F1FF3F20DC019B01330193B5
:10220000019B934213D88B68B3F1FF3F16DC019B0F
:1022100001330193019B934209D88B68B3F1FF3FCF
:102220000CDC019B01330193019B9342D7D9206EB3
:1022300040F0100020F00201012003E0216E012295
:1022400062F301012166002184F85C1002B070BDC8
:102250007047000000000000704700000000000010
:102260007047000000000000704700000000000000
:102270007047000000000000B0B582B090F85C200C
:10228000012A03D10221084602B0B0BD42F2083251
:1022900000230193C4F202020093A2F54274036882
:1022A000A34227D14FF6006C4FF60055CFF6FF7CC6
:1022B000CFF6FF7552F80C40535923435B0719D4EE
:1022C000D1F800E01368BEF1000F23F440441DD0A4
:1022D0004B6823431360535952F80C502B43DB07D0
:1022E00022D1136840F61F758968AB4341EA0E019D
:1022F000194316E0016E41F0200101660121002220
:1023000080F85C20084602B0B0BD00BF146051598F
:1023100052F80C301943C90708D1116840F61F73F1
:10232000994311600021EAE70021E8E70021E6E790
:102330002DE9F04181B00022009290F85C20012A42
:1023400004D10221084601B0BDE8F08103680122F2
:1023500080F85C209A68520700F1FC8246F2083C43
:102360004FF6FF78C5F6020CC0F20F08ACF5427EBE
:102370000A68734516D0B2F1FF3F13DD92FAA2F559
:1023800012EA080FB5FA85F54FF0010608BF950E61
:10239000920E05F01F0506FA05F5DE693543DD618D
:1023A00001E000BF920E4D681F2402F01F02C5F32A
:1023B000012605F01F05AC4003EB8606AA40376BEB
:1023C00027EA0404224332639A689C68E40844EADA
:1023D0009202D20740F029810A6807268D6873456A
:1023E000C2F34064C2F3045203EB840406FA02F61B
:1023F000676905FA02F227EA060642EA0602626106
:1024000010D041F20002C5F60042126802F070429C
:10241000B2F1805F6ED14A69DC680E2505EA540688
:102420009CE000BF4FF604540A69CFF6FF74042AFB
:102430004D695CF8046067D14FF65852CFF6FF72D1
:102440005CF802201C6E0E68C4F3846416EA08026D
:10245000C6F3846596FAA6F6B6FA86F6374608BF3E
:102460002F46BC420CD11A6E22F000421A660C684C
:1024700004EA0802C4F3846594FAA4F4B4FA84F676
:102480005C6E37465C6E002A08BF2F46C4F3846436
:10249000BC420CD15A6E22F000425A660C6804EA23
:1024A0000802C4F3846594FAA4F4B4FA84F69C6E2A
:1024B00037469C6E002A08BF2F46C4F38464BC4292
:1024C0000CD19A6E22F000429A660C6804EA080267
:1024D000C4F3846594FAA4F4B4FA84F6DC6E002A9A
:1024E000DC6E08BF2E46C4F38462B24200F09980CD
:1024F0009BE000BFDC684A69DD68E4064FEA5505E9
:102500002AD405F00E0629E00624ACF52A7704EA61
:1025100096040E6805FA04F406F0F8452C4357F8C3
:10252000226044F0004447F822400A69CC6957F819
:10253000225025F080752C4347F822400A6991F813
:10254000204057F82250012C25F0007508BF05F1F6
:10255000007547F8225068E005F008060F6903F19E
:102560006005042F20D12A680C6802F0F842B2EB13
:10257000846F4FEA846241D12C6824F000442C60BF
:102580005C6E04F0F84494423DD09C6E04F0F84434
:10259000944241D19C6E24F000449C66DC6E04F0B1
:1025A000F844944241D13CE00C68B24055F82760B1
:1025B00004F0F84406F000462243324345F8272051
:1025C0000A6991F8214055F82260012C26F0004656
:1025D00008BF06F1004645F822600A7E0C691D69B5
:1025E000013A04F01F04B2FA82F225F4F0455209D0
:1025F000D202A2402A431A6117E000BF5C6E04F0C9
:10260000F8449442C1D15C6E24F000445C669C6E38
:1026100004F0F8449442BDD0DC6E04F0F8449442D7
:1026200003D1DA6E22F00042DA669A68D20711D13D
:1026300073450A68CD680FD005F01804D3F8C010B0
:1026400028FA04F402EA0806B14314402143C3F80F
:10265000C01012E0002182E14FF6A85105F01806E3
:10266000CFF6FF7128FA06F602EA080716405CF872
:102670000140BC4334434CF801400021C4F2527184
:1026800001F52D04A54240F0138146F20004C5F681
:102690000204A3422CD042F20014C4F20204A3426A
:1026A0003CD042F20004C4F20204A34250D11F24E1
:1026B000C1F2F044A24275DD40F2FF74C2F630640C
:1026C000A2425FDD40F60004C2F63064A24200F090
:1026D000BF8041F20004C3F26024A24200F0B28045
:1026E0000024C4F22134A24200F0CD80B6E000BF45
:1026F0001F21C1F2F0418A422CDC0721C0F6904133
:102700008A426DDC0221C0F230418A4254D0042159
:10271000C0F660018A4216D0AAE000BF1F21C1F2B4
:10272000F0418A4228DC0721C0F690418A4245DC0C
:102730000221C0F230418A423ED00421C0F660013D
:102740008A4240F08B804021C1F620119BE000BFFF
:10275000002198E040F2FF71C2F630618A4253DCFA
:102760002021C1F2F0418A4234D040F20041C2F649
:1027700000218A4211D07BE040F2FF71C2F6306145
:102780008A4253DC2021C1F2F0418A4222D040F239
:102790000041C2F600218A4260D140F60001C2F633
:1027A000306170E00721C0F690418A4206DC0221C8
:1027B000C0F230418A42C0D1012164E00821C0F654
:1027C00090418A421CD01021C1F2C0018A4211D02E
:1027D00044E000BF40F20021C2F2B05153E000BF1C
:1027E0000821C0F690418A420AD01021C1F2C001EE
:1027F0008A423DD140F20011C2F2801143E000BF95
:102800008021C1F650513EE040F60001C2F6306131
:102810008A421DD042F20001C3F290618A4227D160
:1028200044F20001C3F6C0212DE000BF40F60001D4
:10283000C2F630618A420BD041F20001C3F260213E
:102840008A420BD142F20001C3F290611BE000BF4B
:1028500041F20001C3F2602115E000BF0024002115
:10286000C4F68434A24204BF0021C4F6B8710AE061
:1028700044F200040021C3F6C024A24204BF48F27F
:102880000001C3F6F061734512D091FAA1F44FF63E
:10289000C135B4FA84F4C0F20A05294208BF8C0E8F
:1028A00004F01F01012404FA01F1DC692143D9611C
:1028B000B2F1FF3F02DD002151E000BF42F2000112
:1028C00042F20016C4F20201C4F2020601F580745D
:1028D00001F54275A342644608BF2C468B4208BFEF
:1028E0002C4643F48075B54225682BD18C68D1F80D
:1028F00008112143C9072DD1002105F0E074CCF265
:1029000052718A4208BF15F400012FD00021CCF289
:1029100021318A4208BF15F080712BD00021CCF6FE
:1029200084318A424FF0000119D115F4800208BFAA
:10293000734514D1DCF8001021F0E071214341F41B
:10294000800156E04FF60051CFF6FF715CF80110A0
:10295000C907D1D0016E41F020010166012100229A
:1029600080F85C20084601B0BDE8F081734505D0D1
:102970000021F4E7734535D00021F0E7DCF80010C2
:1029800042F6635221F0E071C0F23E52214341F41D
:102990000001CCF800104CF20C01C2F200010968F1
:1029A0008909A1FB02129109022202EB4101009167
:1029B000009919B3009901390091009901B3009968
:1029C000013900910099E9B100990139009100990C
:1029D000D1B1009901390091009900294FF000010F
:1029E000E8D1BCE7DCF8001021F0E071214341F0B0
:1029F0008071CCF800100021B1E700BF0021AEE7E4
:102A00000021ACE70021AAE70021A8E700000000B0
:102A100042F200010068C4F20201884218BF704708
:102A200048F20000C2F20040017811B14168013162
:102A3000416001210170704742F200010068C4F258
:102A40000201884218BF704748F20000C2F20040FD
:102A5000417811B1416801314160012141707047F5
:102A600080B542F200020168C4F20202914218BF2E
:102A700080BD416E02A006F0C3FFFFF77DFA00BFE4
:102A800041444320444D41204572726F723A2030D8
:102A9000782530386C580D0A000000000000000056
:102AA0002DE9F04F81B046F2083942F200080446A1
:102AB0000068C5F60209C4F2020808F5807B08F533
:102AC00042774A460168584508BF3A464045436840
:102AD00008BF3A4603EA0105A90716680CD5206E1F
:102AE000C00603D4206E40F4006020662046FFF745
:102AF000AFFB20680221016015F00C0F06F01F0AE1
:102B000044D0216EC90603D4216E41F400712166C0
:102B1000C16811F4406F33D10146584508BF4146A2
:102B2000814218BF0946BAF1000F08BF0146BAF149
:102B3000050F08BF0146BAF1090F08BF0146C96871
:102B400089041DD4016809071AD5816849070FD483
:102B5000416821F00C014160206E20F480702066F5
:102B6000206EC0040CD4206E40F00100206607E007
:102B7000206E40F010002066606E40F0010060663C
:102B80002046FFF745FF20680C21016015F0600F1B
:102B900022D0216EC90603D4216E41F40051216672
:102BA0000146584508BF414606F01E02814218BF43
:102BB0000946BAF1000F08BF0146062A08BF0146C0
:102BC000C26C12F4C07FC268C9686BD02046FFF7A0
:102BD00043FB20686021016029060BD4E90515D468
:102BE000A90520D4E9062BD4690549D401B0BDE874
:102BF000F08F00BF206E40F480302066204600F049
:102C000003FA206880210160E905E9D5206E40F4CF
:102C1000003020662046FFF727FB20684FF48071C4
:102C20000160A905DED5206E40F480202066204694
:102C3000FFF71EFB20684FF400710160E906D3D551
:102C4000E16B69B1BAF1000F52D0584508BFB946DF
:102C5000404508BFB946D9F8001011F4404F0BD0D9
:102C6000206E40F480602066606E40F00200606676
:102C70002046FFF7F5FE2068102101606905B5D5F3
:102C8000216E41F480412166616E41F00801616668
:102C90004FF480610160204601B0BDE8F04FFFF7BE
:102CA000DFBA00BF8B0106D502F4406201F4005385
:102CB000D2187FF48BAF890201683FF587AF11F01E
:102CC00040013FF483AF8168090715D4416821F0C2
:102CD00060014160206E20F480502066206EC005A7
:102CE0003FF574AF206E40F0010020666EE700BF34
:102CF000C1688907B4D1BFE7206E40F0100020669C
:102D0000606E40F00100606660E7000000000000B7
:102D1000B0B582B0044600284FF00000019009D001
:102D2000206E58B120688168890012D48168C9007A
:102D300019D54EE00125284602B0B0BD204600F06E
:102D400067F90020606684F85C002068816889006B
:102D5000ECD54FF6C0728168C5F6FF7211408160F4
:102D60008168C90035D44FF6C0718268C5F6FF711D
:102D700001F18051114042F6635201F180518160AE
:102D80004CF20C01C0F23E52C2F2000109688909FE
:102D9000A1FB0212012101EB921101910199C1B134
:102DA000019901390191019900291FBF0199013948
:102DB000019101991FBF00290199013901911CBF9F
:102DC0000199002905D00199013901910199002942
:102DD000E6D18168C90009D4216E012541F01001B6
:102DE0002166616E41F00101616600E000258168A5
:102DF000226E02F01002C1F380018918216E07D003
:102E000041F0100001252066284602B0B0BD00BF89
:102E100021F4817146F2100C023121668168C5F6F9
:102E2000020CC90724D142F2001240F48071C4F2AE
:102E30000202914242F20001C4F2020140F0A0807D
:102E40008A68D1F808311A43D20711D101F580728E
:102E500001F5427390421A4618BF0CF53E72884243
:102E600008BF1A466168136823F47C131943116084
:102E7000617EE36BACF1100E704543EA413121D025
:102E8000A268114394F82020012A41EA024306D1A6
:102E9000616A0022CFF6FE7202EB41410B43A16A48
:102EA00029B101F47871E26A194341EA02037045DD
:102EB00016D04CF20302C168CFF6F07211401943EC
:102EC000C1601FE0D4E90232082B41EA02015DD063
:102ED0000C2B5FD01C2B61D110231943D2E700BF0C
:102EE00044F207025CF8041CCFF6F072114019435B
:102EF0004CF8041CDCF80010626B21F040611143B7
:102F0000CCF8001081688268D20842EA9101C907B2
:102F100065D1217E70454FEA813103D0226B114388
:102F200004E000BF94F8382041EA4201C26844F24C
:102F300003039A431143C16094F84410012919D145
:102F40004FF61E017045CFF600412DD0026902EA0E
:102F5000010C0021D4E91223CFF6FF7101EB0241ED
:102F60004CEA0302236D1143626D1943114341F092
:102F7000010102E0016921F00101016123E000BFCC
:102F80005CF8082CD2073FF461AF71E700231943C6
:102F900078E700BF0823194374E700BF182B18BF58
:102FA000002319436EE700BFDCF800201140D4E98C
:102FB00012231143226D1943636D1143194341F0EC
:102FC0000101CCF800100169226C21F070417045BC
:102FD00041EA0201016102D02046FDF729FF206885
:102FE0002169026B012922F00F0102D1E269013A45
:102FF000114301630121206E61F301002066284620
:1030000002B0B0BD000000007047000000000000EA
:10301000F0B587B042F2001204460068C4F2020222
:1030200090424FF00001CDE905110491CDE9021164
:103030005AD042F20001C4F20201884240F0B2804C
:103040004CF2180644F2D840C2F20006C5F602005F
:103050003168002901F10101316008D1016841F0B6
:1030600020010160016801F020010191019981684E
:10307000002741F004018160806802A900F004008B
:103080000190019820200290032003900020C5F6B3
:103090000200049700F5006001F016FF354610208D
:1030A000C4F2020045F8040F0920C5E901074FF4F6
:1030B000806028614FF4006068614FF40050A8619F
:1030C0004FF48070E8614FF40030EF60C5E9080705
:1030D000284601F069F9002858D0FEF74DFF06F1A7
:1030E0003C07351D54E000BF4CF2180144F2D840B3
:1030F000C2F20001C5F602000A68002A02F10102CC
:103100000A6008D1016841F020010160016801F006
:103110002001019101998168002641F0010181603F
:10312000806802A900F00100019001980820029037
:10313000032003900020C5F60200049601F0C4FEAF
:103140004CF2B8551020C2F20005C4F2020048301B
:1031500028600A20C5E901064FF4806028614FF419
:10316000006068614FF40050A8614FF48070E8611E
:103170004FF40030EE60C5E90806284601F014F966
:1031800005F1380720B1FEF7F7FE01E005F1380739
:10319000122001210022A5653C6002F07DF812207A
:1031A00002F06AF807B0F0BD2DE9F04F81B042F2AD
:1031B000000546F20C0BC4F20205044605F5427701
:1031C000036805F58076C5F6020B3846B34218BF92
:1031D0000BF53F70AB4208BF384600689B685B0741
:1031E00004D4894694F85C10012903D1022001B06F
:1031F000BDE8F08F00F01F0A0120BAF1090F84F832
:103200005C0055D800FA0AF040F2212108424FD064
:1032100020469046FDF71CFF30B1002184F85C1079
:1032200001B0BDE8F08F00BF216840F60172206E4A
:10323000B14220EA020018BF0D46BAF1000F00F5B6
:103240008070206618BF8D4203D1206E20F480105C
:103250002066206E40F63173C0044FF0000044BF7A
:10326000606E20F0060040F6C977C0F60003606685
:10327000C0F60007A06D0022C0E90F3740F6B17319
:10328000C0F60003C3641C230B6084F85C20ABF120
:103290000C024B68914243F010024A6010D08B46FA
:1032A000226B5BF80C3F23F003031A4316E000BFC8
:1032B000002084F85C00012001B0BDE8F08F00BF61
:1032C00094F83820DBF8003023F0030343EA42028D
:1032D000CBF80020DBF8002042F00102CBF8002000
:1032E00040314A46434601F0A3FB21684FF6C073C4
:1032F000C7F6FF738A681A4004328A6001B0BDE8DD
:10330000F08F000000000000B0B110B5044690F846
:10331000210028B9002084F82000204600F010F891
:1033200000206062C4E90100C4E90300606101217A
:1033300084F8211010BD00BF01207047000000007C
:1033400081B044F200410068C4F60201884201D015
:1033500001B0704744F2DC40C5F60200016841F458
:1033600000310160006800F400300090009801B066
:1033700070470000000000002DE9F041044601F014
:10338000A7FE0CB3054694F83500022820D140F280
:103390000F472668C4F2020740F26F48BE42C4F2EB
:1033A00002081DDC6F20C4F2020086422ADC3F20A6
:1033B000C4F20200864241DC1020C4F202008642C0
:1033C00063D028205CE000BF0120BDE8F08100BF91
:1033D000802060650120002184F83410BDE8F08170
:1033E00046451BDC40F23F40C4F2020086422DDC21
:1033F00040F21040C4F20200864246D040F228401B
:103400003EE000BF9F20C4F20200864228DC70200C
:10341000C4F20200864238D0882031E040F29F405A
:10342000C4F20200864223DC40F27040C4F2020083
:1034300086422AD040F2884022E000BF4020C4F2F9
:103440000200864221D058201AE000BF40F24040DE
:10345000C4F20200864218D040F2584010E000BF8B
:10346000A020C4F2020086420FD0B82008E000BFBE
:1034700040F2B840C4F20200864206D040F2A040BA
:10348000C4F20200864240F099813146306820F053
:103490001E0041F8140B6FF080000A68464500EAF0
:1034A000020008601ADC9F20C4F20200864233DC6E
:1034B0005720C4F2020086425ADC1020C4F20200F7
:1034C000864200F097802820C4F20200864200F075
:1034D00091804020C4F202008AE000BF45F22F40F4
:1034E000C5F6020086422DDC40F2B740C4F202006D
:1034F00086424BDC40F27040C4F20200864279D032
:1035000040F28840C4F20200864273D040F2A040EC
:10351000C4F202006CE000BF40F22740C4F2020097
:10352000864243DCA020C4F20200864262D0B8206A
:10353000C4F2020086425DD040F21040C4F20200A4
:1035400056E000BF45F26B40C5F6020086423FDC04
:1035500045F23040C5F6020086424BD045F2444069
:10356000C5F60200864245D045F258403EE000BF15
:103570005820C4F2020086423CD07020C4F20200FF
:10358000864237D08820C4F2020031E040F2B840D1
:10359000C4F2020086422DD045F20840C5F6020072
:1035A000864227D045F21C4020E000BF40F2284070
:1035B000C4F2020086421DD040F24040C4F2020034
:1035C000864217D040F25840C4F2020010E000BF1B
:1035D00045F26C40C5F6020086420BD045F294409D
:1035E000C5F60200864205D045F28040C5F60200CD
:1035F000864204D1206E016821F480710160306838
:1036000020F00100306000BF3068C00710D001F02A
:103610005FFD401B0628F7D320206065032084F857
:1036200035000120002184F83410BDE8F08100BF8E
:103630002068B84210DC6F21C4F2020188421DDC10
:103640003F21C4F20201884234DC1021C4F202019D
:10365000884255D028214FE040451BDC40F23F41D5
:10366000C4F2020188422DDC40F21041C4F2020192
:10367000884245D040F228413EE000BF9F21C4F27D
:103680000201884228DC7021C4F20201884237D04E
:10369000882131E040F29F41C4F20201884223DCDC
:1036A00040F27041C4F20201884229D040F28841C0
:1036B00022E000BF4021C4F20201884220D05821FC
:1036C0001AE000BF40F24041C4F20201884217D024
:1036D00040F2584110E000BFA021C4F2020188422C
:1036E0000ED0B82108E000BF40F2B841C4F2020198
:1036F000884205D040F2A041C4F20201884261D163
:10370000D4E9161202F01F023F2303FA02F28A6084
:10371000404561DC9F21C4F20201884214DC57213C
:10372000C4F20201884227DC1021C4F2020188425F
:1037300000F0A8802821C4F20201884200F0A28093
:103740004021C4F202019BE040F22741C4F2020191
:10375000884221DCA021C4F20201884200F092805C
:10376000B821C4F20201884200F08C8040F210417E
:10377000C4F2020184E000BF5821C4F20201884271
:1037800000F080807021C4F2020188427AD0882142
:10379000C4F2020174E000BF40F22841C4F2020109
:1037A00088426FD040F24041C4F20201884269D0A1
:1037B00040F25841C4F2020162E000BF6FF00E0017
:1037C00031466AE6D4E9161202F01F02012303FA19
:1037D00002F24A6040459DDD45F22F41C5F60201E7
:1037E000884217DC40F2B741C4F20201884227DC6C
:1037F00040F27041C4F20201884243D040F2884155
:10380000C4F2020188423DD040F2A041C4F202015C
:1038100036E000BF45F26B41C5F6020188421FDC6D
:1038200045F23041C5F6020188422BD045F24441B1
:10383000C5F60201884225D045F258411EE000BF7E
:1038400040F2B841C4F2020188421BD045F208415F
:10385000C5F60201884215D045F21C410EE000BFBA
:1038600045F26C41C5F6020188420BD045F2944105
:10387000C5F60201884205D045F28041C5F6020135
:1038800088420BD1616EA26EE06E4A6030B1016871
:1038900021F480710160D4E91C014160012084F8A9
:1038A00035000020002184F83410BDE8F0810000CC
:1038B00080B5D8B190F83510022919D140F20F42E5
:1038C0000168C4F20202914216DC6F23C4F20203C3
:1038D000994227DC3F23C4F2020399423EDC1023C5
:1038E000C4F2020399425FD0282359E0012080BD31
:1038F00080214165012080BD40F26F43C4F2020384
:1039000099421BDC40F23F43C4F2020399422DDC92
:1039100040F21043C4F20203994245D040F22843DA
:103920003EE000BF9F23C4F20203994228DC7023CB
:10393000C4F20203994237D0882331E040F29F431A
:10394000C4F20203994223DC40F27043C4F2020342
:10395000994229D040F2884322E000BF4023C4F2BC
:103960000203994220D058231AE000BF40F240439E
:10397000C4F20203994217D040F2584310E000BF4E
:10398000A023C4F2020399420ED0B82308E000BF7E
:1039900040F2B843C4F20203994205D040F2A0437A
:1039A000C4F20203994275D191424FF0040280F8AB
:1039B000352011DC6F20C4F20200814222DC3F205E
:1039C000C4F20200814239DC1020C4F202008142BC
:1039D00059D0282054E000BF40F26F40C4F20200EA
:1039E00081421BDC40F23F40C4F2020081422DDCE8
:1039F00040F21040C4F20200814244D040F228401C
:103A00003EE000BF9F20C4F20200814228DC70200B
:103A1000C4F20200814236D0882031E040F29F405B
:103A2000C4F20200814223DC40F27040C4F2020082
:103A3000814228D040F2884022E000BF4020C4F2FA
:103A4000020081421FD058201AE000BF40F24040DF
:103A5000C4F20200814216D040F2584010E000BF8C
:103A6000A020C4F2020081420DD0B82008E000BFBF
:103A700040F2B840C4F20200814204D040F2A040BB
:103A8000C4F202008142086820F0010008600020B2
:103A900080BD00BF0A6822F00E020A6045F257425C
:103AA000C5F6020291420A6822F001020A600FDCA8
:103AB00045F22F42C5F60202914219DC45F2084256
:103AC000C5F60202914229D045F21C4222E000BF15
:103AD00045F27F42C5F60202914213DC45F258429C
:103AE000C5F60202914219D045F26C4212E000BFC5
:103AF00045F23042C5F6020291420FD045F24442EF
:103B000008E000BF45F29442C5F60202914205D09A
:103B100045F28042C5F6020291421AD1D0E9181C42
:103B2000D0E916E30A6822F480720A6003F01F01EC
:103B3000012202FA01F1CEF80410816ECCF80410D3
:103B4000C16E31B10A6822F480720A60D0E91C1299
:103B50004A60012180F83510026D002180F8341090
:103B60000AB190470021084680BD00000000000017
:103B70002DE9F04782B0002101914CF20C0104467E
:103B8000C2F2000148F2B512C1F64E32A56D0968C5
:103B900040F26F490068C4F20209A1FB02184845CF
:103BA0002E68296816DC9F21C4F2020188422DDCB0
:103BB0005721C4F20201884252DC1021C4F20201F2
:103BC00088427BD02821C4F20201884276D040216D
:103BD00070E000BF45F22F42C5F60202904229DC98
:103BE00040F2B742C4F20202904245DC40F270411A
:103BF000C4F20201884261D040F28841C4F202015D
:103C000088425BD040F2A04154E000BF40F227411F
:103C1000C4F2020188423FDCA021C4F202018842C2
:103C20004CD0B821C4F20201884247D040F2104182
:103C300040E000BF45F26B42C5F60202904275DCDF
:103C400045F23042C5F60202904200F0818045F212
:103C50004442C5F6020290427AD045F2584273E0DF
:103C60005821C4F20201884228D07021C4F2020116
:103C7000884223D088211DE040F2B842C4F20202FB
:103C800090421BD045F20842C5F6020290425FD036
:103C900045F21C4258E000BF40F22841C4F2020144
:103CA00088420BD040F24041C4F20201884205D064
:103CB00040F25841C4F20201884261D1E16D08220C
:103CC00001F01F0140F20F4A8A40C4F2020A324258
:103CD00000F0E98050454FF0040313DC6F27C4F275
:103CE0000207B8426CDC3F27C4F20207B84200F377
:103CF000A7801027C4F20207B84200F0C880282726
:103D0000C0E000BF484567DC40F23F47C4F202070D
:103D1000B84200F39D8040F21047C4F20207B84257
:103D200000F0B58040F22847ACE000BF45F26C429D
:103D3000C5F6020290420BD045F28042C5F602025F
:103D4000904205D045F29442C5F60202904217D146
:103D50000268E36D570703F01F0315D504279F4042
:103D600017EA010610D011046F6045D4910603D400
:103D7000016821F004010160216C002940F0F68205
:103D800002B0BDE8F08700BF97073DD502279F40EE
:103D900017EA010638D011046F6000F1ED82910638
:103DA00009D4016821F00A010160012084F835007E
:103DB000002084F83400E16B002940F0D782DFE76F
:103DC0009F27C4F20207B8424CDC7027C4F20207F6
:103DD000B8425CD0882755E040F29F47C4F2020702
:103DE000B84247DC40F27047C4F20207B8424ED0F6
:103DF00040F2884746E000BFD00300F1C382A16CC7
:103E0000002940F0B382BBE71207B9D508229A40D7
:103E10001140B5D0016821F00E010160012000FAC7
:103E200003F16960606584F835000020E16C84F876
:103E300034000029A4D02046884702B0BDE8F087AE
:103E40004027C4F20207B84221D058271AE000BF29
:103E500040F24047C4F20207B84218D040F2584737
:103E600010E000BFA027C4F20207B8420FD0B82765
:103E700008E000BF40F2A047C4F20207B84206D0F3
:103E800040F2B847C4F20207B84218BF08230768D7
:103E90001F4208D0036823F004030360AA60626D28
:103EA00042F00102626501228A4032426FD05045E1
:103EB00010DC6F23C4F2020398421DDC3F23C4F2DE
:103EC0000203984234DC1023C4F20203984256D015
:103ED00028234FE048451BDC40F23F43C4F2020375
:103EE00098422DDC40F21043C4F20203984246D0BF
:103EF00040F228433EE000BF9F23C4F202039842F1
:103F000028DC7023C4F20203984238D0882331E0C1
:103F100040F29F43C4F20203984223DC40F2704314
:103F2000C4F2020398422AD040F2884322E000BF44
:103F30004023C4F20203984221D058231AE000BF64
:103F400040F24043C4F20203984218D040F2584372
:103F500010E000BFA023C4F2020398420FD0B823A0
:103F600008E000BF40F2A043C4F20203984206D02A
:103F700040F2B843C4F20203984240F00B82436916
:103F80001B0604D5AA60626D42F00202626504223B
:103F90008A4032426FD0504510DC6F23C4F20203D6
:103FA00098421DDC3F23C4F20203984234DC102304
:103FB000C4F20203984256D028234FE048451BDC48
:103FC00040F23F43C4F2020398422DDC40F210431A
:103FD000C4F20203984246D040F228433EE000BFBC
:103FE0009F23C4F20203984228DC7023C4F2020328
:103FF000984238D0882331E040F29F43C4F2020354
:10400000984223DC40F27043C4F2020398422AD063
:1040100040F2884322E000BF4023C4F202039842EA
:1040200021D058231AE000BF40F24043C4F20203FB
:10403000984218D040F2584310E000BFA023C4F2C9
:10404000020398420FD0B82308E000BF40F2A0431B
:10405000C4F20203984206D040F2B843C4F202030D
:10406000984240F09F8103689B0704D5AA60626D67
:1040700042F004026265102202FA01F1314200F0BE
:10408000818050454FF0080210DC6F23C4F2020318
:1040900098421DDC3F23C4F20203984234DC102313
:1040A000C4F20203984256D028234FE048451BDC57
:1040B00040F23F43C4F2020398422DDC40F2104329
:1040C000C4F20203984246D040F228433EE000BFCB
:1040D0009F23C4F20203984228DC7023C4F2020337
:1040E000984238D0882331E040F29F43C4F2020363
:1040F000984223DC40F27043C4F2020398422AD073
:1041000040F2884322E000BF4023C4F202039842F9
:1041100021D058231AE000BF40F24043C4F202030A
:10412000984218D040F2584310E000BFA023C4F2D8
:10413000020398420FD0B82308E000BF40F2A0432A
:10414000C4F20203984206D040F2B843C4F202031C
:10415000984218BF04220368134213D0A960016873
:104160004903016808D4C90508D4016821F0080191
:104170000160216C21B905E008034FD4216C09B11D
:1041800020468847E06D00F01F01202000FA01F270
:10419000324200F0AB8020681023504510DC6F27BE
:1041A000C4F20207B8421DDC3F27C4F20207B8423E
:1041B00038DC1027C4F20207B8425AD0282753E04F
:1041C00048451BDC40F23F47C4F20207B84231DCED
:1041D00040F21047C4F20207B8424AD040F22847E2
:1041E00042E000BF9F27C4F20207B8422CDC7027D0
:1041F000C4F20207B8423CD0882735E040F29F471E
:10420000C4F20207B84227DC40F27047C4F202074A
:10421000B8422ED040F2884726E000BFA16C0029AA
:10422000AED1AFE74027C4F20207B84221D05827E9
:104230001AE000BF40F24047C4F20207B84218D06B
:1042400040F2584710E000BFA027C4F20207B8426E
:104250000FD0B82708E000BF40F2A047C4F2020721
:10426000B84206D040F2B847C4F20207B84218BFBD
:10427000022307681F4239D0AA6094F83520042A27
:1042800002681BD122F016020260426922F080020D
:104290004261226C0AB9A26C1AB1026822F00802CB
:1042A00002603F208840A860012084F83500216D1D
:1042B0000020002984F8340058D161E551030168D9
:1042C0000CD4C9050ED4016821F010010160012051
:1042D00084F83500002084F8340003E0080301D49A
:1042E000616C00E0E16B09B120468847606D0028F1
:1042F0003FF446AD606DC00734D0042084F835002B
:1043000020684FEA9821026822F001020260019AB7
:10431000013201928A421AD80268D20717D0019A54
:10432000013201928A4212D80268D2070FD0019A54
:10433000013201928A420AD80268D20707D0019A54
:10434000013201928A4202D80268D207DFD10068A6
:10435000C0074FF0030008BF012084F8350000209B
:1043600084F83400E16C00293FF40AAD2046884708
:1043700002B0BDE8F08700BFD00307D4616C00290C
:10438000F4D1FDE4216C0029F0D1F9E4E16B0029BE
:10439000ECD1F5E4026804228A4032427FF4FBAD9E
:1043A00069E600BF026866E62DE9F04381B0044685
:1043B00000F08EFE002C00F0128140F26F4805469E
:1043C0002068C4F20208404516DC9F21C4F20201B5
:1043D00088422DDC5721C4F20201884254DC1021AE
:1043E000C4F20201884200F07E802821C4F202015A
:1043F000884278D0402171E045F22F41C5F6020194
:10440000884229DC40F2B741C4F20201884247DC0D
:1044100040F27041C4F20201884264D040F2884107
:10442000C4F2020188425ED040F2A04156E000BFD3
:1044300040F22741C4F20201884241DCA021C4F2CB
:10444000020188424FD0B821C4F2020188424AD00A
:1044500040F2104142E000BF45F26B41C5F6020157
:10446000884200F3C18045F23041C5F6020188421E
:1044700000F0CD8045F24441C5F60201884200F0CB
:10448000C68045F25841BDE05821C4F2020188427D
:1044900029D07021C4F20201884224D088211DE075
:1044A00040F2B841C4F2020188421CD045F20841F2
:1044B000C5F60201884200F0AA8045F21C41A1E045
:1044C00040F22841C4F2020188420CD040F240413F
:1044D000C4F20201884206D040F25841C4F20201FF
:1044E000884240F09782022184F83510002184F838
:1044F0003410016821F0010101600168C90708D08A
:1045000000F0E6FD401B052864D820680168C90753
:10451000F6D148F23F0204F108060168CFF61062B6
:104520001140D4F818C06CCE1143D4F8249019432C
:10453000E3692943256A0E43B9F1040F46EA0C06E4
:1045400043EA060343EA050303D1D4E90B65334389
:104550002B43666843F48011A6F13F07A6F12905B5
:10456000042FA6F1470238BF0B46062DA6F14F0EC9
:1045700038BF0B46022A26F0030238BF0B46BEF1B5
:10458000040F38BF0B46742A08BF0B46B9F1040F5D
:104590000360416921F0070141EA090140F0F4801C
:1045A000D4E90A53002B41EA050100F0ED80BCF587
:1045B000005F00F0CF80BCF1000F40F0D780022DEB
:1045C00000F0D780012D00F0CB80002D00F0D180CD
:1045D000DAE000BF20206065032084F83500012068
:1045E00001B0BDE8F08300BF45F26C41C5F60201A1
:1045F00088420CD045F28041C5F60201884206D0BF
:1046000045F29441C5F60201884240F0038202213E
:1046100084F83510002184F834100168A268A2F1F2
:104620008003E768B3FA83F3402A4FEA53134FEA53
:1046300083336FF3101108BF1023226941EAD701B9
:1046400067691943A36941EAD201E26941EAD701E6
:1046500041EAD3014CF6CD4341EAD2014AF6F832A1
:10466000CAF2FD72276A0244CCF6CC43A2FB0323B4
:1046700041EA171101606FF0030000EA9300E06562
:104680002046FCF779FDE16D012201F01F0102FADD
:1046900001F141602068404540F3858045F22F419B
:1046A000C5F60201884217DC40F2B741C4F20201AC
:1046B000884229DC40F27041C4F20201884200F0D5
:1046C000BC8040F28841C4F20201884200F0B5800B
:1046D00040F2A041ACE000BF45F26B41C5F60201DB
:1046E000884223DC45F23041C5F60201884200F0E1
:1046F000A48045F24441C5F60201884200F09D8045
:1047000045F2584122E000BF40F2B841C4F2020134
:10471000884200F0928045F20841C5F602018842C5
:1047200000F08B8045F21C4110E000BF45F26C4167
:10473000C5F60201884200F0808045F29441C5F63A
:104740000201884200F0798045F28041C5F60201FD
:1047500070E000BF032D17D8DFE805F00E0B0E0246
:10476000A3F1C072B2FA82F2520904E0032D03D31E
:104770000AD1C3F300623AB140206065012084F899
:10478000350001B0BDE8F08341612046FCF7F4FC40
:10479000E16D3F2201F01F0102FA01F18160206802
:1047A00040453FF77BAF9F21C4F20201884211DCF4
:1047B0005721C4F20201884220DC1021C4F2020118
:1047C00088423AD02821C4F20201884235D04021E3
:1047D0002EE000BF40F22741C4F20201884219DCFA
:1047E000A021C4F20201884227D0B821C4F20201FC
:1047F000884222D040F210411AE000BF5821C4F292
:104800000201884219D07021C4F20201884214D0FA
:1048100088210DE040F22841C4F2020188420CD008
:1048200040F24041C4F20201884206D040F25841B1
:10483000C4F20201884240F0E58045F2574C45F64B
:10484000FC0EC5F6020CC5F6020E604512DC45F200
:104850002F41C5F60201884220DC45F20841C5F629
:104860000201884234D045F21C41C5F6020188425B
:104870002ED085E045F27F41C5F6020188421BDC5F
:1048800045F25841C5F60201884221D045F26C41FB
:10489000C5F6020188421BD072E000BF45F23041EC
:1048A000C5F60201884213D045F24441C5F6020123
:1048B00088420DD064E000BF45F29441C5F6020184
:1048C000884205D045F28041C5F60201884257D1A1
:1048D0006FF007014CF6CD4251FA80F1CCF6CC4294
:1048E000A1FB0212AEF1FC05AEF17C061309A26831
:1048F00003F01F01802A4FF0010205EB83052566B6
:1049000002FA01F26666A26602D10021616000E04F
:104910006168CBB2013907292B60726016D85E1E20
:10492000082E19D260450EF1440219DC45F22F41E0
:10493000C5F60201884245DC45F20841C5F6020190
:10494000884255D045F21C414EE000BF0020606710
:10495000C4E91B0056E000BFD4E91B02616F4EE0C2
:1049600045F27F41C5F60201884235DC45F25841E7
:10497000C5F6020188423BD045F26C4134E000BFED
:104980006FF00F014AF6AB2251FA80F1CAF6AA2263
:10499000A1FB021240F20F43C4F2020308251109E1
:1049A000984203F1AA060B4688BF05EB121340F6A6
:1049B0000005B042C4F2020505F1800628BF0B468F
:1049C00095E700BF45F23041C5F6020188420FD09D
:1049D00045F2444108E000BF45F28041C5F60201BE
:1049E000884205D045F29441C5F60201884213D1B0
:1049F00001210EEB8300B140E0662267616700236E
:104A00000360516000206065012184F8351001B019
:104A1000BDE8F0834020DEE540F60000C4F202006D
:104A200000F1FC0E00F5A072E2E7000000000000BB
:104A3000B0B500283CD0054690F83400012801D1DB
:104A40000220B0BD012085F8340095F8350001281A
:104A500028D1022085F835000020686528680468A0
:104A600024F0010404602846FCF71EFC40F20F42CB
:104A70002868C4F2020240F26F419042C4F202017F
:104A800018DC6F23C4F20203984225DC3F23C4F2F2
:104A9000020398423CDC1023C4F2020398425ED029
:104AA000282357E04FF400606865002085F8340043
:104AB0000120B0BD88421BDC40F23F43C4F2020338
:104AC00098422DDC40F21043C4F20203984246D0D3
:104AD00040F228433EE000BF9F23C4F20203984205
:104AE00028DC7023C4F20203984238D0882331E0D6
:104AF00040F29F43C4F20203984223DC40F2704329
:104B0000C4F2020398422AD040F2884322E000BF58
:104B10004023C4F20203984221D058231AE000BF78
:104B200040F24043C4F20203984218D040F2584386
:104B300010E000BFA023C4F2020398420FD0B823B4
:104B400008E000BF40F2B843C4F20203984206D026
:104B500040F2A043C4F20203984240F02F81036860
:104B60000B2464F3440303602B6C1BB1036843F014
:104B700008030360884219DC9F23C4F202039842B1
:104B800032DC5723C4F20203984259DC1023C4F2EA
:104B90000203984200F096802823C4F20203984250
:104BA00000F090804023C4F2020389E045F22F43D5
:104BB000C5F6020398422DDC40F2B743C4F202036B
:104BC00098424BDC40F27043C4F20203984279D021
:104BD00040F28843C4F20203984273D040F2A043EB
:104BE000C4F202036CE000BF40F22743C4F20203A8
:104BF000984243DCA023C4F20203984262D0B82357
:104C0000C4F2020398425DD040F21043C4F20203A2
:104C100056E000BF45F26B43C5F6020398423FDC05
:104C200045F23043C5F6020398424BD045F2444367
:104C3000C5F60203984245D045F258433EE000BF16
:104C40005823C4F2020398423CD07023C4F20203FA
:104C5000984237D08823C4F2020331E040F2B843CF
:104C6000C4F2020398422DD045F20843C5F6020370
:104C7000984227D045F21C4320E000BF40F2284371
:104C8000C4F2020398421DD040F24043C4F2020332
:104C9000984217D040F25843C4F2020310E000BF1C
:104CA00045F26C43C5F6020398420BD045F294439B
:104CB000C5F60203984205D045F28043C5F60203CB
:104CC000984274D12B6E1C68E40303D51C6844F42D
:104CD00080741C60EB6E1BB11D6845F480751D600F
:104CE000904211DC6F21C4F2020188421EDC3F2198
:104CF000C4F20201884235DC1021C4F2020188426C
:104D000055D0282150E000BF88421BDC40F23F41D3
:104D1000C4F2020188422DDC40F21041C4F20201CB
:104D2000884244D040F228413EE000BF9F21C4F2B7
:104D30000201884228DC7021C4F20201884236D088
:104D4000882131E040F29F41C4F20201884223DC15
:104D500040F27041C4F20201884228D040F28841FA
:104D600022E000BF4021C4F2020188421FD0582136
:104D70001AE000BF40F24041C4F20201884216D05E
:104D800040F2584110E000BFA021C4F20201884265
:104D90000DD0B82108E000BF40F2B841C4F20201D2
:104DA000884204D040F2A041C4F202018842016866
:104DB00041F0010101600020B0BD00BF036805247F
:104DC00064F3430303602B6C002B3FF4D3AE036802
:104DD00043F00403CDE60000B0B5044600F078F9D6
:104DE0004CF204010546C2F20001621C097818BFAA
:104DF0000C4400BF00F06CF9401BA042FAD3B0BDD8
:104E000070B578B3044690F8310028B9002084F8D2
:104E10003000204600F03CF800256560E560202069
:104E2000258284F83300C4E905552562A58384F8FA
:104E3000320000F04DF921680A6942F480320A61BB
:104E40000969C9030AD5064600F042F9801BB0F58E
:104E5000FA7F09D820680069C003F5D42020656373
:104E600065630BE0012070BD606B012540F08000A0
:104E70006063606B40F010006063A02084F8310034
:104E8000002084F83000284670BD000000000000BB
:104E900081B044F200010068C4F60201884201D0EA
:104EA00001B0704744F2DC40C5F60200016841F4ED
:104EB00080310160006800F480300090009801B0FB
:104EC00070470000000000002DE9F04F85B00D682C
:104ED0000290002D00F0E68002988E4600F12642F6
:104EE0000A2102F1FF7342F20042C5F602020024D9
:104EF00090424FEAB32208BF0921082A4FF0010768
:104F000038BF4FEAB32100264FF000080091CDF8DA
:104F10000CE00DE0DEF8005008F1010835FA07F06A
:104F200006F1020607F1010704F1040400F0BA805B
:104F3000A7F1010A012000FA0AF315EA0309E9D0F2
:104F4000DEF804B00BF003056A1E012A22D802988D
:104F50004FEA4801D0F808C00191032101FA06F296
:104F600003992CEA020CD1F80CE00EFA06F1DDF8F8
:104F70000CE041EA0C01816041686FEA020CCBF35E
:104F8000001299430346019802FA0AF2114359604C
:104F90000CE000BF0320032D00FA06F0029B6FEA2D
:104FA000000C304602D13046032526E0D968DEF8F1
:104FB000082001EA0C018240022D41EA0201D96079
:104FC0001BD102466FF0030000EA5A010F2019447A
:104FD00004F01C0300FA03F51046D1F820E0039A10
:104FE0002EEA0505DDF80CE012699A40029B2A437F
:104FF0000A62DEF804B00BF00305196805FA00F048
:1050000001EA0C011BF4403F40EA010018603FF444
:1050100081AF44F2F44140F20845C5F60201C5F6FD
:1050200000050F23086840F002000860086800F0DF
:10503000020004902AF00300049904F00C01425984
:105040008B409A43009B03FA01F1114341514FF009
:10505000B0452868DEF8041040EA0902CB0258BFC8
:1050600020EA09028B022A6040F20405C5F6000519
:10507000286840EA090258BF20EA09028B032A6027
:10508000D5F8800040EA090258BF20EA0902C903A6
:10509000C5F88020E86F40EA090258BF20EA0902FB
:1050A000EA6737E705B0BDE8F08F000000000000B8
:1050B000426902EA0103914341EA03418161704779
:1050C000002A08BF09048161704700000000000049
:1050D00040F66010C2F20100006870470000000056
:1050E0004CF2040040F66011C2F20000C2F201016D
:1050F00000780A6810440860704700000000000053
:1051000080B5032000F0F8F802F0B6F844F2184138
:105110004DF24453C5F60201C0F600030A6809685F
:1051200001F00F01C2F30322595C9A5C01F01F01E8
:1051300002F01F02D0404CF21002C2F2000220FA2C
:1051400001F111604CF20C01C2F2000108600F2065
:1051500000F00AF800281CBF012080BD00F07CF898
:10516000002080BD0000000070B54CF20406C2F2C1
:1051700000063178E1B104464CF20C00C2F20000A6
:105180004FF47A72B2FBF1F10068B0FBF1F002F07B
:1051900073FC0F2C4FF0010508D838B94FF0FF30E1
:1051A00000222146002500F077F87460284670BD83
:1051B000012070BD0000000010B54EF6A05E4178E1
:1051C000CEF2000E90F800C04EF8081CDEF8001079
:1051D00021F00101CEF8001041684EF8041C017B5B
:1051E000C37A827A447B1B0643EA0171837B41EADE
:1051F000C241C27B41EA8441447A41EA4341007A98
:1052000041EA024141EA042141EA400040EA0C003F
:10521000CEF8000010BD00004EF62450CEF2000083
:10522000BFF35F8F016821F48031016000210167C5
:1052300070470000000000004EF6245140F00100CD
:10524000CEF200010867086840F480300860BFF3C0
:105250004F8FBFF36F8F704781B044F2F440C5F6B3
:105260000200016841F002010160006800F00200E4
:105270000090009801B07047002848BF704700F0C8
:105280001F01012202FA01F14EF200124009CEF292
:10529000000242F82010704770B54EF60C5C4FF0DB
:1052A000FF36CEF2000C00F16045DCF80030C3F3AD
:1052B000022E8EF00703042B28BF0423BEF1030443
:1052C00006FA03F321EA030100F00F0338BF0024BC
:1052D000043BB0F1FF3F634406FA04F003F10C0312
:1052E00001FA04F1C8BF05F5644322EA000008434F
:1052F0000001187070BD00004EF60C514FF6FF0310
:10530000CEF200010A681A4060F30A2242F080607F
:1053100040F0FD70086070472DE9F04F8EB04BF201
:1053200004430022C5F200230492CDE90222059233
:1053300045F200090692C5F20029D0F800E01A688B
:10534000BEEB090C02F0030018BF4FF0010C01285E
:1053500076D10120029002F03000102875D002F4BE
:105360004070B0F5807F01D10120049002F4A020AC
:1053700040F20108B0F5803FC0F200186ED19003F2
:10538000404658BF4FF00110059002F0A060B0F108
:10539000807F68D05A6802F0030001286ED1022095
:1053A000029002F0300010286CD002F44070B0F58A
:1053B000807F01D10220049002F4A020B0F5803F4C
:1053C00040F20200C0F2010005D19503054648BF36
:1053D00008F10105059502F0A065B5F1807F05D1C2
:1053E0009201024648BF08F10102069200250C9581
:1053F000CDE90A55CDE9085553F8042C1E68D207AB
:105400004FF4007204BF40F22222C0F20442F707B8
:1054100005D086EA0207BF073CD401250895F706A8
:105420003BD586EA0207BF0637D44FF0010BCDF813
:1054300024B006F44077B7F5407F37D134E000BFA1
:1054400002F0300010287FF48AAF0120039002F4AC
:105450004070B0F5807F3FF487AF87E702F0A0602F
:10546000B0F1807F96D19001404658BF4FF00110B7
:1054700006905A6802F00300012890D002F0300034
:10548000102892D10220039002F44070B0F5807F82
:1054900090D091E70025F706C3D44FF0000B06F437
:1054A0004077B7F5407F01D101270A97F7030DD563
:1054B00086EA02077F0309D4B70319D44FF0011A13
:1054C000CDF82CA0F70118D504E000BF4FF0000A7A
:1054D000F70112D586EA02077F010ED4B70141D445
:1054E0004FF001140C945F68FE070AD10FE000BF73
:1054F000CDF82C80C246F701ECD400245F68FE078B
:1055000005D087EA0206B60701D402250895FE06F3
:1055100007D587EA0206B60603D44FF0020BCDF892
:1055200024B007F44076B6F5407F01D102260A96F2
:10553000FE0307D587EA0206760303D4BE0319D417
:1055400082460B90FE011BD57A40520118D4BA0155
:105550001ED404460C90D9F80000C007AEEB090039
:1055600014D01EE0CDF8308044465F68FE07CED0F0
:10557000C7E700BF08F1010ACDF82CA0FE01E3D473
:10558000D9F80000C007AEEB09000AD100220FE0F5
:1055900008F101040C94D9F80000C007AEEB090033
:1055A000F4D0D9F8002022F00102C9F8002001222D
:1055B0004AF200060192B0FA80F7C5F20026D04602
:1055C000CA463268CDF800E0D207A646484606D063
:1055D000306820F0010030600198023001900CEB3F
:1055E0004C000DF108097F0909EBC006B26803EB16
:1055F000820252F804CC2CF4807442F8044C53F824
:10560000042CD2072AD159F8300000285BD003EBD4
:10561000800050F8042C22F0010240F8042C70683D
:1056200038B103EB800050F8042C22F0100240F84F
:10563000042CF06840B1012222EA000053F8202037
:1056400022F4803243F820203069E0B3012222EABC
:10565000000053F8202022F0807232E053F8040C4E
:10566000009A524520F0010043F8040C2BD103EBC3
:105670008500BBF1000F50F8042C42F0020240F804
:10568000042C07D003EB8B0050F8042C42F02002CE
:1056900040F8042CB8F1000F08D0012020EA0800DF
:1056A00053F8202042F4802243F82020BEF1000F5E
:1056B00009D00120724620EA0E0053F8202042F063
:1056C000806243F8202007EB4705086859F83560E9
:1056D00009EBC502B04215D148685768B842DDF8F9
:1056E00000E034D1CF68D468A7422FD10F69126986
:1056F000974207462BD153F8040C40F0010043F8C1
:10570000040C57E088689768B84203D15768DDF801
:1057100000E01CE04868576860B1B8420AD103EB6A
:10572000860252F8047C27F0010742F8047CDDF879
:1057300000E016E0C868D468A042DDF800E006D0BA
:1057400008691269904202D034E000BF074603EBBB
:10575000860050F8042C22F0010240F8042C384650
:105760003FB103EB800050F8042C22F0100240F807
:10577000042C09EBC500826803EB820252F8047C1A
:1057800027F4807742F8047CC26842B1012727EAF7
:10579000020253F8227027F4803743F82270006920
:1057A00040B1012222EA000053F8202022F080724A
:1057B00043F8202088684FF44072D64503EB800000
:1057C00050F8047C08BF4FF4807227F440773A44C5
:1057D00040F8042C486953F8042C471EC2F30742D2
:1057E00097420BD9002753F8042CCFF6FF7722F409
:1057F0007F0207EB0040104343F8040C53F8042CDD
:10580000086801384AF20005D207C5F2002553F8AE
:10581000207027F003022BD10327D64508BF0127AC
:105820003A4343F82020486860B103EB80003022FF
:10583000D64550F8047C08BF102227F020073A43D1
:1058400040F8042CC868C2032AD4019ED0B30122B8
:10585000D64522EA000053F8202003EB80044FF0E5
:10586000A06022F0E06208BF4FF0807028E000BF27
:1058700042F0010243F82020486840B103EB800069
:10588000012750F8042C67F3051240F8042CC8686F
:10589000C20329D4A8B34FF080726FF0E06727E00D
:1058A0000122D64522EA000003EB800453F82020B1
:1058B0004FF4A02022F4E02208BF4FF48030019E74
:1058C000104320600869C1032AD4C8B30121D6451A
:1058D00021EA00004FF0E06153F8202022F0E0625E
:1058E00008BF4FF0407128E04FF480326FF4E0279A
:1058F000012626EA000053F8206037403A4343F877
:1059000020200869C10323D4019EC8B101210322CC
:1059100021EA000053F8201062F31A610EE000BF84
:105920000121D64521EA00004FF4E02153F8202060
:1059300008BF4FF4403122F4E022114443F8201014
:10594000F00712D1B00718D400200EB0BDE8F08FD8
:105950000121032221EA000053F8201062F31241D2
:1059600043F82010019EF007ECD0DAF8000040F078
:105970000100CAF80000B007E6D5286840F0010031
:10598000286000200EB0BDE8F08F0000000000008D
:10599000F0B581B00446FFF79BFB002C00F0898036
:1059A000054600206065216D11B101B0F0BD00BF5A
:1059B000204600F081F8206841F28836A6654FF64F
:1059C000F40ED4E903C263698168CFF6E00E0027C4
:1059D000CFF6FF7701EA0E0107EB024241EA0C0124
:1059E0006FF0FF0E676B11430EEB03223943E3693F
:1059F000114319438160C168226A21F4E0211143F7
:105A0000C160216BA26B42EA01410161E16B41611E
:105A10000168626821F4F8510EEB02221143016023
:105A2000016A890609D500BFFFF752FB401BB0424F
:105A300038D82068016A8906F6D4C168A268D4E91A
:105A4000097621F0FF01013FA3693943C160022BB0
:105A5000016821F0400141EA02010160D0F808111B
:105A6000E26A21F0A04141EA060141EA0201C0F8E0
:105A70000811016841F00101016003D1816841F022
:105A800002018160E068B0F1806F05D101202065DE
:105A9000002001B0F0BD00BF02202065002001B051
:105AA000F0BD00BF4FF400702065606D40F0010054
:105AB0006065012001B0F0BD2DE9F043B5B00446AA
:105AC00002A80830B02100253095CDE93355CDE945
:105AD0003155FAF70DFF45F200012068C5F20021AB
:105AE000884203D035B0BDE8F08300BF4FF00070AE
:105AF000029002A80395159500F0AAFC08B1FCF7E6
:105B00003BFA44F2D44041F20044C5F60200C5F627
:105B1000020430AD4FF002080168002741F4001183
:105B200001600168032601F40011019101990168E7
:105B300041F48041016001684FF00A0901F480419D
:105B400001910199C16841F02001C160C16801F073
:105B5000200101910199C16841F00201C160C06852
:105B6000294600F00200019001984FF470703090C7
:105B70002046CDF8C48032973396CDF8D090FFF709
:105B8000A3F94FF480602946CDE93008092034900C
:105B90002046CDE93276FFF797F940202946CDE936
:105BA0003008A4F58050CDF8D090CDE93276FFF7DB
:105BB0008BF935B0BDE8F083B0B544F60C05C5F6F9
:105BC000020529684907296806D401F00701081A67
:105BD00018BF0120B0BD00BF21F0070108432860B5
:105BE000FFF776FA044600BF55F8080C800407D486
:105BF000FFF76EFA001BB0F57A7FF5D90120B0BD32
:105C00000020B0BD0000000080B501F0ADFA44F204
:105C100020414DF24452C5F60201C0F60002096867
:105C2000C1F30211515C01F01F01C84080BD0000AA
:105C300080B544F2304EC5F6020E5EF8083C5EF8C0
:105C4000081CC1F3051C5EF8041CBCF1000FDEF853
:105C5000042017D0C2F3CC0201F00101514303F03C
:105C60000303022B00EE101AB8EE400A10D0012BED
:105C700012D01BB95EF8301C890611D49FED361A7C
:105C80001CE000BF00218160C0E9001180BD00BFA1
:105C90009FED301A12E000BF9FED2D1A0EE000BFFD
:105CA0005EF8301C49F20002C0F2D032C1F3C101EB
:105CB00022FA01F101EE101AB8EE411ADEF80010D6
:105CC0009FED263A6FF35F2102EE101ADEF8001006
:105CD000C1F34621B8EE422A00EE032A00EE10CAB4
:105CE000B7EE003AB8EE400A81EE000A32EE031A2F
:105CF00002EE101AB8EE422A20EE010A32EE031A22
:105D000080EE011ABCEEC11A80ED001ADEF8001018
:105D1000C1F3064101EE101AB8EE411A31EE031A32
:105D200080EE011ABCEEC11A80ED011ADEF80010F7
:105D3000C1F3066101EE101AB8EE411A31EE031AF2
:105D400080EE010ABCEEC00A10EE101A816080BD20
:105D50000024744A20BCBE4B0024744C000000395F
:105D600080B544F2384EC5F6020E5EF8103C5EF87F
:105D7000101CC1F3053C5EF80C1CBCF1000FDEF8F2
:105D8000042015D0C1F30011C2F3CC02514300EE40
:105D9000101A03F003010229B8EE400A0ED089B9A7
:105DA0005EF8381C890611D49FED361A1CE000BF3E
:105DB00000218160C0E9001180BD00BF9FED301A55
:105DC00012E000BF9FED2D1A0EE000BF5EF8381CF8
:105DD00049F20002C0F2D032C1F3C10122FA01F14E
:105DE00001EE101AB8EE411ADEF800109FED263AC7
:105DF0006FF35F2102EE101ADEF80010C1F34621A6
:105E0000B8EE422A00EE032A00EE10CAB7EE003ABE
:105E1000B8EE400A81EE000A32EE031A02EE101AC2
:105E2000B8EE422A20EE010A32EE031A80EE011A81
:105E3000BCEEC11A80ED001ADEF80010C1F3064175
:105E400001EE101AB8EE411A31EE031A80EE011A73
:105E5000BCEEC11A80ED011ADEF80010C1F3066134
:105E600001EE101AB8EE411A31EE031A80EE010A63
:105E7000BCEEC00A10EE101A816080BD0024744A86
:105E800020BCBE4B0024744C000000390000000010
:105E900080B544F2404EC5F6020E5EF8183C5EF83E
:105EA000181CC1F3055C5EF8141CBCF1000FDEF891
:105EB000042015D0C1F30021C2F3CC02514300EEFF
:105EC000101A03F003010229B8EE400A0ED089B976
:105ED0005EF8401C890611D49FED361A1CE000BF05
:105EE00000218160C0E9001180BD00BF9FED301A24
:105EF00012E000BF9FED2D1A0EE000BF5EF8401CBF
:105F000049F20002C0F2D032C1F3C10122FA01F11C
:105F100001EE101AB8EE411ADEF800109FED263A95
:105F20006FF35F2102EE101ADEF80010C1F3462174
:105F3000B8EE422A00EE032A00EE10CAB7EE003A8D
:105F4000B8EE400A81EE000A32EE031A02EE101A91
:105F5000B8EE422A20EE010A32EE031A80EE011A50
:105F6000BCEEC11A80ED001ADEF80010C1F3064144
:105F700001EE101AB8EE411A31EE031A80EE011A42
:105F8000BCEEC11A80ED011ADEF80010C1F3066103
:105F900001EE101AB8EE411A31EE031A80EE010A32
:105FA000BCEEC00A10EE101A816080BD0024744A55
:105FB00020BCBE4B0024744C0000003900000000DF
:105FC00010B584B0024641F6FF7300209B1A70EBB7
:105FD00001032DDA47F6FF739B1A70EB010380F281
:105FE000798082F400430B4300F0A08082F4803378
:105FF0000B4300F0E38082F40022114340F01E8145
:1060000044F20040C5F60200816D01F44031B1F563
:10601000003F00F01F81B1F5803F00F0FD800029B6
:1060200040F0E1810068000100F17D81DBE100BF0B
:1060300040F2FF739B1A70EB010325DB82F480733F
:106040000B4300F0878082F48062114340F0F680B9
:1060500044F20041C5F60201886DC0F34252042AA1
:1060600000F2C18148F20000C0F2BB00DFE812F08C
:10607000060000010601E6000C0100BF086880016F
:1060800040F1B181E0E000BF82F400630B4300F017
:106090007B8082F48052114340F0D08044F2004172
:1060A000C5F60201086DC0F30232042A00F29B819A
:1060B00048F20000C0F2BB00DFE812F00600F80072
:1060C000FE00C000040100BF0868800140F18B8120
:1060D000BAE000BF82F400530B4300F07B8082F4EF
:1060E0008042114340F0AA8044F20044C5F6020405
:1060F000A06DC0F30270052800F27581DFE810F092
:106100000600420146014A015001520101F02CF8FB
:10611000216A4DF24452C0F60002C1F30211515CF3
:1061200001F01F01C84004B010BD00BF44F20040A0
:10613000C5F60200016D01F04051B1F1005F00F0C1
:106140007580B1F1805F00F07B80002940F04B81C9
:1061500060E000BF44F20041C5F60201086D00F0A6
:106160000702042A00F23F8148F20000C0F2BB009F
:10617000DFE802F004BAC064C40000BF0868800110
:1061800040F1318160E000BF44F20041C5F60201F8
:10619000886DC0F30262042A00F2258148F20000F3
:1061A000C0F2BB00DFE802F004BCC64AD00000BF6A
:1061B0000868800140F1178146E000BF44F20040CA
:1061C000C5F60200C16C0068C90319D4800140F112
:1061D0000A8139E044F20040C5F60200016DC1F3C6
:1061E0000241052900F2FF80DFE811F00600E60019
:1061F000F000FA000001140000F0DEFF04B010BD52
:10620000000140F1F08001A8FFF7AAFD039804B057
:1062100010BD00BF0068C6E00068800040F1E38068
:1062200001A8FFF735FE039804B010BD0068000117
:1062300040F1D98001A8FFF793FD029804B010BD8A
:106240000068800140F1CF8001A8FFF7F1FC0298BF
:1062500004B010BDC16C036811F04051026840F0F9
:10626000CF8013F0040300F0CB80C2F3C100D6E06E
:106270000868000140F1B78055E000BF0868800061
:1062800040F1B18059E000BFC86C0B6810F040527B
:10629000086803D113F0040340F0BF80B2F1805FBF
:1062A00061D110F4807040F0B1805CE008680001BA
:1062B00040F1998037E000BF0868800040F193808A
:1062C0003BE000BFC86C0B6810F04052086803D177
:1062D00013F0040340F0A180B2F1805F43D110F4C9
:1062E000807040F093803EE00868000140F17B80C0
:1062F00019E000BF0868800075D51EE0C86C0B6807
:1063000010F04052086803D113F0040340F0858078
:10631000B2F1805F27D110F4807077D123E000BF05
:10632000086800015FD501A8FFF71AFD019804B0C5
:1063300010BD00BF0868800055D501A8FFF7A8FD73
:10634000019804B010BD00BFC86C0B6810F040523B
:10635000086802D113F004035FD1B2F1805F02D16B
:1063600010F4807052D1086810F400301CBF47F65A
:106370004000C0F27D10B2F1005F18BF002004B0F1
:1063800010BD00BF206800012DD518E020688000F6
:1063900029D51EE02068400725D520683DE000BFD4
:1063A000206824E0206847F640018003C0F27D1198
:1063B00001EAE07004B010BD0068000113D501A827
:1063C000FFF7CEFC029804B010BD00BF006880004B
:1063D00009D501A8FFF75CFD029804B010BD00BF0D
:1063E0000168490718D4002004B010BD006840F6C9
:1063F0000011C005C0F23D0101EAE07004B010BD1B
:10640000B1F1805F14D112F4807211D040F6001007
:10641000C0F23D0004B010BD0068C0F3C10049F2F5
:106420000001C0F2D03121FA00F004B010BD00BF6D
:10643000006810F400301CBF47F64000C0F27D1029
:10644000B1F1005F18BF002004B010BD00000000D3
:106450002DE9F0470446C07844F22C480007C5F601
:10646000020833D5606E4FEA305103290CD8DFE8BB
:1064700001F003111D2600BFD8F8001041F40031CF
:10648000C8F800101BE000BF01266078C0070BD0E1
:1064900020E000BF04F10800022102F099FF064647
:1064A00060B16078C00715D1354646E004F1280098
:1064B000022103F021F806460028F2D1606ED8F8D8
:1064C000241021F440110843C8F824000026607805
:1064D000C007E9D0A06D04280ED83546DFE800F0EB
:1064E0000412181E1E0000BFD8F80000354640F404
:1064F0000030C8F8000011E001250127607840074E
:106500001FD453E004F10800002102F061FF04E011
:1065100004F12800002102F0EFFF05462F461DB1CF
:10652000607840070DD441E0D8F82400A16D20F038
:10653000070000250843C8F8240037466078400764
:1065400034D5D4F8A4004FEA705005280CD8DFE801
:1065500000F00311171D1D1DD8F8000040F4003095
:10656000C8F8000012E000BF01250126607800078E
:1065700020D455E004F10800002102F029FF04E0D6
:1065800004F12800002102F0B7FF05462E461DB198
:10659000607800070ED443E0D8F82C00D4F8A4109B
:1065A00020F4600000250843C8F82C003E466078BF
:1065B000000735D5D4F8A8004FEA306005280DD87B
:1065C000DFE800F00412181E1E1E00BFD8F80000FD
:1065D00040F40030C8F8000012E000BF0125012798
:1065E000E078800720D44EE004F10800002102F09A
:1065F000EFFE04E004F12800002102F07DFF0546D3
:106600002F461DB1E07880070ED43CE0D8F82C006E
:10661000D4F8A81020F0E06000250843C8F82C004A
:106620003746E07880072ED5E06C4FEA301003281B
:106630000ED8DFE800F00903130900BFD8F8000006
:1066400040F40030C8F800002E467DB912E000BFCB
:10665000012501266078C00619D44CE004F1080039
:10666000022102F0B5FE05462E461DB16078C00637
:106670000DD440E0D8F82000E16C20F03000002577
:106680000843C8F820003E466078C00633D5E06D68
:106690004FEA303004280DD8DFE800F00412181E4D
:1066A0001E0000BFD8F8000040F40030C8F8000019
:1066B00012E000BF01250127607880061FD44EE05C
:1066C00004F10800002102F083FE04E004F1280038
:1066D000002102F011FF05462F461DB160788006AB
:1066E0000DD43CE0D8F82400E16D20F4E040002512
:1066F0000843C8F824003746607880062FD5206EFE
:106700004FEA3040052809D8DFE800F0040E1404F1
:10671000040400BF2E46ADB918E000BF01250126D4
:10672000607840061FD44FE004F10800012102F018
:106730004FFE04E004F12800012102F0DDFE0546D1
:106740002E461DB1607840060DD43DE0D8F82400F7
:10675000216E20F4E02000250843C8F824003E46BE
:106760006078400630D5D4F8AC004FEA3070052888
:1067700008D8DFE800F0030D130303032F46ADB97B
:1067800018E000BF012501276078000620D442E010
:1067900004F10800012102F01BFE04E004F12800CE
:1067A000012102F0A9FE05462F461DB160780006C2
:1067B0000ED430E0D8F82C00D4F8AC1020F0E04033
:1067C00000250843C8F82C0037466078000622D51B
:1067D000E06E58B1B0F1005F0CD0B0F1805F2FD106
:1067E000D8F8000040F40030C8F800002E469DB9EB
:1067F00008E000BF04F10800012102F0E9FD0546B0
:106800002E464DB9D8F82400E16E20F04050002506
:106810000843C8F824003E46E078C00733D0A06C97
:10682000032813D8DFE800F008021A08D8F800009F
:1068300040F40030C8F80000A946BDB91AE000BF16
:1068400001250126E078C007E9D11CE001254FF0C1
:106850000109A07840061AD51CE000BF04F1080029
:10686000022102F0B5FD0546A9461DB1A0784006FB
:106870000DD50FE0D8F82000A16C20F00300002512
:106880000843C8F82000B146A078400602D44F461D
:1068900018E000BFD8F8D40340F48070C8F8D403DF
:1068A000FEF716FC064600BFD8F8D403C00507D48F
:1068B000FEF70EFC801B6428F6D90325032701E0B0
:1068C0002F468DB12078C00761D0A06F4FEAF0004D
:1068D00005283BD8DFE800F004404604040400BF6C
:1068E000002D2E4646D149E0D8F84410D4F8B00027
:1068F000414011F4407F11D0D8F84410D8F844201A
:1069000042F48032C8F84420D8F8442021F4407181
:1069100022F48032C8F84420C8F84410B0F5807FD3
:1069200040F0D082FEF7D4FB064641F2883A0325B8
:10693000032700BFD8F84400800700F1C182FEF7AA
:10694000C7FB801B5045F5D9BCE700BF01250126D8
:10695000207880071FD44CE004F10800012102F0E8
:1069600037FD04E004F12800012102F0C5FD0546D1
:106970002E461DB1207880070DD43AE0D8F82800C3
:10698000A16F20F0380000250843C8F828003E46D3
:10699000207880072DD5606F052809D8DFE800F042
:1069A000040E1404040400BF2F46ADB918E000BF64
:1069B00001250127207840071FD44DE004F108008D
:1069C000012102F005FD04E004F12800012102F09C
:1069D00093FD05462F461DB1207840070DD43BE0BE
:1069E000D8F82800616F20F0070000250843C8F898
:1069F00028003746207840072ED5D4F89000052887
:106A000008D8DFE800F0030D130303032E46ADB9E9
:106A100018E000BF012601252078800620D451E02F
:106A200004F10800012102F0D3FC04E004F1280085
:106A3000012102F061FD05462E461DB12078800639
:106A40000ED43FE0D8F82C00D4F8901020F00700C6
:106A500000250843C8F82C003E462078800631D532
:106A6000D4F88C004FEA3070052809D8DFE800F030
:106A7000040E1404040400BF2F46ADB918E000BF93
:106A8000012701252078400620D451E004F10800B8
:106A9000002102F09DFC04E004F12800022102F034
:106AA0002BFD05462F461DB1207840060ED43FE051
:106AB000D8F82800D4F88C1020F0E04000250843D6
:106AC000C8F8280037462078400631D5D4F8980019
:106AD0004FEAB020052809D8DFE800F0040E1404BE
:106AE000040400BF2E46ADB918E000BF0126012501
:106AF0002078000620D454E004F10800002102F0C0
:106B000067FC04E004F12800022102F0F5FC0546D0
:106B10002E461DB1207800060ED442E0D8F82C0095
:106B2000D4F8981020F4E05000250843C8F82C0051
:106B30003E462078000634D5D4F89C004FEA7030E9
:106B400005280FD8DFE800F004141A04040400BF7D
:106B50002F46E5B12068010727D4C1063ED40003C3
:106B600055D475E00127012520680107F5D51CE003
:106B700004F10800002102F02BFC04E004F12800DD
:106B8000022102F0B9FC0546002D2F46E2D1D8F8CB
:106B90002C00D4F89C1020F4604000250843C8F86D
:106BA0002C00374620680107D7D5D4F88010B1F5FE
:106BB000805F0AD104F12800022102F09DFC002828
:106BC00018BF01272068D4F88010D8F8282022F4B4
:106BD00040521143C8F82810C106C0D5D4F894100B
:106BE000B1F5807F0AD104F12800022102F084FC73
:106BF000002818BF01272068D4F89410D8F82C205A
:106C000022F440721143C8F82C10000320D5D4F8A8
:106C1000A000B0F5003F0FD0B0F5803F06D078BBA4
:106C200004F10800002102F0D3FB04E004F1280085
:106C3000022102F061FC05462E4655B9D8F82C0019
:106C4000D4F8A01020F4403000250843C8F82C00E8
:106C50003E46A07840072BD5D4F88400B0F5401FFD
:106C60000BD0B0F5001F11D0B0F5801F2AD1D8F895
:106C7000000040F40030C8F800002F46CDB90DE008
:106C800001260125A0784007E6D411E004F1280090
:106C9000012102F031FC05462F4655B9D8F82800ED
:106CA000D4F8841020F4401000250843C8F82800C8
:106CB0003746A078C0070AD13E462168880016D51D
:106CC00033E000BF01270125A078C007F4D0206D74
:106CD000B0F5803F10D018BBD8F8000040F4003069
:106CE000C8F800002E4685B1216888001DD4606870
:106CF0008A0326D467E000BF04F10800022102F0F5
:106D000067FB0546002D2E46EED1D8F82000216DF8
:106D100020F4803000250843C8F82000CCE700BFED
:106D20000126012521688800E1D504F1280002210F
:106D300002F0E2FB002818BF0126D4E900108A0304
:106D400041D5E26F6FF0010303EB3223022B0BD32B
:106D50004FEA322343B1012B40F0AC80D8F8003029
:106D600043F40033C8F8003035B3CA022ED48A0287
:106D700036D44A003ED4B1F1FF3F4BDD090253D473
:106D8000C1075CD1810765D441076ED4010778D46F
:106D9000C10600F18280800607D504F12800022197
:106DA00002F0AAFB002818BF0125002D18BF0125FD
:106DB0002846BDE8F08700BFD8F8283023F4407398
:106DC0001A43C8F828203546CA02D0D5D8F824205E
:106DD000236F22F000421A43C8F824208A02C8D543
:106DE000D8F82420A36E22F080721A43C8F8242019
:106DF0004A00C0D558F81C2C22F4004248F81C2C3C
:106E0000D4F8B42058F81C3C1A4348F81C2CB1F1B3
:106E1000FF3FB3DCD8F82020636D22F040521A43C4
:106E2000C8F820200902ABD5D8F82810D4F888205B
:106E300021F440011143C8F82810C107A2D004F181
:106E40000800002102F0C4FA002818BF0546606857
:106E5000810799D504F10800012102F0B9FA002850
:106E600018BF05466068410790D504F1080002216B
:106E700002F0AEFA002818BF0546606801077FF5EA
:106E800087AF04F12800002102F036FB002818BF6C
:106E900005466068C1067FF57EAF04F12800012138
:106EA00002F02AFB002818BF0546606880067FF5BF
:106EB0007CAF72E70125CA027FF559AF86E700BFB4
:106EC000D4F8B0004FF6CF7358F81C2CC0F2FF0373
:106ED00000F4407122F47C5203EA10136FF31F3068
:106EE000B1F5407F08BF1A43002548F81C2CD8F89C
:106EF00044100843C8F84400FFF7C9BC0000000074
:106F00002DE9F04381B0002800F02A8142F2000808
:106F10000446C5F200288946D8F8000000F00F00AA
:106F200088420ED2D8F8000020F00F0040EA090095
:106F3000C8F80000D8F8000000F00F00484540F005
:106F40000F81206844F218474107C5F602070AD5A9
:106F500021693A6802F07002914204D93A6822F03D
:106F600070021143396001070AD561697A6802F03D
:106F70007002914204D97A6822F07002114379605C
:106F8000C1060AD5A1697A6802F4E062914204D987
:106F90007A6822F4E0621143796081060AD5E169DA
:106FA000BA6802F07002914204D9BA6822F0700205
:106FB0001143B96010F002010AD0E2683B6803F0A7
:106FC0000F039A4204D93B6823F00F031A433A6037
:106FD000C20746D0386820F47061D4E90102012864
:106FE00041EA0201396009D003280DD0022811D1ED
:106FF00057F8181C890340F1B38010E057F8181CAB
:10700000C90540F1AD800AE057F8181C890140F12C
:10701000A78004E057F8181C490740F1A18057F8F1
:10702000081C21F00701084347F8080CFEF750F848
:10703000064641F2883500BF57F8080C616800F039
:107040003800B0EBC10F09D0FEF742F8801BA84210
:10705000F2D9032001B0BDE8F08300BF206800F042
:10706000020151B1E1683A6802F00F02914204D284
:107070003A6822F00F0211433960D8F8001001F08D
:107080000F0149450DD9D8F8001021F00F0141EA50
:107090000901C8F80010D8F8001001F00F014945A7
:1070A0005ED141070AD521693A6802F07002914227
:1070B00004D23A6822F070021143396001070AD500
:1070C00061697A6802F07002914204D27A6822F013
:1070D000700211437960C1060AD5A1697A6802F489
:1070E000E062914204D27A6822F4E062114379604E
:1070F00080060AD5E069B96801F07001884204D2BF
:10710000B96821F070010843B86000F0B5F839683B
:107110004DF244533A68C0F60003C1F3032102F074
:107120000F02595C9A5C01F01F0120FA01F102F094
:107130001F004CF2100221FA00F0C2F200021060AF
:107140004CF208004CF20C02C2F20000C2F2000243
:107150000068116001B0BDE8F043FEF705B800BF5C
:10716000012001B0BDE8F08380B500F085F844F25D
:1071700018414DF24453C5F60201C0F600030A68F7
:10718000096801F00F01C2F30322595C9A5C02F016
:107190001F0220FA02F201F01F004CF2100122FA45
:1071A00000F0C2F2000108604CF20C01C2F20001D2
:1071B0000A6080BD0000000080B500F05DF844F278
:1071C000184C4DF24451C5F6020CC0F60001DCF833
:1071D0000020DCF8003003F00F03C2F30322CB5C85
:1071E0008A5C02F01F02D04003F01F024CF2100331
:1071F00020FA02F2C2F200031A604CF20C03C2F24F
:1072000000031860DCF80400C0F30210085C00F012
:107210001F0022FA00F080BD80B500F02DF844F286
:10722000184C4DF24451C5F6020CC0F60001DCF8D2
:107230000020DCF8003003F00F03C2F30322CB5C24
:107240008A5C02F01F02D04003F01F024CF21003D0
:1072500020FA02F2C2F200031A604CF20C03C2F2EE
:1072600000031860DCF80400C0F30220085C00F0A2
:107270001F0022FA00F080BD44F20041C5F6020171
:107280000869C0F3C200032810D002282CD088BBA4
:107290000868800649F20000C0F2D03058BF70473D
:1072A0000968C1F3C101C840704700BF8A6A886A93
:1072B000C0F3051CC86ABCF1000F4B6B20D0C3F3B0
:1072C000CC0300F00100584302F00302022A00EE52
:1072D000100AB8EE400A15D0C2B90868800619D461
:1072E0009FED281A23E000BF47F64000C0F27D1052
:1072F000704700BF40F60010C0F23D00704700BF6D
:10730000002070479FED1E1A11E000BF9FED1B1A71
:107310000DE000BF086849F20002C0F2D032C0F3AD
:10732000C10022FA00F001EE100AB8EE411A086B13
:107330009FED153A6FF35F2002EE100A086BC0F361
:107340004620B8EE422A013000EE032A00EE10CAB1
:10735000B7EE003AB8EE400A81EE000A32EE031AA8
:1073600020EE010A01EE100AB8EE411A80EE010A81
:10737000BCEEC00A10EE100A704700BF0024744A29
:1073800020BCBE4B0024744C0000003900000000FB
:10739000F0B581B0002800F0D5800446007844F2B2
:1073A0000046C007C5F6020622D12078800768D5BE
:1073B000306910F03801B06A42D0182908BF5FEA7E
:1073C00080703DD0E0683168002800F0258121F010
:1073D000190108433060FDF77BFE05463068400721
:1073E00048D4FDF775FE401B0228F7D977E100BFAE
:1073F000306900F03801B06A102905D018290BD186
:1074000000F00300022807D130688003CDD5606802
:107410000028CAD196E000BF6068002800F03281E1
:10742000B0F5A02F00F04681B0F5803F00F0468116
:10743000306820F480303060306820F4802040E1F3
:1074400030684007E06801D500287BD0316821F022
:10745000190108433060FDF73BFE054630684007E0
:1074600008D4FDF735FE401B02284FF00300F5D984
:1074700001B0F0BD7068216920F0FE4040EA016073
:1074800070602078C00619D5306900F03801B06A04
:10749000082906D0182940F0818000F00300012857
:1074A0007CD13068C00502D5E06980284AD1F068F7
:1074B000216A20F07C5040EA0160F06020780007EB
:1074C00044D42078800655D42078400700F17E808F
:1074D000656A9DB3306900F03800182840F01481C7
:1074E000012DB16A306B2DD001F00302A36A9A42DC
:1074F00028D1C1F30511E26A914223D10146226BE2
:107500006FF35F21013A91421CD1C0F34622616BB7
:1075100001398A4216D1C0F30642A16B01398A4271
:1075200010D1C0F30660E16B013988420AD1706B5B
:10753000A16CC0F3CC00814240F09C81002001B0DE
:10754000F0BD00BF012001B0F0BD00BF60690028A0
:10755000706F4FD040F001007067FDF7B9FD054630
:10756000706F8007ADD4FDF7B3FD401B0228F7D93B
:10757000B5E000BFA0690028306871D040F48050A9
:107580003060FDF7A5FD0546306880049CD4FDF70A
:107590009FFD401B0228F7D9A1E000BFE069002849
:1075A000306800F09F8040F080003060FDF790FD73
:1075B000054600BF3068C0053FF579AFFDF788FD8F
:1075C000401B02284FF00300F4D951E7D6F800041D
:1075D00040F48070C6F80004FDF77AFD054600BF50
:1075E000D6F80004C00529D4FDF772FD401B6428BD
:1075F000F6D974E020F001007067FDF769FD0546DB
:10760000706F80077FF55DAFFDF762FD401B0228BC
:107610004FF00300F4D92BE721F001003060FDF7B3
:1076200057FD0546306840077FF52BAFFDF750FD4D
:10763000401B02284FF00300F4D919E7A068002886
:1076400000F08480052800F09B80012800F09C80D9
:10765000306F20F001003067306F20F0040096E0BA
:1076600020F480503060FDF733FD0546306880041B
:107670007FF52AAFFDF72CFD401B02284FF00300D9
:10768000F4D9F5E6306820F480303060306820F4BA
:1076900080203060FDF71CFD054600BF3068800388
:1076A0007FF583AEFDF714FD401B64284FF0030007
:1076B000F4D9DDE6306840F480203060306840F472
:1076C00080303060FDF704FD054600BF3068800360
:1076D0003FF56BAEFDF7FCFC401B6428F6D9032098
:1076E00001B0F0BD20F080003060FDF7F1FC0546F0
:1076F0003068C0057FF5E2AEFDF7EAFC401B0228CA
:107700004FF00300F4D9B3E6306820F080703060A9
:10771000FDF7DEFC022D05460CD100BF306880016C
:1077200048D5FDF7D5FC401B02284FF00300F5D9E2
:107730009EE600BF306880017FF500AFFDF7C8FC12
:10774000401B02284FF00300F4D991E6306F20F07F
:1077500001003067306F20F004003067FDF7B8FC9F
:10776000054641F28837306F80077FF5B1AEFDF7EF
:10777000AFFC401BB8424FF00300F4D978E600BFDD
:10778000306F40F004003067306F40F00100306728
:10779000FDF79EFC054641F2883700BF306F800739
:1077A0003FF596AEFDF794FC401BB8424FF0030046
:1077B000F4D95DE604F12807B06A40F2F33188435A
:1077C0008ECF0843591E40EA02104FF47E426FF3F9
:1077D0005F21B06202EB47204FF4FE0280B2E36B00
:1077E0000844A16B02EB01414FF0FE4201F4FE019F
:1077F00002EB0362084402F0FE4108443063F06A81
:107800004FF6F87120F00100F062706BA26C8843B3
:1078100040EAC2007063F06A216C20F00C0008435B
:10782000F062F06A616C20F002000843F062F06AD6
:1078300040F48030F062F06A40F40030F062F06AA8
:1078400040F48020F062F06A40F00100F06230689D
:1078500040F080703060FDF73BFC044630688001EA
:107860003FF56CAEFDF734FC001B02284FF003001F
:10787000F4D9FDE5F06A20F00100F062FDF728FC84
:107880000546FDF725FCA842FBD0706B4FF6F8715A
:10789000A26C884340EAC2007063F06A40F00100C5
:1078A000F062002001B0F0BD20B3B0B5044690F8FE
:1078B0002C000D4628B9002084F82D00204600F049
:1078C0001BF8022084F82C002068211DFAF77CFBAD
:1078D000D4E900022946FAF7E3FB44F20000C5F2BE
:1078E0000020016841F000410160012084F82C0073
:1078F0000020B0BD012070472DE9F043B5B04CF237
:10790000B4000025C2F2000034953395017830951B
:10791000CDE9315500296FD102AC0121017004F18C
:107920000800B021F8F7E4FF4FF080700290204685
:1079300003951495FEF78CFD08B1FAF71DFB44F290
:10794000D4400024C5F60200C5F6020430AD4FF065
:10795000020801684FF0000941F48051016000689D
:10796000294600F48050019001984FF63F00309076
:1079700004F5A050CDF8C4800326CDF8C8900C279C
:1079800033963497FDF7A0FA30A82946CDE933673E
:1079900080E8800304F50060FDF796FA30A98020A6
:1079A000CDE9336781E8010320462946FDF78CFACB
:1079B00030A948F23710CDE9336781E8010304F5B7
:1079C000C0502946FDF780FA30A94FF68370CDE903
:1079D000336781E8010304F580502946FDF774FA06
:1079E00030A94CF20370CDE9336781E8010304F557
:1079F00040602946FDF768FA35B0BDE8F083000025
:107A0000B0B5054690F82C00022801D10220B0BD87
:107A100095F82C000124012808D1022085F82C00BB
:107A20002868FAF719FB85F82C4000242046B0BDE1
:107A3000B0B590F82C3004460D460220052B04D03A
:107A4000022B08BFB0BD012B0ED184F82C002946B3
:107A50002068FAF70DFB2868022807D1052084F872
:107A60002C000020B0BD00BF0120B0BD012084F873
:107A70002C000020B0BD0000411E0020B0EB116FB3
:107A800002D00120704700BF4EF21002F023CEF268
:107A9000000251604EF62351CEF200010B70072117
:107AA0009060116070470000B0B590F83C20012A4A
:107AB0004FF0020263D080F83D2040F2004C026893
:107AC000C4F2010C42F4806363455368D2F808E0C5
:107AD00002BF23F470034C6823434DF6FF740D6816
:107AE000C4F2000423F07003A24243EA050353608A
:107AF00014DC40F2FF73C4F200039A4222DD40F628
:107B00000003C4F200039A422ED040F60043C4F2B0
:107B100000039A4228D041F6000321E04FF6FF739C
:107B2000C4F200039A4213DD0023C4F201039A4217
:107B30001AD044F20003C4F201039A4214D0624501
:107B400012D016E0B2F1804F0ED040F2004307E0B1
:107B50004EF20003C4F200039A4205D04EF20043F5
:107B6000C4F200039A4204D12EF0800389681943BD
:107B700091600022012180F83D1080F83C201046E1
:107B8000B0BD00000000000060B310B5044690F8DE
:107B90003D0028B9002084F83C00204600F024F87D
:107BA000022084F83D002068211D01F06DFE0120B7
:107BB00084F8480084F83E0084F83F0084F84000D0
:107BC00084F8410084F8420084F8430084F84400BB
:107BD00084F8450084F8460084F8470084F83D00A6
:107BE000002010BD0120704781B040F200410068C4
:107BF000C4F20001884201D001B0704744F2E8406D
:107C0000C5F60200016841F002010160006800F061
:107C100002000090009801B07047000000000000D2
:107C200090F83D1001291FD1022180F83D10016814
:107C30004DF6FF70C4F20000814217DC40F2FF7085
:107C4000C4F20000814227DD40F60000C4F20000CB
:107C5000814233D040F60040C4F2000081422DD072
:107C600041F6000026E000BF012070474FF6FF708C
:107C7000C4F20000814215DD0020C4F201008142FF
:107C80001CD044F20000C4F20100814216D040F240
:107C90000040C4F201000FE0B1F1804F0ED040F27D
:107CA000004007E04EF20000C4F20000814205D01F
:107CB0004EF20040C4F2000081420BD107228868D6
:107CC000C0F2010202400020062A18BFB2F5803F30
:107CD00000D17047086840F001000860002070473C
:107CE00080B590F83C20012A4FF0020200F0A780F6
:107CF00080F83D208822D0F800C0CFF6CE72DCF8A4
:107D000008301A40CCF808200B686F2B0EDDB3F159
:107D1000101F37DAB3F5005F46DA702B00F092805F
:107D2000B3F5805F00F08480D6E000BF2F2B33DDF9
:107D30004F2B3FDC302B6FD0402B40F0CD80D1F863
:107D400004E0C968DCF82030DCF8202022F00102D1
:107D5000CCF82020DCF8182022F0F00242EA0111D1
:107D600023F00A02CCF8181042EA0E01CCF82010D9
:107D70004FF68872DCF80810CFF6CF721140473109
:107D800054E000BF2F21C0F210018B423ADCB3F166
:107D9000101F41D020213BE0002B18BF102B3BD0FF
:107DA000202B39D098E000BF60D0B3F5801F33D0CE
:107DB00092E000BF502B6DD0602B40F08D80D1F849
:107DC00004E0C968DCF82030DCF8202022F0100242
:107DD000CCF82020DCF8182022F4704242EA01316D
:107DE00023F0A002CCF8181042EA0E11CCF82010B3
:107DF0004FF68872DCF80810CFF6CF721140673169
:107E000014E000BF3021C0F210018B4204D04021A9
:107E1000C0F210018B425FD14FF68872DCF8081077
:107E2000CFF6CF721140194341F00701CCF808108A
:107E30000022012180F83D10002180F83C101046FE
:107E400080BD00BFD1E901E3C968DCF8082043EA3E
:107E50000E0322F47F4243EA01211143CCF80810BB
:107E6000DCF8081041F07701E0E700BFD1E901E359
:107E7000C968DCF8082043EA0E0322F47F4243EA93
:107E800001211143CCF80810DCF8081041F48041BE
:107E9000CCE700BFD1F804E0C968DCF82030DCF89A
:107EA000202022F00102CCF82020DCF8182022F05B
:107EB000F00242EA011123F00A02CCF8181042EA5B
:107EC0000E01CCF820104FF68872DCF80810CFF6BF
:107ED000CF7211405731A9E70122AAE70000000044
:107EE00090F88410012901D1022070472421C0F8A4
:107EF000881002681368116823F0005321F0010113
:107F000011600021416613602022C0F8882080F8AB
:107F1000841008467047000010B50446D0F88C0065
:107F2000202805D10120002918BF002A02D110BD48
:107F3000022010BD0120E06600202067204602F0EC
:107F4000AFFB002818BF10BDE06E012832D12068B9
:107F50001021016250E8000F216840F0100041E854
:107F600000024AB3206850E8000F216840F010007A
:107F700041E8000202B3206850E8000F216840F099
:107F8000100041E80002BAB1206850E8000F2168F3
:107F900040F0100041E8000272B1206850E8000F84
:107FA000216840F0100041E800020020002AD9D1E9
:107FB000BDE700BF012010BD002010BD0000000083
:107FC00044F600020068C4F2000290420CD041F274
:107FD0000002C4F20102904205D14CF29400C2F2B8
:107FE0000000027862B170474CF29400C2F20000C7
:107FF0008278002A18BF704701228270C1707047D2
:1080000001220270417070477047000000000000BC
:1080100070B590F88420012A02D1022070BD00BF03
:108020002422C0F888200268D0F864E0BEF1000F76
:10803000D2F800C0136823F001031360936823F0A3
:10804000606341EA030191601AD091684DF26C5E61
:108050009368C0F6000E5B0F4DF27455C1F3426693
:10806000C0F600051EF80340E95C2301B3FBF1F103
:108070001EF80630AE5D1B01B3FBF6F302E000BF55
:1080800001210123A0F86A102021A0F86830C2F86D
:1080900000C0C0F88810002180F88410084670BD28
:1080A00070B590F88420012A02D1022070BD00BF73
:1080B0002422C0F888200268D0F864E0BEF1000FE6
:1080C000D2F800C0136823F001031360936823F013
:1080D000604341EA030191601AD091684DF26C5EF1
:1080E0009368C0F6000E5B0F4DF27455C1F3426603
:1080F000C0F600051EF80340E95C2301B3FBF1F173
:108100001EF80630AE5D1B01B3FBF6F302E000BFC4
:1081100001210123A0F86A102021A0F86830C2F8DC
:1081200000C0C0F88810002180F88410084670BD97
:1081300070470000000000007047000000000000D1
:108140007047000000000000B0B50446006840F62B
:108150002F01C26905681140D0F808E020290BD131
:1081600005F020010EF08053C91823D0616FD1B300
:108170002046BDE8B040084740F60F010A4219D03A
:10818000012140F22013C1F20001C0F200430EEAC7
:10819000010C05EA030111EB0C010BD0D10718BF4C
:1081A00015F4807140F0C68191070EF0010300F1D3
:1081B000CD81D4E105EA0203D906E16E14D5012987
:1081C00012D1102101628168490600F19D80B4F846
:1081D0005C10B4F85E20B4F85E30002B1CBF891A26
:1081E0005FEA01422FD1B0BDD10240F159811EF4A6
:1081F000800100F055814FF4801101622046BDE8F6
:10820000B040FFF799BF00BF206850E8000F226818
:1082100020F4907042E80003002B1FBF206850E854
:10822000000F226820F490701CBF42E80003002B6E
:1082300012D0206850E8000F226820F4907042E8C5
:1082400000034BB1206850E8000F226820F49070C2
:1082500042E80003002BD7D14FF6FE70CEF6FF7038
:10826000226852E8022F2368024043E80225002DCD
:108270001FBF226852E8022F236802401CBF43E858
:108280000225002D10D0226852E8022F23680240F8
:1082900043E8022545B1226852E8022F23680240D4
:1082A00043E80225002DDBD12020C4F88C000020FB
:1082B000E0666067206850E8000F226820F0100038
:1082C00042E80003002B1FBF206850E8000F22681F
:1082D00020F010001CBF42E80003002B12D02068E1
:1082E00050E8000F226820F0100042E800034BB174
:1082F000206850E8000F226820F0100042E80003D8
:10830000002BD7D189B227E2D4F8803019684A68A7
:10831000B4F85CC091B2002900F01682614580F08B
:108320001382A4F85E20D969B1F5807F00F0AC809B
:1083300050E8000F216820F4807041E80002FAB193
:10834000206850E8000F216820F4807041E80002A6
:10835000002A1FBF206850E8000F216820F48070B9
:108360001CBF41E80002002A0AD0206850E8000F34
:10837000216820F4807041E800020AB12068D7E744
:10838000206850E8020F216820F0010041E8020255
:10839000002A1FBF206850E8020F216820F001006A
:1083A0001CBF41E80202002A26D0206850E8020FD4
:1083B000216820F0010041E80202EAB1206850E89B
:1083C000020F216820F0010041E80202002AD7D103
:1083D00012E000BF206850E8020F216820F0400042
:1083E00041E80202EAB1206850E8020F216820F05B
:1083F000400041E80202A2B1206850E8020F216863
:1084000020F0400041E80202002A1FBF206850E827
:10841000020F216820F040001CBF41E80202002A40
:10842000D8D12020C4F88C000020E066206850E8F5
:10843000000F216820F0100041E80002002A1FBF51
:10844000206850E8000F216820F010001CBF41E8B0
:108450000002002A12D0206850E8000F216820F0A6
:10846000100041E800024AB1206850E8000F21687E
:1084700020F0100041E80002002AD7D1D4F8800093
:10848000FAF77AFFB4F85CC002202067B4F85E0007
:10849000ACEB000081B22046BDE8B040FFF790BDD4
:1084A00011060BD505F0800C0EF4000111EB0C0148
:1084B00004D0A16F00297FF45BAE94E659060BD47B
:1084C000100240F17D8115F0804000F07981204656
:1084D000BDE8B040FFF72CBE50E8000F216820F047
:1084E000400041E80002002A00F04681206850E880
:1084F000000F216820F0400041E80002002A1FBF61
:10850000206850E8000F216820F040001CBF41E8BF
:108510000002002A00F03081206850E8000F216836
:1085200020F0400041E80002002A00F02581206888
:10853000D2E700BF01210162D4F8901041F001019F
:10854000C4F8901091070EF0010308D53BB1022149
:108550000162D4F8901041F00401C4F89010510762
:1085600008D53BB104210162D4F8901041F002011A
:10857000C4F8901011070CD505F0200151EA0C0148
:1085800007D008210162D4F8901041F00801C4F826
:10859000901011050BD515F0806108D04FF40061E3
:1085A0000162D4F8901041F02001C4F89010D4F882
:1085B000901000293FF417AE12F020010AD005F008
:1085C00020010EF08052891804D0616F11B120464D
:1085D00088472068D4F89010826802F0400201F0C9
:1085E0002801891800F0C08050E8000F216820F4AD
:1085F000907041E80002FAB1206850E8000F21684D
:1086000020F4907041E80002002A1FBF206850E863
:10861000000F216820F490701CBF41E80002002A7E
:108620000AD0206850E8000F216820F4907041E8DB
:1086300000020AB12068D7E74FF6FE70CEF6FF7051
:10864000216851E8021F2268014042E80213002B12
:108650001FBF216851E8021F226801401CBF42E889
:108660000213002B10D0216851E8021F226801403C
:1086700042E8021343B1216851E8021F2268014019
:1086800042E80213002BDBD1E06E012828D100BFA5
:10869000206850E8000F216820F0100041E8000237
:1086A000002A1FBF206850E8000F216820F010004A
:1086B0001CBF41E80002002A12D0206850E8000FD9
:1086C000216820F0100041E800024AB1206850E81B
:1086D000000F216820F0100041E80002002AD7D1E5
:1086E0002020C4F88C000021E16620686167816861
:1086F00049065FD550E8020F216820F0400041E8AC
:108700000202002A42D0206850E8020F216820F0BF
:10871000400041E80202002A1FBF206850E8020F13
:10872000216820F040001CBF41E80202002A2DD041
:10873000206850E8020F216820F0400041E8020262
:1087400022B32068D6E700BF8C457FF44CADD869D2
:10875000B0F5807F7FF447AD022020672046BDE85A
:10876000B040FFF72DBC00BF2046FFF7E9FC00201A
:10877000C4F89000B0BD00BF2020C4F888000020DD
:10878000A0672046BDE8B04000F002BAD4F88000EF
:1087900080B149F69941C0F600010165FBF788F800
:1087A00000283FF420ADD4F88000016DBDE8B04052
:1087B000084700BF2046BDE8B040FFF7C1BC00BF7E
:1087C000D0017FF510ADB5F1FF3FC8BFB0BD204669
:1087D000BDE8B040FFF718BC10B5E0B10446D0F8D2
:1087E000880028B9002084F88400204600F028F88A
:1087F0002420C4F888002068A16A0268002922F0B9
:108800000101016002D0204601F01AF9204601F072
:1088100027FC012802D1012010BD00BF206841685B
:1088200021F490414160816821F02A018160016852
:1088300041F0010101602046BDE8104001F070B92F
:1088400070B5B6B0044602A8B8210026CDE934665A
:10885000CDE932663196F8F74BF844F6000120680E
:10886000C4F20001884259D041F20001C4F2010172
:10887000884240F0B5800120029002A800260396AD
:108880002096FDF7E5FD08B1F9F776FB44F2E040EC
:10889000C5F60200016941F010010161016901F0B2
:1088A000100101910199016841F001010160006826
:1088B00031A900F00100019001984FF4C06031909F
:1088C0000220CDE932060720359000203496C5F607
:1088D0000200FCF7F9FA4CF230652820C2F20005DC
:1088E000C4F2020028602920C5E901064FF4806027
:1088F000EE60C5E904064FF40030C5E908062846D5
:10890000C5E90666FBF750FD00285BD0F9F734FB9C
:108910004CF230652526C2F2000556E002A8039607
:10892000022502951F96FDF793FD08B1F9F724FB88
:1089300044F2E0400026C5F60200816841F480213F
:108940008160816801F4802101910199016841F001
:10895000020101600068002100F002000190C5F6EC
:10896000020101984FF44060CDE9310507203590B0
:1089700001F5806031A9CDE93366FCF7A5FA4CF228
:10898000A8652820C2F20005C4F202001830286051
:108990002D20C5E901064FF48060EE60C5E90406AC
:1089A0004FF40030C5E908062846C5E90666FBF71E
:1089B000FBFC48B1F9F7E0FA4CF2A8652726C2F2B1
:1089C000000502E0252600E027260021002230468F
:1089D000C4F88050AC63FCF75FFC3046FCF74CFCFD
:1089E00036B070BD000000007047000000000000BD
:1089F00070470000000000002DE9F0410446D0F867
:108A0000880020282CD10F4600294FF0010000F0EB
:108A1000BD801646002A08BFBDE8F0811D464FF014
:108A20000008C4F890802120C4F88800FCF750FBAF
:108A3000A4F85460A4F856600646A168B1F5805FBA
:108A400005D12069002814BF3846B8460746B4F857
:108A50005600F8B1681C1FD0002D67D1206811E0C6
:108A60000220BDE8F08100BF38F8021B00276FF339
:108A70005F218162B4F856100139A4F85610B4F899
:108A8000561061B3C169090672D5002FECD017F8F2
:108A9000011BEEE7206822E0206802E0C1690906B8
:108AA00009D4C16909065FBFC1695FEA0161C16993
:108AB0005FEA0161F2D51FB117F8011B05E000BFA5
:108AC00038F8021B00276FF35F218162B4F856105B
:108AD0000139A4F85610B4F856100029E1D1C16943
:108AE000490610D4002D4BD0691C18D1C169490624
:108AF0005FBFC1695FEA4161C1695FEA416102D458
:108B0000C1694906F2D52020C4F888000020BDE8DC
:108B1000F08100BF20680168C0694006F3D4FCF70B
:108B2000D7FA801BA842F5D92CE000BF206800BF0F
:108B3000C169090608D4FCF7CBFA801BA84219D8F2
:108B400020680168F4E700BF17B117F8011B04E0C3
:108B500038F8021B00276FF35F218162B4F85610CA
:108B60000139A4F85610B4F856100029E0D1B6E740
:108B7000FCF7AEFA2020C4F888000320BDE8F0819D
:108B8000FCF7A6FA2020C4F888000320BDE8F08195
:108B9000704700000000000040F20044C5F60204E7
:108BA00001212046FCF784FA6420FCF715F9F7E769
:108BB00010B58CB06846242100240B94CDE90944FB
:108BC000F7F796FE4CF2B04042F20001C2F200000C
:108BD000C4F202014FF49062C0E9001484600421E1
:108BE0000461416101210483C16180F820408262F7
:108BF0004FF48062C26203220263C0E90F4480F82E
:108C000044408164FAF784F808B1F9F7B5F94CF2F9
:108C1000B04009A9C2F200000994F9F72DFB08B190
:108C2000F9F7AAF940F200106946C2F280100090EC
:108C3000062001900120029040F2FF700390042072
:108C40000490002005908DF821004CF2B040C2F253
:108C50000000F9F76DFB08B1F9F78EF94CF2B0405E
:108C60000021C2F2000040F2FF72F9F785FA08B164
:108C7000F9F782F90CB010BD70B58AB001A82421B3
:108C8000F7F736FE4CF2205042F20011C2F200001B
:108C9000C4F202010024042501600126C0E9014458
:108CA00004614FF4906145610483C66180F82040FF
:108CB00081624FF48061C16203210163C0E90F4406
:108CC00080F844408664FAF723F808B1F9F754F9BC
:108CD00048F2000001A9C3F6F06001900620069456
:108CE000CDE9020640F2FF708DF82540CDE904057C
:108CF0004CF22050C2F20000F9F71AFB08B1F9F764
:108D00003BF90AB070BD000080B54CF2905044F2BF
:108D10000041C2F20000C4F602010160FAF7F4FA61
:108D2000002808BF80BDBDE88040F9F725B90000E4
:108D300080B582B044F2D8400022C5F60200016836
:108D400041F0010101600068002100F00100019084
:108D500001980B20FCF7A0FA0B20FCF78DFA0C20F1
:108D600001210022FCF798FA0C20FCF785FA0D206F
:108D700000210022FCF790FA0D20FCF77DFA0E206E
:108D800000210022FCF788FA0E2002B0BDE88040E6
:108D9000FCF772BA0000000080B54CF2207044F27B
:108DA0000001C2F20000C4F602010160FCF728F8DD
:108DB000002808BF80BDBDE88040F9F7DDB800009D
:108DC00080B58CB04CF2B47044F24012C2F2000094
:108DD0000021CDE90A11CDE90811C5F20022C0E950
:108DE0000021012282600822C2601022026140221A
:108DF00042614FF4C072C0E906214FF40061016284
:108E00004FF4805141624FF400518162022101917F
:108E10000A22029206220392092204920422059257
:108E20000322CDE9062101A9FEF73EFD08B1F9F7BD
:108E3000A3F84CF2B47008A9C2F2000000F0F0FBF5
:108E40000CB080BD000000002DE9F04F87B044F267
:108E5000E0404FF00009C5F60200CDF8189040F24E
:108E6000004401220168C5F6020441F004010160DA
:108E700001684FF0010A01F00401019101990168B4
:108E800041F020010160016801F020010191019988
:108E9000016841F080010160016801F080010191E9
:108EA0000199016841F001010160016801F00101CF
:108EB00001910199016841F002010160016801F02E
:108EC000020101910199016841F0400101600168CE
:108ED00001F0400101910199016841F01001016028
:108EE000016801F0100101910199016841F0080148
:108EF00001600068012100F00800019001982046FF
:108F0000FCF7DEF84FF20601002220464FF206067B
:108F1000FCF7D6F804F5A057482100223846FCF7A4
:108F2000CFF804F5806B4FF4707100225846FCF7BF
:108F3000C7F8A4F580684FF4807100224046FCF722
:108F4000BFF802AD0320059020462946CDF81090C9
:108F5000CDE902AAFBF7B8FF20462946CDE9026A0F
:108F6000CDF8109002260596FBF7AEFF4820294663
:108F7000CDE9020A3846CDE90496FBF7A5FF4FF488
:108F800070702946CDE9020A5846CDE90496FBF7F0
:108F90009BFF4FF480702946CDE9020A4046CDE997
:108FA0000496FBF791FF07B0BDE8F08F00000000CA
:108FB00080B586B04CF2587045F20002C2F2000053
:108FC0000021CDE90411CDE90211CDE90011C5F26E
:108FD000002202600422C160C0E90121172301625E
:108FE000C0E90432C0E90611032242624FF0804218
:108FF0000163C0E90A210822C163C0E90D21FCF721
:10900000C7FC08B1F8F7B8FF0120009002904FF0BC
:10901000011003904CF25870C2F20000694641F210
:109020008832FCF779F908B1F8F7A6FF06B080BDE1
:1090300080B588B04CF2E87040F20042C2F2000005
:1090400000210791C4F20002CDE905110391CDE999
:10905000011102600922C0E901210A22C0E90321AD
:1090600080218161FEF790FD08B1F8F785FF4FF48C
:10907000805004904CF2E87004A9C2F20000FEF7A0
:109080002FFE08B1F8F778FF202001900020039010
:109090004CF2E87001A9C2F20000FEF705FD08B12C
:1090A000F8F76AFF08B080BD80B54CF6340041F295
:1090B0000001C2F20000C4F201010C2201604FF471
:1090C000165141600021C0E902110161C0E905218A
:1090D000C0E90711C0E90911FFF77EFB08B1F8F7F5
:1090E0004BFF4CF634000021C2F20000FEF7D8FF1F
:1090F00008B1F8F741FF4CF634000021C2F200003D
:10910000FEF786FF08B1F8F737FF4CF63400C2F2DD
:109110000000FEF7E5FE08B1F8F72EFF4CF634002C
:1091200048F22801C2F20000C2F200418022FEF79C
:10913000F3FE4CF2306040F20F41C2F20000C4F284
:109140000201006888426FF0080111DC6F22C4F24E
:109150000202904222DC3F22C4F20202904239DC39
:109160001022C4F2020290425CD0282254E000BFD8
:1091700040F26F42C4F2020290421BDC40F23F42D6
:10918000C4F2020290422DDC40F21042C4F202020C
:10919000904247D040F228423EE000BF9F22C4F2F6
:1091A0000202904228DC7022C4F20202904239D0BE
:1091B000882231E040F29F42C4F20202904223DC56
:1091C00040F27042C4F2020290422BD040F2884238
:1091D00022E000BF4022C4F20202904222D0582274
:1091E0001AE000BF40F24042C4F20202904219D09D
:1091F00040F2584210E000BFA022C4F202029042A6
:1092000010D0B82208E000BF40F2A042C4F202022F
:10921000904207D040F2B842C4F20202904218BF16
:109220006FF0040102681140016080BD0000000081
:1092300080B54CF6C80044F60001C2F20000C4F24A
:1092400000010C2201604FF4165141600021C0E979
:1092500002110161C0E90521C0E90711C0E9091146
:10926000FFF7BAFA08B1F8F787FE4CF6C8000021FC
:10927000C2F20000FEF714FF08B1F8F77DFE4CF6CD
:10928000C8000021C2F20000FEF7C2FE08B1F8F7E4
:1092900073FE4CF6C800C2F20000FEF721FE08B1D2
:1092A000F8F76AFE4CF6C80048F2A801C2F20000C6
:1092B000C2F200418022FEF72FFE4CF2A86040F27D
:1092C0000F41C2F20000C4F20201006888426FF050
:1092D000080111DC6F22C4F20202904222DC3F221C
:1092E000C4F20202904239DC1022C4F2020290421F
:1092F0005CD0282254E000BF40F26F42C4F2020268
:1093000090421BDC40F23F42C4F2020290422DDC4C
:1093100040F21042C4F20202904247D040F228428A
:109320003EE000BF9F22C4F20202904228DC70227D
:10933000C4F20202904239D0882231E040F29F42CA
:10934000C4F20202904223DC40F27042C4F20202F4
:1093500090422BD040F2884222E000BF4022C4F26B
:109360000202904222D058221AE000BF40F240424E
:10937000C4F20202904219D040F2584210E000BFFD
:10938000A022C4F20202904210D0B82208E000BF2E
:1093900040F2A042C4F20202904207D040F2B8422A
:1093A000C4F20202904218BF6FF00401026811403B
:1093B000016080BD00000000FEE70000000000002A
:1093C000FEE7000000000000704700000000000001
:1093D000F0B581B044F22C47C5F6020757F8042CCB
:1093E00002F00302032A03D1012001B0F0BD00BF47
:1093F000054657F82C0C0C4620F0806047F82C0CE2
:10940000FBF766FE064600BF57F82C0C000105D599
:10941000FBF75EFE801B0228F6D964E057F8040CC7
:10942000EE6895E80E0020F47C30012C40EA013013
:10943000A2F101016FF35F214FF47E4202EB432260
:1094400047F8040C92B24FF0FE4302EB01004FF4D8
:10945000FE012A6901EB064101F4FE0103EB026201
:10946000084402F0FE410844F8603868696920F059
:10947000C00040EA010038603868A96920F0200087
:1094800040EA0100386038684FF6F87120F01000AB
:1094900038603869EA6920EA01004FF4001140EAB7
:1094A000C2003861386808BF4FF4801140F01000E6
:1094B000002C386008BF4FF400213868084338603A
:1094C00057F82C0C40F0806047F82C0CFBF700FE9E
:1094D000044600BF57F82C0C000107D4FBF7F8FD39
:1094E000001B0328F6D3032001B0F0BD002001B01B
:1094F000F0BD000000000000F0B581B044F22C4740
:10950000C5F6020757F8042C02F00302032A03D120
:10951000012001B0F0BD00BF054657F82C0C0C46E9
:1095200020F0805047F82C0CFBF7D2FD064600BF18
:1095300057F82C0C800005D5FBF7CAFD801B0228CC
:10954000F6D964E057F8040CEE6895E80E0020F0B8
:109550007C70012C40EA0150A2F101016FF35F2100
:109560004FF47E4202EB432247F8040C92B24FF0D4
:10957000FE4302EB01004FF4FE012A6901EB0641B4
:1095800001F4FE0103EB0262084402F0FE410844CC
:1095900078613868696920F4406040EA0100386009
:1095A0003868A96920F4007040EA01003860386822
:1095B0004FF6F87120F480703860B869EA6920EAE3
:1095C00001004FF0807140EAC200B861386808BFFE
:1095D0004FF4000140F48070002C386008BF4FF455
:1095E000800138680843386057F82C0C40F08050F0
:1095F00047F82C0CFBF76CFD044600BF57F82C0C09
:10960000800007D4FBF764FD001B0328F6D303207A
:1096100001B0F0BD002001B0F0BD0000000000006E
:109620002DE9F04182B04FF6FF720C4600260196FC
:109630004FF00108C1F8008010270546C1E9017804
:10964000CE60FEF7F5F96420FBF7C6FB02204FF66B
:10965000FF7284E8810128462146E660FEF7E8F9BA
:1096600003204FF6FF72C4E9000708202146C4E931
:1096700002062846FEF7DCF94FF40C700190042036
:10968000019984E88101E1604FF6FF722846214686
:10969000FEF7CEF940F21E41284602B0BDE8F04187
:1096A000FEF7AEB90000000081B044F2D440C5F628
:1096B0000200816841F0C0418160016841F480513D
:1096C0000160006800F4805000900098BFF34F8F55
:1096D00001B070470000000070470000000000006B
:1096E000FBF7FEBC00000000B0B59CB044F61804C7
:1096F000022000250895CDE91055CDE90E55CDE99C
:109700000C55CDE90A55CDE90655CDE90455CDE90D
:109710000255C5F602040195FCF74EFA0095206843
:1097200020F440402060206800F440400090009801
:10973000206880045FBF20685FEA804020685FEA9D
:10974000804002D420688004F2D502200990129053
:109750000025CDE917000C200121CDE919054FF4B2
:1097600040601B9009A80C9140240D94139504228D
:1097700014922222CDE91521FDF70AFEA0B93F205F
:10978000019003200321CDE9020508200694CDE9CC
:1097900004044FF48060CDE9070401A8FDF7B0FB95
:1097A000002804BF1CB0B0BDF8F7E6FB00000000C5
:1097B0004EF6885042F2000CCEF20000C5F2002CAA
:1097C000026842F470020260DCF8000000F00F0052
:1097D000062806D8DCF80000072262F30300CCF864
:1097E000000044F200404EF67F51C5F60200CEF66E
:1097F000F621026842F00102026000220261036861
:1098000019400160DCF80010090706D5DCF80010EB
:10981000072363F30301CCF8001040F200218261BA
:10982000C261C0F20221026281620021C0F2FF1116
:10983000C16240F28021C0F2011101634263816381
:10984000C26301644264016821F480210160026600
:10985000D0F8D410C90448BF7047D0F8D41043F2F0
:10986000D20241F48051C0F8D41044F20001C5F294
:1098700000210A60D0F8D41021F48051C0F8D4102F
:10988000704700000000000010B540F6FF32D0F82D
:1098900000E0C4F20002904210DCB0F1804F1ED014
:1098A00040F20043C4F20003984218D040F600038F
:1098B000C4F20003984212D016E000BF40F6004305
:1098C000C4F2000398420AD040F20043C4F20103FC
:1098D000984204D00023C4F20103984204D12EF030
:1098E00070024B6843EA020E4EF2FF3343F6FF7CF0
:1098F000C4F20003C4F2010C984213DD60452BDC76
:109900004EF20043C4F20003984242D00023C4F256
:10991000010398423DD040F20043C4F20103984253
:1099200037D03BE040F2FF73C4F20003984227DDDA
:1099300040F60003C4F2000398422AD040F60043E8
:10994000C4F20003984224D04EF20003C4F2000394
:1099500098421ED022E000BF44F20003C4F201038B
:10996000984216D044F60003C4F20103984210D086
:1099700044F20043C4F2010398420AD00EE000BF53
:10998000B0F1804F05D040F20043C4F2000398428A
:1099900004D12EF44072CB6843EA020E4B69604555
:1099A0000A688C68C462826212DD44F20002C4F26A
:1099B0000102904217D044F60002C4F20102904224
:1099C00011D044F20042C4F2010290420BD00CE0EC
:1099D0000022C4F20102904205D040F20042C4F2DB
:1099E0000102904201D109690163016841F004015B
:1099F0000160012141612EF080011943016010BD19
:109A000083B010B5A1B001ACCDE92312014623AA61
:109A100020462593009202F047FD2046F6F773FF9B
:109A200082B24CF63400C2F200004FF0FF33214600
:109A3000FEF7E2FF21B0BDE8104003B07047000020
:109A4000816A0A070CD4CA0715D18A071ED44A07AF
:109A500027D4CA0630D48A0639D44A0655D541E0FF
:109A60000268D0F838C0536823F4004343EA0C037B
:109A70005360CA07E9D00268D0F82CC0536823F4B9
:109A8000003343EA0C0353608A07E0D50268D0F83C
:109A900030C0536823F4803343EA0C0353604A0711
:109AA000D7D50268D0F834C0536823F4802343EA42
:109AB0000C035360CA06CED50268D0F83CC0936848
:109AC00023F4805343EA0C0393608A06C5D50268E9
:109AD000D0F840C0936823F4005343EA0C0393602A
:109AE0004A0612D50268D0F844C0BCF5801F5368FE
:109AF00023F4801343EA0C03536006D1536823F424
:109B0000C00C836C43EA0C035360090658BF7047CE
:109B10000168C06C4A6822F4002210434860704714
:109B2000B0B582B004460020C4F89000FBF7D0FA2C
:109B3000216805460A68120737D54FF40011002244
:109B40006FF07E40009020462B4600F059FE58B33F
:109B5000206850E8000F216820F0800041E80002F2
:109B6000002A1FBF206850E8000F216820F0800005
:109B70001CBF41E80002002A12D0206850E8000F04
:109B8000216820F0800041E800024AB1206850E8D6
:109B9000000F216820F0800041E80002002AD7D1A0
:109BA0002020C4F8880063E021680868400765D574
:109BB0004FF4800100226FF07E40009020462B463B
:109BC00000F01EFE002859D0206850E8000F2168E0
:109BD00020F4907041E80002002A1FBF206850E87E
:109BE000000F216820F490701CBF41E80002002A99
:109BF00026D0206850E8000F216820F4907041E8DA
:109C00000002EAB1206850E8000F216820F490704B
:109C100041E80002002AD7D112E000BF206850E8D6
:109C2000020F216820F0010041E80202EAB1206839
:109C300050E8020F216820F0010041E80202A2B1C1
:109C4000206850E8020F216820F0010041E802027C
:109C5000002A1FBF206850E8020F216820F0010091
:109C60001CBF41E80202002AD8D12020C4F88C0091
:109C70000320002184F8841002B0B0BD2020C4F875
:109C80008800C4F88C000020E0662067002184F87A
:109C9000841002B0B0BD0000806B0021A0F85E10FF
:109CA000FEF74EBA00000000806B0268D0F8881002
:109CB000D0F88CC02129936863D113F0800360D061
:109CC0000023A0F8563052E8002F036822F0C002AB
:109CD00043E80021E1B300BF016851E8001F0268BA
:109CE00021F0C00142E80013002B1FBF016851E8BA
:109CF000001F026821F0C0011CBF42E80013002BC6
:109D000026D0016851E8001F026821F0C00142E836
:109D10000013EBB1016851E8001F026821F0C00197
:109D200042E80013002BD7D112E000BF016851E8D0
:109D3000021F026821F4000142E80213EBB101683E
:109D400051E8021F026821F4000142E80213A3B1A6
:109D5000016851E8021F026821F4000142E8021381
:109D6000002B1FBF016851E8021F026821F40001A7
:109D70001CBF42E80213002BD8D12021C0F8881064
:109D80000268BCF1220F916840F0908011F0400110
:109D900000F08C800021A0F85E1052E8001F00BF88
:109DA000026821F4907142E800130BB3016851E896
:109DB000001F026821F4907142E80013002B1FBFBE
:109DC000016851E8001F026821F490711CBF42E84D
:109DD0000013002B0CD0016851E8001F026821F429
:109DE000907142E800131BB1016851E8001FD7E7EA
:109DF0004FF6FE7CCEF6FF7C026852E8022F036825
:109E000002EA0C0243E8022100291FBF016851E861
:109E1000021F026801EA0C011CBF42E80213002B7A
:109E200012D0016851E8021F026801EA0C0142E801
:109E300002134BB1016851E8021F026801EA0C01EC
:109E400042E80213002BD7D1C16E012928D100BFEF
:109E5000016851E8001F026821F0100142E8001378
:109E6000002B1FBF016851E8001F026821F010019C
:109E70001CBF42E80013002B12D0016851E8001FFC
:109E8000026821F0100142E800134BB1016851E86B
:109E9000001F026821F0100142E80013002BD7D107
:109EA0002021C0F88C100021C1664167D0F89010C5
:109EB00041F01001C0F89010FEF742B90000000018
:109EC000C169806BB1F5807F00F0AC800021A0F803
:109ED0005E1000BF016851E8001F026821F4807124
:109EE00042E80013002B1FBF016851E8001F026801
:109EF00021F480711CBF42E80013002B12D00168CE
:109F000051E8001F026821F4807142E800134BB150
:109F1000016851E8001F026821F4807142E80013D3
:109F2000002BD7D1016851E8021F026821F001011E
:109F300042E80213002B1FBF016851E8021F0268AC
:109F400021F001011CBF42E80213002B26D001685A
:109F500051E8021F026821F0010142E80213EBB14F
:109F6000016851E8021F026821F0010142E8021372
:109F7000002BD7D112E000BF016851E8021F026830
:109F800021F0400142E80213EBB1016851E8021FE1
:109F9000026821F0400142E80213A3B1016851E8D0
:109FA000021F026821F0400142E80213002B1FBF8C
:109FB000016851E8021F026821F040011CBF42E81D
:109FC0000213002BD8D12021C0F88C10C16E0129BA
:109FD00028D100BF016851E8001F026821F010017C
:109FE00042E80013002B1FBF016851E8001F026800
:109FF00021F010011CBF42E80013002B12D00168B1
:10A0000051E8001F026821F0100142E800134BB133
:10A01000016851E8001F026821F0100142E80013B6
:10A02000002BD7D100210167C16E012904D1B0F8FE
:10A030005C10FDF7C5BF00BFFEF7D6BC00000000F6
:10A04000806B01210167C16E012905D1B0F85C1058
:10A050004908FDF7B5BF00BFFEF7CABC000000000D
:10A0600070B584B00446006804F1080340F6004E61
:10A07000E669C5F6000E0ECB194363690B4346F63D
:10A08000F3110568CCF6FF71334329401943016091
:10A0900041684FF2FF4321F44051704541EA02010B
:10A0A0004160A269C1F2FF131CBF216A0A438168A3
:10A0B00044F2544C1940C5F6020C1143816047F636
:10A0C000FF32C16AC4F2000221F00F01656A9042BA
:10A0D0004FF0800341EA0501C1622BDD41F2FF71BF
:10A0E000C4F20101884251DC47F60041C4F200018C
:10A0F000884200F08B8041F20001C4F201018842E5
:10A1000000F0948041F20041C4F20101884240F025
:10A110000E81DCF80010C1F3C202052A00F2EE80C5
:10A120000123DFE812F00401E300F300FB00030168
:10A13000AB0100BF44F6FF31C4F20001884247DDA5
:10A1400044F60041C4F20001884200F07F8045F2ED
:10A150000001C4F20001884200F0888047F6000147
:10A16000C4F20001884240F0E280DCF8001001F007
:10A170000702052A00F2C2800023DFE812F0D800AF
:10A18000B700C700CF00D7007F0100BF41F6000134
:10A19000C4F20101884200F0798041F60041C4F226
:10A1A0000101884200F08280704540F0C080DCF8F8
:10A1B000041001F00702052A00F2A0800223DFE864
:10A1C00012F0B6009500A500AD00B5005D0100BF1E
:10A1D00044F20041C4F20001884200F0778044F666
:10A1E0000001C4F20001884240F0A180DCF80010B8
:10A1F00001F00702052A00F281800023DFE812F057
:10A200009700760086008E0096003E01DCF8001074
:10A2100001F00702052A00F271800023DFE812F046
:10A220008700660076007E0086002E01DCF80010B4
:10A23000C1F3C202052A00F261800123DFE812F0B7
:10A240007700560066006E0076001E01DCF80010F4
:10A2500001F00702052A00F251800023DFE812F026
:10A260006700460056005E0066000E01DCF8001034
:10A2700001F00702052A41D80023DFE812F0580058
:10A28000370047004F005700FF0000BFDCF8001008
:10A29000C1F3C202052A31D80123DFE812F04800D9
:10A2A000270037003F004700EF0000BFDCF8001038
:10A2B000C1F3C202052A21D80123DFE812F03800D9
:10A2C000170027002F003700DF0000BFDCF8001068
:10A2D00001F00702052A11D80023DFE812F0280058
:10A2E000070017001F002700CF0000BF04237045A0
:10A2F00040F60010C0F23D0020D1C7E08023704539
:10A3000040F60010C0F23D0018D1BFE008237045B0
:10A3100040F60010C0F23D0010D1B7E010237045A8
:10A3200040F60010C0F23D0008D1AFE02023704598
:10A3300040F60010C0F23D0000F0A880B6F5004FD6
:10A3400040F04E80402B4FF0010100F29E81DFE88B
:10A3500013F0410017019C019C011D019C019C010F
:10A360009C0125019C019C019C019C019C019C017C
:10A370009C012D019C019C019C019C019C019C0164
:10A380009C019C019C019C019C019C019C019C01E5
:10A390009C013D019C019C019C019C019C019C0134
:10A3A0009C019C019C019C019C019C019C019C01C5
:10A3B0009C019C019C019C019C019C019C019C01B5
:10A3C0009C019C019C019C019C019C019C019C01A5
:10A3D0009C013B01FCF7F0FE002840F0D480E3E054
:10A3E000402B4FF0010100F25081DFE813F04100F3
:10A3F0000F014E014E0115014E014E014E011D018E
:10A400004E014E014E014E014E014E014E012501FD
:10A410004E014E014E014E014E014E014E014E01C4
:10A420004E014E014E014E014E014E014E013501CD
:10A430004E014E014E014E014E014E014E014E01A4
:10A440004E014E014E014E014E014E014E014E0194
:10A450004E014E014E014E014E014E014E014E0184
:10A460004E014E014E014E014E014E014E0133018F
:10A47000FCF7A2FE002840F0CC80DBE040237045D2
:10A4800040F60010C0F23D007FF458AF9A1E012143
:10A490001E2A27D8DFE812F02000F9002C00F9006E
:10A4A000F900F9003400F900F900F900F900F900A9
:10A4B000F900F9003C00F900F900F900F900F90091
:10A4C000F900F900F900F900F900F900F900F900C4
:10A4D000F900F900490000BFFBF796FBB0B1656ACF
:10A4E00023E000BF402B40F0D0804FF400401CE040
:10A4F00001A8FBF735FC02980028F0D106E000BF68
:10A5000001A8FBF7C5FC02980028E8D10021BCE0B7
:10A510005CF8540C800649F20000C0F2D03004D53B
:10A520005CF8541CC1F3C101C8404DF2545162683B
:10A53000C0F6000131F81510B0FBF1F002EB42015A
:10A5400088424FF00101C0F0A0801303984200F24E
:10A550009C80010E0023000210EB520041F100012B
:10A56000F6F78EF94FF6FF42A0F54071C0F20F02E8
:10A57000914203D82168C860002186E0012184E06F
:10A58000FCF74AFE80B1656A20E000BF01A8FBF736
:10A59000E7FB02980028F6D106E000BF01A8FBF710
:10A5A00077FC02980028EED100216EE05CF8540C94
:10A5B000800649F20000C0F2D03007D55CF8541C88
:10A5C000C1F3C101C84001E04FF400404DF25451C5
:10A5D000C0F6000131F81510B0FBF1F061684A08CF
:10A5E00002EB40004FF6EF72B0FBF1F0A0F110016A
:10A5F000914209D84FF6F07122680140C0F3420041
:10A600000844D060002140E001213EE0FCF704FE58
:10A6100080B1656A20E000BF01A8FBF7A1FB0298AA
:10A620000028F6D106E000BF01A8FBF731FC029834
:10A630000028EED1002128E05CF8540C800649F295
:10A640000000C0F2D03007D55CF8541CC1F3C10142
:10A65000C84001E04FF400404DF254516268C0F62A
:10A66000000131F81510B0FBF1F000EB5200B0FB27
:10A67000F2F0A0F110014FF6EF72914204D8216878
:10A68000C860002101E000BF01214FF00110A06669
:10A690000020C4E91D00084604B070BD00000000A1
:10A6A00010B504468C4681650021A0F85C20C0F8F6
:10A6B00090102220C4F88C00D4F8800000B3134618
:10A6C00049F6C1624AF2410EC0F60002C0F6000E21
:10A6D0000165C0E90F2E49F6A942C0F60002C26426
:10A6E000226802F124016246FAF7A2F940B1102073
:10A6F000C4F890002020C4F88C00012010BD00BFD9
:10A70000206938B3206850E8000F216840F4807059
:10A7100041E80002002A1FBF206850E8000F2168AE
:10A7200040F480701CBF41E80002002A12D020686B
:10A7300050E8000F216840F4807041E800024AB1FF
:10A74000206850E8000F216840F4807041E8000262
:10A75000002AD7D1206850E8020F216840F001009C
:10A7600041E80202002A1FBF206850E8020F21685A
:10A7700040F001001CBF41E80202002A1DD0206801
:10A7800050E8020F216840F0010041E80202A2B146
:10A79000206850E8020F216840F0010041E8020201
:10A7A000002AD7D109E000BF206850E8020F2168D5
:10A7B00040F0400041E80202EAB1206850E8020F90
:10A7C000216840F0400041E80202A2B1206850E850
:10A7D000020F216840F0400041E80202002A1FBF3A
:10A7E000206850E8020F216840F040001CBF41E89B
:10A7F0000202002AD8D1002010BD00000000000095
:10A800002DE9F041804600680D46C7693940491B73
:10A81000B1FA81F14909914225D1069C34B316461B
:10A82000611C29D1C1692940491BB1FA81F149094B
:10A83000B14218D1C1692940491BB1FA81F14909D6
:10A84000B14201BFC1692940491BB1FA81F104BF7E
:10A850004909B14207D1C1692940491BB1FA81F1C7
:10A860004909B142DED00020BDE8F081FAF730FCA2
:10A870000320BDE8F08100BF1F4607E0C069284003
:10A88000401BB0FA80F04009B042ECD1FAF720FC4E
:10A89000C01BA04244D8D8F8000001684907EDD594
:10A8A000402D18BF802DE9D0C16909073CD4C1698A
:10A8B0000905E3D54FF40061016250E8000FD8F8B4
:10A8C000001020F4907041E80002002A62D0D8F80D
:10A8D000000050E8000FD8F8001020F4907041E814
:10A8E0000002002A1FBFD8F8000050E8000FD8F877
:10A8F000001020F490701CBF41E80002002A49D0EB
:10A90000D8F8000050E8000FD8F8001020F490703C
:10A9100041E80002002A3DD0D8F80000CDE700BF92
:10A920000320BDE8F08100BF0821016250E8000F5C
:10A93000D8F8001020F4907041E80002002A00F0DE
:10A940009D80D8F8000050E8000FD8F8001020F4DF
:10A95000907041E80002002A1FBFD8F8000050E8BC
:10A96000000FD8F8001020F490701CBF41E80002DE
:10A97000002A00F08380D8F8000050E8000FD8F8D3
:10A98000001020F4907041E80002002A76D0D8F838
:10A990000000CBE74FF6FE70CEF6FF70D8F800103F
:10A9A00051E8021FD8F80020014042E80213002BB2
:10A9B0001FBFD8F8001051E8021FD8F8002001404E
:10A9C0001CBF42E80213002B14D0D8F8001051E845
:10A9D000021FD8F80020014042E8021353B1D8F812
:10A9E000001051E8021FD8F80020014042E802138D
:10A9F000002BD3D1D8F86C0001282FD1D8F8000053
:10AA000050E8000FD8F8001020F0100041E80002D4
:10AA1000002A1FBFD8F8000050E8000FD8F8001037
:10AA200020F010001CBF41E80002002A16D0D8F820
:10AA3000000050E8000FD8F8001020F0100041E8A6
:10AA400000025AB1D8F8000050E8000FD8F8001002
:10AA500020F0100041E80002002ACFD12020C8F8E1
:10AA60008C000021C8F86C10C8F87410C8F8900069
:10AA7000032088F88410BDE8F08100BF4FF6FE7017
:10AA8000CEF6FF70D8F8001051E8021FD8F8002069
:10AA9000014042E80213002B1FBFD8F8001051E814
:10AAA000021FD8F8002001401CBF42E80213002B0F
:10AAB00014D0D8F8001051E8021FD8F80020014047
:10AAC00042E8021353B1D8F8001051E8021FD8F839
:10AAD0000020014042E80213002BD3D1D8F86C00CB
:10AAE00001282FD1D8F8000050E8000FD8F8001046
:10AAF00020F0100041E80002002A1FBFD8F8000033
:10AB000050E8000FD8F8001020F010001CBF41E8FA
:10AB10000002002A16D0D8F8000050E8000FD8F83C
:10AB2000001020F0100041E800025AB1D8F80000EF
:10AB300050E8000FD8F8001020F0100041E80002A3
:10AB4000002ACFD12020C8F88C000020C8F86C0063
:10AB5000C8F874000821C8F8901088F88400012013
:10AB6000BDE8F0810000000010B54CF63404C2F2DC
:10AB700000042046FDF7E8FA48F228018022C2F2DC
:10AB800000412046FDF7C8F94CF2306040F20F4119
:10AB9000C2F20000C4F20201006888426FF00801AE
:10ABA00010DC6F22C4F20202904221DC3F22C4F288
:10ABB0000202904238DC1022C4F2020290425BD0C2
:10ABC000282253E040F26F42C4F2020290421BDCA2
:10ABD00040F23F42C4F2020290422DDC40F21042A9
:10ABE000C4F20202904247D040F228423EE000BF49
:10ABF0009F22C4F20202904228DC7022C4F20202B8
:10AC0000904239D0882231E040F29F42C4F20202E1
:10AC1000904223DC40F27042C4F2020290422BD0F8
:10AC200040F2884222E000BF4022C4F20202904279
:10AC300022D058221AE000BF40F24042C4F2020281
:10AC4000904219D040F2584210E000BFA022C4F256
:10AC50000202904210D0B82208E000BF40F2A042A9
:10AC6000C4F20202904207D040F2B842C4F202029B
:10AC7000904218BF6FF0040102681140016010BDDE
:10AC800010B54CF6C804C2F200042046FDF75CFA89
:10AC900048F2A8018022C2F200412046FDF73CF9AB
:10ACA0004CF2A86040F20F41C2F20000C4F202016F
:10ACB000006888426FF0080110DC6F22C4F20202C3
:10ACC000904221DC3F22C4F20202904238DC102282
:10ACD000C4F2020290425BD0282253E040F26F425D
:10ACE000C4F2020290421BDC40F23F42C4F2020274
:10ACF00090422DDC40F21042C4F20202904247D052
:10AD000040F228423EE000BF9F22C4F2020290427D
:10AD100028DC7022C4F20202904239D0882231E04D
:10AD200040F29F42C4F20202904223DC40F27042A1
:10AD3000C4F2020290422BD040F2884222E000BFCF
:10AD40004022C4F20202904222D058221AE000BFF0
:10AD500040F24042C4F20202904219D040F25842FE
:10AD600010E000BFA022C4F20202904210D0B8222C
:10AD700008E000BF40F2A042C4F20202904207D0B5
:10AD800040F2B842C4F20202904218BF6FF00401D0
:10AD900002681140016010BDFEE7000000000000E5
:10ADA0002DE9F04F81B0B0F8009090460746012A97
:10ADB0001E460C4641D1B9F1000F3ED0A9F1010069
:10ADC00009F00301032804F104001FD329F0030252
:10ADD000524200BF90ED000A043290ED021AB1EE2B
:10ADE000400A90ED042A80ED000AB1EE410A90ED90
:10ADF000061A80ED020AB1EE420A80ED040AB1EEB5
:10AE0000410A80ED060A00F12000E3D1A9B190EDDE
:10AE1000000A0129B1EE400A80ED000A0DD090ED44
:10AE2000020A0229B1EE400A80ED020A05D090ED37
:10AE3000040AB1EE400A80ED040AB9F1FF0F0DDDFE
:10AE4000B9F5806F14DBB9F5805F2BD0B9F5006FD1
:10AE500016D0B9F5806F1FD022E000BFB9F13F0FC7
:10AE600014DCB9F1100F17D0B9F1200F08D017E09A
:10AE7000B9F5807F04D0B9F5007F13D010E000BF92
:10AE80003846214600F014FAAEB9CFE0B9F1400FD0
:10AE900008D0B9F1800F03D13846214600F040F9BF
:10AEA0004EB9C3E07A6801232046494600F010FEFF
:10AEB000002E00F0BB80B889002800F0B780013870
:10AEC00001210628D7F808E001EB500202F0030C3C
:10AED00002D24FF0000A5CE022F003020EF10E03F2
:10AEE000C2F1000B4FF0000A33F80E6C33F80C1C63
:10AEF00033F8087C1BF1040B26F0030621F0030154
:10AF000004EB06000AF1080AA5596258A25104EBA5
:10AF10000102655033F80A5C41685668466025F0C6
:10AF20000300516027F0030104EB00022558665826
:10AF3000265004EB0100655033F8065C33F8047CBE
:10AF400051684668566025F00302416027F003000F
:10AF500004EB0201A5582658A65004EB0002255028
:10AF6000486833F8026C55684D6033F8101B506028
:10AF700026F0030021F0030104EB000204EB0106BC
:10AF80002558675827506550716850685160706047
:10AF9000AAD1BCF1000F49D04AF001003EF81A10C6
:10AFA000BCF1010F3EF8100021F0030104EB010297
:10AFB00020F00300635804EB000526586650235028
:10AFC000696850685160686030D00AF10200BCF1D5
:10AFD000020F40F001013EF810003EF8111020F081
:10AFE000030021F0030104EB000204EB01052358E8
:10AFF000665826506350696850685160686015D083
:10B000000AF1040040F001013EF810003EF8111072
:10B0100020F0030021F0030122182358675827501D
:10B02000601863505168436853604160B8F1010F84
:10B0300071D1B9F1000F6ED000EE109AB7EE001A80
:10B04000A9F10100032809F00300B8EE400A81EEDF
:10B05000000A37D329F00301494200BF94ED001ADA
:10B0600094ED012A20EE011A94ED023A84ED001AC3
:10B0700022EE401A84ED011A20EE031A94ED032A01
:10B0800084ED021A22EE401A94ED042A84ED031A8C
:10B0900020EE021A84ED041A94ED051A21EE401AEE
:10B0A00094ED062A84ED051A20EE021A84ED061AA4
:10B0B00094ED071A21EE401A043184ED071A04F1C9
:10B0C0002004CBD138B394ED001A94ED012A20EE80
:10B0D000011A012822EE402A84ED001A84ED012A8B
:10B0E00019D094ED021A94ED032A20EE011A0228D9
:10B0F00022EE402A84ED021A84ED032A0BD094ED4F
:10B10000041A94ED052A20EE011A22EE400A84ED7D
:10B11000041A84ED050A01B0BDE8F08F00000000BC
:10B120002DE9F04F81B02DED028B82B003880246ED
:10B130000846019252684FEA530901EB830A002145
:10B14000B1EBD30F00F0A380D9084B444FEA011EA6
:10B1500000F1080B00EB8301002600EB890C01F1E4
:10B16000080700BF85190AEB06010BEB06080CEB7C
:10B170000603BC1995ED002A91ED004A18ED010A6D
:10B1800098ED001A91ED015A91ED026A72EE044AAF
:10B1900093ED007A54ED022AC5ED004A70EE054A9F
:10B1A00071EE065A95ED033AD3ED010AD3ED021A7A
:10B1B00054ED013A48ED014AD4ED004AC8ED005A79
:10B1C000D1ED035AD3ED036A33EE258AD4ED017A2B
:10B1D00085ED038A37EE228A83ED008A30EEA38A5A
:10B1E00083ED018A31EEA48A30EE450A951936EED8
:10B1F000A75A83ED028A32EE442A83ED035A32EED7
:10B20000C74A95ED015A73EEE00AD5ED002A20EE0B
:10B21000057A103620EE220AB64564EE053A20EE95
:10B22000858A02EE450A02EE227A40EEE23A04EE08
:10B23000228A81ED010A33EE650A34EEE12A81EDBE
:10B24000007A37EEE65A44ED023A04ED018A31EE17
:10B25000461A95ED033A95ED026A20EE034A20EE78
:10B26000060A22EE037A65EE030A01EE064A01EEB3
:10B27000430A05EE467A42EE060A81ED024A81ED66
:10B28000030A84ED007AC4ED010A7FF46BAF022358
:10B29000494600F01DFC0198022349464268504689
:10B2A00002B0BDEC028B01B0BDE8F04F00F010BC65
:10B2B0002DE9F04F81B02DED108B8CB080460088C9
:10B2C00091ED000A91ED013A43086FF0010202EBA3
:10B2D0009007002201EB830BD8F804500BEB830698
:10B2E0009BED007A06EB830496ED001A96ED014A79
:10B2F00030EE412AD4ED002A30EE010A9BED011A0E
:10B3000033EE446AB24633EE043A94ED014A32EE2B
:10B31000015AB2EB570F70EE471A4FEA900073EEE6
:10B32000413A029032EE412A069430EE070ACDF8F7
:10B330002CB033EE011A76EE470A36EE073A30EEBD
:10B34000220A31EE041A81ED000A35EE445A81EDED
:10B35000011A70EEA20A8BED005A71EEE21ACBEDE3
:10B36000010A73EEC43AC6ED001A32EE040AC6EDC5
:10B37000013A33EE621A84ED000A84ED011ACDE938
:10B38000045100F043816FF0030003EB4302CDF85A
:10B39000048000EB03100A906FF007007C08002780
:10B3A00000EB8201002200EBC3084FF0000900EB24
:10B3B0008303CDF80CA000BFCDE908820AEB090693
:10B3C0000796059D013C05EB090096ED025A0B9A84
:10B3D00096ED037A90ED024A02EB090B34EE050A72
:10B3E000069A90ED036A9BED022A02EB090A76EEBB
:10B3F000070A30EE023ADBED031A9AED021A05EB6A
:10B40000010C70EEA13A05EB030E73EE012A9AEDE2
:10B41000033AC0ED022A34EE454ADAED032A36EE4D
:10B42000475A73EEA22A05EB0802C0ED032A0A9ED2
:10B430009EED017ADCED012A77EE224A9EED006A4C
:10B44000DCED003A05EB060876EE235A92ED008A11
:10B4500036EE636AD2ED013A74EEA36AD8ED007A53
:10B4600037EE627A18ED019A049D74EE212A76EE89
:10B47000A76A05EB0900CEED016A75EE426A92ED0E
:10B4800000AA37EE48BA35EE8AAAA6F1080676EE8B
:10B49000816A09F1080972EEC32AA1F1080139EEA7
:10B4A0000AAAA3F108038EED00AA3BEE09AA33EE27
:10B4B000E7BA90ED02CA26EE8CEA90ED03DA66EE6A
:10B4C0008D6A05EB070036EE0BFA07F1100702EE66
:10B4D000CDEA6AEE0D8A2FEE0DDA42EE8C6A4FEE5F
:10B4E0004C8A8BED03EA0AEE0CDA70EEE10A30EEDC
:10B4F000420ACBED026A35EE022AC2ED018A34EE31
:10B50000E35A82ED00DA70EEC30AD0ED052A34EE7C
:10B51000614AD0ED044A75EEC81A079835EE675AAD
:10B52000099A30EE410ADDF82CB060EEA23A60EEE6
:10B53000A40A71EEC91A65EE225A25EE645A40EE4D
:10B54000243A40EE620A41EEE45A01EEE25A32EE4B
:10B55000411AC0ED023A39EE482AC0ED030A05EB64
:10B56000020034EE030ACCED005A3BEE463A8CED75
:10B57000015A32EE472A90ED074A90ED066A21EE15
:10B58000045A02F1180221EE061A23EE047A62EE42
:10B59000040A00EE065A00EE441A02EE067A43EE62
:10B5A000460A8AED025A8AED031ADDF80CA00A96C3
:10B5B00008ED017AC8ED000ADDF82080A8F108083E
:10B5C0007FF4FAAE0BEB090C0AEB090B0CF1080047
:10B5D0000890069800EB09060BF108000A9006F1A6
:10B5E000080504998C18C81904F11802099200F191
:10B5F00010020792059A01EB09034A4403F1080976
:10B6000002F1080EDDF804801CE000BF05F1100017
:10B61000079005F11800099005F10803069E06F150
:10B62000080499462B4601F1080E50460AF108021B
:10B630000A92DC460BF1080208920A46D3462546D8
:10B640001C4618460A999EED000A089F9BED034A86
:10B6500091ED001A9CED037A30EE012A97ED003A45
:10B6600030EE410A92ED031A31EE046AD6ED030A78
:10B6700032EE035A31EE441A95ED004A70EE072A75
:10B6800035EE045A8EED005A31EE435ADCED031AC2
:10B69000D6ED033A76EE211A35EE045A36EE476AB5
:10B6A00071EEA31AC2ED031A72EEE01AD3ED032A6B
:10B6B000D9ED004A65EE223A042325EE245A049A75
:10B6C00032EE432A41EEA43A01EEE25A36EE606AC7
:10B6D00032EE442AC7ED003A31EE031A8CED035ADC
:10B6E00030EE470A90ED055A079866EE052AD0ED30
:10B6F000001A31EE441A26EE216A099842EE212AF8
:10B7000030EE200A02EE456AC1ED002A8BED036A95
:10B7100094ED072A90ED003A21EE024A059821EEB9
:10B72000031A00EE034A00EE421A85ED004A029D1C
:10B73000294686ED031A00F0CBF9D8F8042004233B
:10B740000B98294600F0C4F9D8F804200423504689
:10B75000294600F0BDF9D8F80420042306982946AC
:10B760000CB0BDEC108B01B0BDE8F04F00F0B0B9EB
:10B770002DE9F047002A00F0CF8014460E4605461A
:10B7800012F00307A2F1010818D095ED010A06F1A5
:10B79000040920EE001A95ED000A00EE001AB1EE41
:10B7A000C10AB4EE400AF1EE10FA09D6012F86ED77
:10B7B000000A0DD10835444641E000BFB1463EE0E5
:10B7C000B0EE410A01F05CF9012F86ED000AF1D0DC
:10B7D00095ED030A06F1080A20EE001A95ED020A1B
:10B7E00000EE001AB1EEC10AB4EE400AF1EE10FA12
:10B7F00008D6022F89ED000A0CD11035023CD14643
:10B800001DE000BFB0EE410A01F03AF9022F89EDC8
:10B81000000AF2D095ED050A06F10C0920EE001A97
:10B8200095ED040A183500EE001AB1EEC10AB4EE27
:10B83000400AF1EE10FA71D68AED000A033CB8F125
:10B84000030F38BFBDE8F087203DA9F1100600BF07
:10B8500095ED090A95ED081A20EE000A01EE010A9D
:10B86000B1EEC01AB4EE411AF1EE10FA3CD686EDF4
:10B87000041A95ED0B0A95ED0A1A20EE000A01EE66
:10B88000010AB1EEC01AB4EE411AF1EE10FA31D647
:10B8900086ED051A95ED0D0A95ED0C1A20EE000ABD
:10B8A00001EE010AB1EEC01AB4EE411AF1EE10FA3F
:10B8B00026D686ED061A95ED0F0A95ED0E1A20EEA6
:10B8C000000A01EE010AB1EEC01AB4EE411AF1EE1F
:10B8D00010FA1BD686ED071A043C05F1200506F187
:10B8E0001006B5D118E000BF01F0CAF8B0EE401A5A
:10B8F000BDE700BF01F0C4F8B0EE401AC8E700BFD2
:10B9000001F0BEF8B0EE401AD3E700BF01F0B8F87E
:10B91000B0EE401ADEE700BFBDE8F087B0EE410AA6
:10B9200001F0AEF888E70000B5EE001A9FED1F2A7F
:10B9300000EE021A9FED1F2ABDEEC10AB5EE401AB5
:10B94000F1EE10FA10EE100AB8BF013800EE100A3E
:10B950000020B8EEC00A31EE400A9FED151A20EE25
:10B96000010ABCEEC01A30EE022A11EE101AB0EB3A
:10B97000512F4DF27C5018BF002100FE020AC0F684
:10B98000000001EE101A00EB810090ED012AB8EEE4
:10B99000411A30EE410AB7EE001A31EE401A20EE9D
:10B9A000020A90ED002A01EE020A704783F9223E56
:10B9B00000000044000000C470B54C1E90ED000A69
:10B9C00010D08E1E04F0030E032E13D24FF0000C85
:10B9D000B0EE401ABEF1000F47D182ED000AC3F865
:10B9E00000C070BD4FF0000C82ED000AC3F800C02B
:10B9F00070BD00BF24F0030600254FF0000C00BF0F
:10BA000090ED011A90ED023A80FE012AB4EE410A4F
:10BA100090ED030AF1EE10FA82FE031AB4EE432A07
:10BA2000B8BF05F1010C81FE003A90ED042AF1EE59
:10BA300010FAB8BF05F1020CB4EE401A103083FEC4
:10BA4000020AF1EE10FAB8BF05F1030C0435B4EEAA
:10BA5000423AF1EE10FAB8BFAC46AE42D0D1641B08
:10BA6000B0EE401ABEF1000FB7D090ED012A091BCD
:10BA700081FE020AB4EE421AF1EE10FAB8BF8C460B
:10BA8000BEF1010FA9D090ED022A80FE021AB4EE99
:10BA9000420AF1EE10FAB8BF01F1010CBEF1020F3B
:10BAA00006D1B0EE410A82ED000AC3F800C070BDB5
:10BAB00090ED032A81FE020AB4EE421AF1EE10FA6A
:10BAC000B8BF01F1020C82ED000AC3F800C070BDDE
:10BAD0002DE9F04F81B02DED108B96B08C469FED87
:10BAE000050ACDE90332021D01920C300090149139
:10BAF00002E000BFF304353F4FEADC040294E500A6
:10BB00004FF0000BA5EBDC00C000139004EB4400E9
:10BB100004EB840123010201C9006601019C4FEA84
:10BB2000CC071597C000CDE90D02CDE90B6100BF30
:10BB300004EB060A04EB050804EB010E14ED011AF0
:10BB40001AED012AE718A1180D9A139831EE023A5E
:10BB500031EE421A18ED012A1EED014A04EB0209EA
:10BB6000221832EE045A32EE442A17ED014A11ED42
:10BB7000016A52ED010A34EE067ADAED003A34EE4B
:10BB8000464A19ED016A76EE201ADEED005A36EECD
:10BB9000606A92ED008A73EE070AE34475EE212A8B
:10BBA000149833EE473A94ED007A35EE615A0B9EC5
:10BBB00070EEA21A834570EEE20AD8ED002A77EE05
:10BBC000234A44ED011A37EE637AD7ED003A72EE5C
:10BBD000A56A4AED010A72EEE52AD1ED005A73EE2C
:10BBE000A57A73EEE53AD9ED005A35EE889A75EEEE
:10BBF000C85A34EEA78A36EE89AA74EEE74A76EE82
:10BC0000C96A78EE0A7A38EE4A8AC4ED007A32EED2
:10BC100046AA8AED008A33EE269A33EE663A07ED9D
:10BC2000019A74EEC56A01ED013A35EE245AC7ED6A
:10BC3000006A72EEE54A81ED005A72EEA52A159F60
:10BC400032EE062A0C992AEE006A3C4462EE801A13
:10BC500022EE002A71EE465A31EE061A24EE806A70
:10BC600073EEA12A74EE420A34EE022A37EE464AF7
:10BC700037EE066A33EEE13A31EE225A31EE621ABD
:10BC800008ED015A36EE425A02ED011A32EE061A5A
:10BC900088ED005A82ED001A35EE831A0EED011A76
:10BCA00034EE601A8EED001A35EEC31A09ED011A52
:10BCB00030EE841A0E9A89ED001AFFF439AFBCF108
:10BCC000400FC0F08F810398002680B20790029841
:10BCD00002460228CDE9103598BF0222C0EBC00110
:10BCE0000125009B0692C8000590CDF83CC000BF1E
:10BCF00007980995064404984FEAC60E0A9606EB83
:10BD000046019FEDBB1A00EB4612089300EBC107FA
:10BD100006EB860492ED004A00EB011297ED003A23
:10BD200000EBC60B00EBC40792ED006AC6EBC6023F
:10BD30009BED000A4FEA061897ED005A4FEAC10939
:10BD400008F1040700EB061C07444FEA461A8DED84
:10BD5000130A4FEAC40B0EF10404D600D7ED001A03
:10BD600000EBC20E09F10402024409010BF10407C1
:10BD70000431D2ED002A0AF10402043604440244DC
:10BD80000744014430449CED000A9EED007AD4ED56
:10BD9000000AD2ED003AD7ED004AD1ED005AD0EDBD
:10BDA000006A9846AE46DDF814C0DDE90D04DDE911
:10BDB0000B658DED120A00BF08EB0601119A424493
:10BDC00008EB0503109F58ED017A11ED018A08EB8D
:10BDD000070A08EB040B37EE88AA77EEC87A12ED53
:10BDE000018A13ED019A08EB000908EB0C0738EE05
:10BDF00009BA38EE49CA1AED018A1BED019A17ED0E
:10BE000001EA38EE09DAD3ED00AA38EE499A19EDC5
:10BE1000018A38EE0EFADBED00CA7AEE0D8AD7ED14
:10BE200000EA38EE4EEA9DED122A7BEE0F9A3AEECA
:10BE30004DAA3BEE4FBA98ED00FA38EEA98A38EEDB
:10BE4000E9DAD1ED008A7FEE289A08ED018A3FEE0B
:10BE500068FAD2ED008A78EEAABA78EEEA8ADAEDCC
:10BE600000AA7AEEACDA7AEEECAAD9ED00CA7CEE42
:10BE7000AEFA7CEEEECA79EEEDEA3BEEEF0A79EE31
:10BE8000AD9A7BEEAFBA7AEE00DA3AEE400A39EEBE
:10BE9000EBAA79EEAB9A7EEECBBAC8ED009A63EED0
:10BEA0008AFA3BEE2EBA24EE0AAA62EE2DEA44EE9E
:10BEB0000DFA03EECDAA22EE2BDA9DED132A41EE08
:10BEC000ABEA66EE00BA41ED01FA01EEEDDA81ED82
:10BED00000AA66EE0BDA0F9945EE8BBA8E443CEE63
:10BEE0004EBA149945EEC0DA8E453CEE0E0A15990D
:10BEF0002BEE01BA884438EEECCA4AED01EA38EE7E
:10BF0000ACEA8AED00DA77EECB8A4BED01BA77EE38
:10BF10008B7ACBED00DA20EE010A2CEE01BA2EEE80
:10BF200001CA39EE40EA39EE000A3FEE4B9A7AEE4A
:10BF30008CCA3FEE0BBA3AEECCCA37EEACFA77EECB
:10BF4000EC7A78EE8CAA38EECCCA7BEE408A30EEE2
:10BF50000B0A39EE4EBA60EEA8CA3EEE099A22EEFE
:10BF600028EA66EE808A27EE000A24EE8B8A47EEE6
:10BF7000278A06EEE70A65EE0B7A22EE89AA23EEFF
:10BF8000099A42EE0FCA00EECFEA05EE2A8A44EE85
:10BF9000EA7A03EE0CAA42ED01CA02EECC9A82EDD7
:10BFA00000EA47ED018A87ED000A03ED018AC3ED3F
:10BFB000007A09ED01AA89ED009AFFF4FDAE099D12
:10BFC00006980135089B854203F108030A9E7FF419
:10BFD0008FAE0398DDF808C0C00003909FED040AFF
:10BFE0008AE500BF16B0BDEC108B01B0BDE8F08F44
:10BFF000F304353F000000009FED1F1A20EE010AF8
:10C000009FED1F2ABDEEC01AB5EE400AF1EE10FA00
:10C0100011EE100AB8BF013801EE100A0020B8EE88
:10C02000C11A30EE410A9FED151A20EE010ABCEE4E
:10C03000C01A30EE022A11EE101AB0EB512F4DF259
:10C040007C5018BF002100FE020AC0F6000001EE7D
:10C05000101A00EB810090ED012AB8EE411A30EE83
:10C06000410AB7EE001A31EE401A20EE020A90EDB6
:10C07000002A01EE020A704783F9223E00000044C4
:10C08000000000C400000000B6B04EF66075012448
:10C09000CEF200050894F9F7BFF84FF01050099060
:10C0A0004EF2120008AFC0F201300A900020C0F238
:10C0B00001100B903846F9F77FF84FF0C040099017
:10C0C0000F20ADF8280038468DF8214000268DF865
:10C0D0002E60F9F771F802208DF821004FF04050E2
:10C0E00009903846ADF829608DF82E40F9F764F8CC
:10C0F00003208DF821004FF06050099038468DF8EC
:10C100002F60F9F759F805208DF821004FF04040D5
:10C11000099018208DF8280038468DF82A40F9F744
:10C120004BF80420F9F788F84FF6B451CFF6FF71B9
:10C130006858800311D4BFF34F8FBFF36F8F45F85A
:10C14000106CBFF34F8FBFF36F8F685840F400300F
:10C150006850BFF34F8FBFF36F8F6858C00364D42C
:10C160004FF624600021CFF6FF70012343F6E076FE
:10C1700029504FF62060CFF6FF70BFF34F8F28583D
:10C18000C208C0F3C908C0F34E31A8F1010703EBA0
:10C19000D000A8F1020B930700F003004FEA877A62
:10C1A0004FEA8B720792A8F10302069204E000BFE7
:10C1B0000029A1F1010129D006EA4114424678B1D3
:10C1C000012843EA04022A603A4609D002284AEAD2
:10C1D00004022A605A4603D0079A22432A60069A2C
:10C1E000B8F1030FE4D344EA8274013204F1404C05
:10C1F00084F0004E04F18049043A2C60C5F800C078
:10C20000C5F800E0C5F80090F6D1D1E74FF6B4517B
:10C2100008AFCFF6FF71BFF34F8F685840F48030FE
:10C220006850BFF34F8FBFF36F8FF8F769FFFDF7CB
:10C230005BFA07F128009021F4F75AFB00264FF42F
:10C240000020089020200A9081200B900220CDE948
:10C250000C000E904020CDE90F0638460996119645
:10C260003096FAF7F5F8002840F0D080FCF7ECFDA6
:10C27000FCF75EFDFCF7A4FDFCF79AFEFCF714FF4B
:10C28000FCF7D6FEFCF794FCFCF7D2FFFCF7F4FCBD
:10C29000FCF73AFDFCF780FDFDF706FA4CF29054EE
:10C2A000C2F200042046F5F79BF94FF69C60CFF6EA
:10C2B000FF70295841F08071295041F20000CEF200
:10C2C00000004660016841F00101016000F0E4F8FF
:10C2D00055A0FDF795FB9FED520B43F2E2604FF046
:10C2E000604153EC102BC4F20A00CDE9041048F66B
:10C2F00000004FF40051C4F2C3000291CDE9006088
:10C3000050A0FDF77DFB2046F5F76AF9002840F0C4
:10C310007F809FED600AF5F70BFE002876D140F292
:10C32000000A4CF2B040C2F2004AC2F200004FF4E0
:10C3300080425146F6F738FF002867D14CF2E8708A
:10C34000C2F20000FBF76CFC00285FD148F2000449
:10C35000B7EE048AC2F200444CF2B0084DF68059A0
:10C3600000260AF58045C2F20008C0F6000904F173
:10C37000080B03E001464846FDF742FB607808B32E
:10C380004FF4804150466670F3F7AAFF5046594675
:10C39000F5F7A2FA20B101464846FDF731FB11E05E
:10C3A000D8F800000130C8F8000032280AD394ED14
:10C3B000040A08A820EE080AC8F8006084ED040A00
:10C3C000F5F7FEF820780028D8D027464FF48041B2
:10C3D000284607F8086BF3F783FF28463946F5F738
:10C3E0007BFA0028C6D1D8F800000130C8F8000058
:10C3F0003228C3D394ED040A08A820EE080AC8F82E
:10C40000006084ED040AF5F7DBF8B7E7F5F7B4FD53
:10C410001BA0FDF7F5FAF5F7AFFD00BF00BF00BFA9
:10C4200000000000D01243410D0A3D3D3D3D3D203E
:10C4300044505344205374617274203D3D3D3D3D52
:10C440000D0A00004673203D20252E316620487AD3
:10C450002C206630203D20252E316620487A2C2065
:10C460004E203D20256C752C20626C6F636B207410
:10C47000696D65203D20252E3466206D730D0A0000
:10C48000445053445F496E6974206661696C656409
:10C490000D0A000000401C464CF65C100121C2F25F
:10C4A000000001707047000037B514460846064B7F
:10C4B0006A46214600F09AFC04466946002001F0D5
:10C4C0002CF820463EBD00001BD5000841000802A4
:10C4D00018BF04200A0E18BF40F001004FF07F4241
:10C4E00032EA010108BF40F00200012808BF052020
:10C4F0007047000070B54FF068422DED048BF0EEF0
:10C50000408A18EE900AB0EE608A18EE101A02EB1C
:10C510004003B3F1654F3CBF02EB4102B2F1654FFE
:10C520007DD200BFC0F3C753C1F3C7529A1A1B2A6A
:10C5300009DD10F0004F14BF9FED830A9FED830AC1
:10C54000BDEC048B70BD12F11A0F36DA11F0004FFA
:10C5500009D010F0004F0CBF9FED7D0A9FED7D0AC2
:10C56000BDEC048B70BD88EE889A19EE100AFFF7B7
:10C57000ADFF042808BF00F0AFFA18EE900AFFF7ED
:10C58000A5FF054618EE100AFFF7A0FF044619EEB6
:10C59000100AFFF79BFF042D18BF052D08D1042CAE
:10C5A00018BF052C04D1002804BF022000F056FB60
:10C5B000B0EE490ABDEC048B70BD4200B2EB410FF6
:10C5C0003AD910F0004F19BFDFED630A9FED630AFF
:10C5D000DFED630A9FED630AB0EE481A0A46B1EE3A
:10C5E000688A80F00041F0EE418A10460A1A520033
:10C5F000B2F1807F34D2484010F0004FDFED5A1A7C
:10C600009FED5A2A1DBFBEEE001A70EEE10A30EE11
:10C61000420AB6EE001A08BF70EEA10A00E040E040
:10C6200008BF30EE020AB0EE682A01EE482A08EE92
:10C63000818AC2EE081A15E011F0004F04BF9FED89
:10C640004C0AF0EE400AD1D010F0004F19BFDFEDD8
:10C65000490A9FED490ADFED490A9FED490AC5E7FE
:10C66000C8EE881A21EEA11A9FED462ADFED462A70
:10C6700041EE022A9FED452A01EE222ADFED442AEF
:10C6800041EE022A9FED432ABDEC048B01EE222AE3
:10C6900021EE811A01EE020A30EE210A30EE200A64
:10C6A00070BD4FF07F42B2EB400F28BFB2EB410F9D
:10C6B00009D2F0EE480AB0EE680ABDEC048BBDE882
:10C6C000704000F0FDB940EA01035B0008BF41F093
:10C6D000FF410BD0B2EB400F08BFB2EB410F08D1C6
:10C6E00020F0804008EE900A21F0804108EE101AF8
:10C6F00018E7B2EB400F12BF5FEA410340F0FF4082
:10C7000001F000413FF40EAFB2EB410F12BF5FEA00
:10C71000400200F0004041F0FF413FF403AF4A0007
:10C7200092EA40033FF5FEAE002AACBF9FED1A0A25
:10C730009FED1A0A68EE808A28EE008A18EE900AA9
:10C7400018EE101AEEE60000DB0FC9BFDB0FC93F81
:10C75000DB0F4940DB0F49C00000C9BF22AAFDB969
:10C760000000C93F22AAFD390060ED3EC30ACE3762
:10C7700000000000000049C022AA7DBA0000494024
:10C7800022AA7D3A2DAD65BD8FB8D53D0FB511BE3E
:10C7900061C84C3EA8AAAABE0000804F0000802FAE
:10C7A00010EE101A08B5444A6846B2EB410F28D97A
:10C7B0004FF0E640B0EB410F94BF00204FF0FF3048
:10C7C00000900098002861DB60EE000A10F0010F75
:10C7D00045D010F0020FDFED391A9FED391A00EE47
:10C7E000A11ADFED381A40EE811A21EEA01AF0EE00
:10C7F000400A40EE010A08BFF1EE600AB0EE600A9E
:10C8000008BD314B21F0004293423CD911F0004F5A
:10C81000DFED2E0A20EE201ADFED2D0A19BF31EED2
:10C82000601A71EE200A31EE201A71EE600ABDEE38
:10C83000E01A11EE100A9FED271A00F0030000EE37
:10C84000C10A9FED251A009000EEC10A9FED231A40
:10C8500000EEC10A9FED221A00EEC10AB1E79FED7A
:10C86000211A9FED210A10F0020F00EE810A9FEDC0
:10C870001F1A00EE801AB7EE000A00EE810A18BFF8
:10C88000B1EE400A08BD00F02FF99AE710EE100A49
:10C890004000B0F17F4F3CBFB7EE000A08BD07D1A2
:10C8A0004FF0010000F0DAF9BDE8084000F00CB9E3
:10C8B000BDE8084000F001B9B61F927E336D4CB957
:10C8C000DA82083CA0AA2ABE490E494683F9223FD3
:10C8D0000000004B0000C93F00A0FD390020A2333A
:10C8E0001A61342CB93AB2BACA9F2A3DDDFFFFBEA5
:10C8F00000B510EE101A2DED028B81B0524A684639
:10C90000B2EB410F2ED94FF0E640B0EB410F94BF90
:10C9100000204FF0FF3000900098B0EE408A0028D1
:10C920006ADB10F0010F4BD068EE080A9FED471A42
:10C930009FED470A00EE810A9FED461A10F0020FA4
:10C9400000EE801AB7EE000A00EE810A02BF01B0C5
:10C95000BDEC028B00BD00BF01B0B1EE400ABDECE2
:10C96000028B00BD3C4B21F00042934241D911F0B3
:10C97000004FDFED3A0A20EE201ADFED390A19BF29
:10C9800031EE601A71EE200A31EE201A71EE600A63
:10C99000BDEEE01A11EE100A9FED321A00F003000E
:10C9A00000EEC10A9FED301A009000EEC10A9FED23
:10C9B0002F1A00EEC10A9FED2E1A00EEC10AABE756
:10C9C00028EE080A9FED2B1ADFED2B0A10F0020F5C
:10C9D00040EE010A9FED291A00EE201A61EE000ACE
:10C9E000B0EE480A08EE200AB6D101B0BDEC028BC9
:10C9F00000BD00F079F88FE718EE100A4000B0F1A2
:10CA00007F4F0DD218EE100AFFF760FD042808BF13
:10CA100000F062F8B0EE480A01B0BDEC028B00BD38
:10CA200009D1012000F01AF901B0BDEC028B5DF8CC
:10CA300004EB00F049B801B0B0EE480ABDEC028B3F
:10CA40005DF804EB00F039B8B61F927EB93AB2BA7D
:10CA5000CA9F2A3DDDFFFFBE490E494683F9223FAA
:10CA60000000004B0000C93F00A0FD390020A233A8
:10CA70001A61342C336D4CB9DA82083CA0AA2ABE64
:10CA800010B52DED028BB1EEC08A18EE100A20F021
:10CA90000040C0F1FF40C00F0AD010EE100A20F095
:10CAA0000040C0F1FF40C00F04BF012000F0D6F8E5
:10CAB000B0EE480ABDEC028B10BD30EE000A7047A4
:10CAC00030EE200A70470000DFED020A80EEA00A77
:10CAD00070470000000000009FED020A20EE000AEF
:10CAE00070470000000000102DE9F0014FF07F4278
:10CAF000B2EB410F9FBF4FF0FF310160BDE8F00185
:10CB000070474FF0004242EA0123C1F3C752783A1E
:10CB1000551112F01F0C434CCCF120067C44C1F39C
:10CB2000C752A2F178024FEA621204EB820254F873
:10CB3000254008BFD2E9015612D0556804FA0CF41A
:10CB400025FA06F73C43976805FA0CF527FA06F82C
:10CB5000D26807FA0CFCF24045EA08054CEA0206E6
:10CB6000A4FB034CA5FB0352A6FB03631D449D429B
:10CB700034BF012600261319334416B1934202D95B
:10CB800003E0934201D2012200E00022624402F15C
:10CB9000200C9206DC0C42EA443200EE102A5B03C1
:10CBA000DFED210AF8EEC01A00EE103A4FEA9C1CA5
:10CBB00011F0004FB8EE400AC0F800C020EE201A75
:10CBC00000EE105ADFED190AB8EE400A20EE200AF6
:10CBD00071EE810A70EE800A10EE902A02F5006272
:10CBE0006FF30B0200EE902A70EEE11A31EEC11ADB
:10CBF000DFED101A30EE411A9FED0D0A20EE800A8B
:10CC000001EE210A9FED0C1A00EE810A04BFBDE877
:10CC1000F0017047CCF180510160BDE8F001B1EE48
:10CC2000400A7047040A0000000000360000802C13
:10CC300022AAFD29DB0FC92F0000C92F02E008C876
:10CC4000121F08C1002AFAD170477047002001E086
:10CC500001C1121F002AFBD1704700000149086082
:10CC60007047000000C000202DE9FF5F82B0002166
:10CC7000DDE90430020DDDF840B0034318D044F67E
:10CC80001050A2F2FF3242431514119801281FD010
:10CC9000A5EB0B00401C5FEA000A4FF000064E4F68
:10CCA000DFF83891B046504615D5CAF1000413E0BC
:10CCB000119801244AA3012801D16FEA0B010298BF
:10CCC000119AC0E90031C0E9024206B0BDE8F09F08
:10CCD000CBF10000DFE704460021404A491842EB4F
:10CCE0000450CDE9001012E0E00707D032463B4681
:10CCF00040464946F3F7EAFE8046894632463B46BF
:10CD000010461946F3F7E2FE06460F466410002C63
:10CD1000EAD1DDE90401DDE90023BAF1000F06DA0A
:10CD2000F3F7D4FE42464B46F3F7D0FE05E0F3F7A7
:10CD30003FFF42464B46F3F73BFF04460E460022B8
:10CD4000284BF3F7BDFF03D84FF0FF30014607E053
:10CD50000022254B20463146F3F711FEF3F797FFEB
:10CD6000102409E0002C0ADB0A220023F3F788FDD7
:10CD7000039B30321A55641E50EA0102F2D1641C42
:10CD8000039AC4F111031444119A012A03D0012219
:10CD900008430DD10AE0084304D000204FF0110BE6
:10CDA000119072E7A3EB0B056D1E0DE05B4504DDF2
:10CDB0004FF0000205F1010504E003DA4FF0000234
:10CDC000A5F10105002AECD002981199C0E90231C1
:10CDD000C0E9004579E70000000014400000F03F82
:10CDE000300000000000F0430000E03F2DE9FF4F5D
:10CDF00095B09B468946064600250FE2252877D147
:10CE000000242746F84A0121059400E0044316F85F
:10CE1000013F203B01FA03F01042F7D130782A2875
:10CE200011D06FF02F033078A0F13002092A16D804
:10CE3000059A44F0020402EB820203EB4202104422
:10CE4000761C0590EFE759F8042B0592002A03DAC7
:10CE5000504244F40054059044F00204761C3078AB
:10CE60002E2816D116F8010F44F004042A280DD0FC
:10CE70006FF02F023078A0F13003092B09D807EBAF
:10CE8000870302EB4303C718761CF3E759F8047BCA
:10CE9000761C30786C280FD006DC4C2817D0682818
:10CEA0000DD06A2814D104E0742810D07A280FD14C
:10CEB0000DE044F400140AE044F4801401E044F46A
:10CEC00040147278824202D104F58014761C761CDC
:10CED000307866280BD013DC582877D009DC00287E
:10CEE00075D04528F6D04628F4D047281AD19DE1C0
:10CEF00018E0632835D0642879D0652812D195E1EF
:10CF0000702873D008DC6728F1D069286FD06E28AC
:10CF10000DD06F2806D1B5E073282CD0752875D0B8
:10CF2000782874D05A46179990476D1C75E1C4F360
:10CF30000250022809D003280DD0D9F80010042887
:10CF40000DD00D6009F1040967E1D9F80010EA1766
:10CF5000C1E90052F6E7D9F800100D80F2E70D7034
:10CF6000F0E719F8041B8DF8001000208DF801007F
:10CF7000EA46012003E059F804AB4FF0FF306107A7
:10CF80004FF0000102D40DE008F101018846B942DA
:10CF90000FDA8045F8DB1AF808100029F4D108E010
:10CFA00008F1010188468142FADB1AF808100029CD
:10CFB000F6D105985B46A0EB080721463846179A3C
:10CFC00000F094FA284400EB080507E04DE029E161
:10CFD0000DE01AF8010B5A4617999047B8F101086D
:10CFE000F7D25B4621463846179A13E142E00A22FF
:10CFF0000092C4F302524FF0000A022A08D059F8F6
:10D0000004CB032A4FEAEC710AD00DE029E02AE0B4
:10D0100009F1070121F00702F2E802C1914609E097
:10D020000FFA8CFC4FEAEC71042A03D14FFA8CFC06
:10D030004FEAEC71002907DA0A460021DCF1000C06
:10D0400061EB02012D2202E0220504D52B228DF88E
:10D050000420012203E0E20701D02022F7E79046F6
:10D0600059E00A2102E010220DE010214FF0000AE1
:10D0700000910BE010224FF0000A44F0040408274E
:10D08000009203E008224FF0000A0092C4F302521B
:10D09000022A05D059F804CB0021032A08D009E060
:10D0A00009F1070121F00702F2E802C1914605E00B
:10D0B0001FFA8CFC042A01D10CF0FF0C4FF0000881
:10D0C000220728D5702806D0009B83F0100353EA6E
:10D0D0000A0305D00EE040228DF80420012208E06A
:10D0E0005CEA010206D030228DF804208DF805009C
:10D0F00002229046009B83F0080353EA0A030AD1F8
:10D100005CEA010201D1620705D530228DF80420C6
:10D110004FF001087F1E582804D034A003900EA8B9
:10D1200002900DE036A0F9E753466046009AF3F707
:10D13000A7FB84460398825C0298401E029002700E
:10D140005CEA0100F0D1029806A9081A00F1200A51
:10D15000600702D524F4803400E00127574502DD42
:10D16000A7EB0A0000E0002000EB0A010090059800
:10D170004144401A0590E00306D45B462146179AC5
:10D18000059800F0B3F90544002706E001A85A46C7
:10D19000C05D179990476D1C7F1C4745F6DBE00387
:10D1A0000CD55B462146179A059800F09FF9054477
:10D1B00004E030205A46179990476D1C0099481E8C
:10D1C00000900029F5DC08E0029802995A460078A0
:10D1D000491C0291179990476D1CBAF10001AAF100
:10D1E000010AF1DC65E10000092801003031323329
:10D1F0003435363738396162636465660000000093
:10D20000303132333435363738394142434445467C
:10D210000000000000F058F90544761C3078002822
:10D220007FF4ECAD19B02846BDE8F08F620700D45A
:10D23000062709F1070222F0070CFCE80223E14669
:10D2400003F000485FEA080C02D00FF2702C0DE0EA
:10D250005FEA045C02D50FF2682C07E05FEAC47C49
:10D2600002D00FF2602C01E0AFF2700C4FF0FF38EB
:10D2700023F00043CDF850C065280CD006DC4528CB
:10D2800009D046281DD047283DD13DE0662818D05A
:10D2900067287ED138E00021112F01DB112000E04A
:10D2A000781CCDE9000106A90EA8FFF7DDFCDDE939
:10D2B0000F010E9A03910021009207F1010A0491D7
:10D2C0004DE04FF000400097CDE9011006A90EA8EF
:10D2D000FFF7CAFCDDE90F0203920E9B11990022B1
:10D2E000DDF80CA00093049211B9791C00EB010A3F
:10D2F000B7EB0A0004D4C0F1FF3007F1010A049033
:10D30000AAEB0700019044E0012F00DA0127002179
:10D31000112F01DD112000E03846CDE9000106A9FA
:10D320000EA8FFF7A1FCDDE90F010E9A0391002181
:10D3300004910092BA4621070CD40399514500DAB2
:10D340008A46BAF1010F05DD009AAAF10101515C8C
:10D35000302908D0B84202DA10F1040F06DA0121B0
:10D36000CDE9011015E0AAF10101E9E7002805DC8B
:10D37000049901440491AAEB000102E0411C5145CB
:10D3800000DD8A460499401A401C01904FF000408D
:10D390000290200704D40198504501DBCDF80480A9
:10D3A00000208DF84F0002980DF14F07B0F1004FAB
:10D3B00025D02B200E9002984FF0020800280CDA9E
:10D3C000404202902D200E9007E00A210298F3F7C8
:10D3D000A1FA3031029007F8011DB8F10001A8F15F
:10D3E0000108F2DC02980028EFD1791E0E9808702F
:10D3F000307800F0200040F0450007F8020D12A838
:10D40000C01B00F107081498007800B1012000EB60
:10D410000A01019801EBE07105984144401A401E51
:10D420000590E00306D45B462146179A059800F064
:10D430005DF805441498007818B15A46179990473A
:10D440006D1CE00324D55B462146179A059800F031
:10D450004DF805441CE00498002807DBDDE90301D2
:10D46000884203DD0098405C179901E0179930204D
:10D470005A469047049805F10105401C0490019814
:10D48000401E019004D12E205A46179990476D1CDA
:10D49000BAF10001AAF1010ADDDC05E017F8010B81
:10D4A0005A46179990476D1CB8F10001A8F1010880
:10D4B000F4DC5B462146179A0598ABE62D00000088
:10D4C0002B000000200000002DE9F041044600255B
:10D4D0001E461746880404D405E039462020B0478C
:10D4E0006D1C641EF9D52846BDE8F0812DE9F04198
:10D4F000044600251E469046C80301D5302700E0AB
:10D500002027880404D505E041463846B0476D1C05
:10D51000641EF9D52846BDE8F0810A68531C0B60EB
:10D5200010707047000000006E83F9A22915444E68
:10D53000D15727FCC0DD34F5999562DB4190433C1F
:10D54000AB6351FE0000000001020304010203046A
:10D5500006070809010002000400060008000A008E
:10D560000C001000200040008000000101010103B8
:10D570000701000008040204080101010000000086
:10D58000920E493CB10AC93C2BC3163D2EFB483DC7
:10D59000752B7B3D04A9963D80B6AF3D36BDC83D99
:10D5A0002FBCE13D73B2FA3D87CF093E8340163E62
:10D5B000B5AB223EA2102F3ECF6E3B3EC2C5473ECA
:10D5C0000115543E135C603E7F9A6C3ECCCF783E92
:10D5D000C07D823E938E883E229A8E3E32A0943E3B
:10D5E00086A09A3EE59AA03E128FA63ED47CAC3E21
:10D5F000EF63B23E2A44B83E491DBE3E15EFC33E1E
:10D6000053B9C93ECA7BCF3E4136D53E80E8DA3EAB
:10D610004F92E03E7533E63EBBCBEB3EEA5AF13E1D
:10D62000CBE0F63E275DFC3EE4E7003F3D9C033F38
:10D63000824B063F9BF5083F6B9A0B3FDA390E3F52
:10D64000CDD3103F2A68133FD9F6153FC07F183F4E
:10D65000C6021B3FD17F1D3FCBF61F3F9967223F7C
:10D6600025D2243F5636273F1594293F4AEB2B3FBE
:10D67000DE3B2E3FBB85303FC9C8323FF304353F08
:10D68000233A373F4268393F3B8F3B3FF9AE3D3F3E
:10D6900067C73F3F70D8413F01E2433F03E4453F46
:10D6A00065DE473F12D1493FF8BB4B3F029F4D3FDC
:10D6B000207A4F3F3D4D513F4918533F31DB543F96
:10D6C000E595563F5348583F6AF2593F1A945B3FDD
:10D6D000532D5D3F05BE5E3F2146603F97C5613FCC
:10D6E0005A3C633F59AA643F880F663FD86B673F37
:10D6F0003CBF683FA7096A3F0C4B6B3F5E836C3FA2
:10D7000093B26D3F9ED86E3F73F56F3F0809713F2E
:10D710005213723F4714733FDD0B743F0BFA743F93
:10D72000C6DE753F07BA763FC58B773FF853783F23
:10D730009812793F9DC7793F02737A3FBE147B3FB1
:10D74000CDAC7B3F283B7C3FC9BF7C3FAC3A7D3FA3
:10D75000CCAB7D3F23137E3FB0707E3F6DC47E3FD8
:10D76000580E7F3F6D4E7F3FAB847F3F0FB17F3FB1
:10D7700097D37F3F43EC7F3F11FB7F3F0000803F0B
:10D7800011FB7F3F43EC7F3F97D37F3F0FB17F3F3C
:10D79000AB847F3F6D4E7F3F580E7F3F6DC47E3F11
:10D7A000B0707E3F23137E3FCCAB7D3FAC3A7D3FD4
:10D7B000C9BF7C3F283B7C3FCDAC7B3FBE147B3F49
:10D7C00002737A3F9DC7793F9812793FF853783FAB
:10D7D000C58B773F07BA763FC6DE753F0BFA743FBD
:10D7E000DD0B743F4714733F5213723F0809713FBA
:10D7F00073F56F3F9ED86E3F93B26D3F5E836C3F73
:10D800000C4B6B3FA7096A3F3CBF683FD86B673F33
:10D81000880F663F59AA643F5A3C633F97C5613FF2
:10D820002146603F05BE5E3F532D5D3F1A945B3F2E
:10D830006AF2593F5348583FE595563F31DB543F14
:10D840004918533F3D4D513F207A4F3F029F4D3F76
:10D85000F8BB4B3F12D1493F65DE473F03E4453FEC
:10D8600001E2433F70D8413F67C73F3FF9AE3D3FBC
:10D870003B8F3B3F4268393F233A373FF304353F04
:10D88000C9C8323FBB85303FDE3B2E3F4AEB2B3FC2
:10D890001594293F5636273F25D2243F9967223FCA
:10D8A000CBF61F3FD17F1D3FC6021B3FC07F183FF5
:10D8B000D9F6153F2A68133FCDD3103FDA390E3F12
:10D8C0006B9A0B3F9BF5083F824B063F3D9C033F05
:10D8D000E4E7003F275DFC3ECBE0F63EEA5AF13E2E
:10D8E000BBCBEB3E7533E63E4F92E03E80E8DA3E3E
:10D8F0004136D53ECA7BCF3E53B9C93E15EFC33E34
:10D90000491DBE3E2A44B83EEF63B23ED47CAC3ED5
:10D91000128FA63EE59AA03E86A09A3E32A0943E83
:10D92000229A8E3E938E883EC07D823ECCCF783E3A
:10D930007F9A6C3E135C603E0115543EC2C5473E63
:10D94000CF6E3B3EA2102F3EB5AB223E8340163E2B
:10D9500087CF093E73B2FA3D2FBCE13D36BDC83DCD
:10D9600080B6AF3D04A9963D752B7B3D2EFB483D0F
:10D970002BC3163DB10AC93C920E493C0000000081
:10D98000920E49BCB10AC9BC2BC316BD2EFB48BDC3
:10D99000752B7BBD04A996BD80B6AFBD36BDC8BD95
:10D9A0002FBCE1BD73B2FABD87CF09BE834016BE5E
:10D9B000B5AB22BEA2102FBECF6E3BBEC2C547BEC6
:10D9C000011554BE135C60BE7F9A6CBECCCF78BE8E
:10D9D000C07D82BE938E88BE229A8EBE32A094BE37
:10D9E00086A09ABEE59AA0BE128FA6BED47CACBE1D
:10D9F000EF63B2BE2A44B8BE491DBEBE15EFC3BE1A
:10DA000053B9C9BECA7BCFBE4136D5BE80E8DABEA7
:10DA10004F92E0BE7533E6BEBBCBEBBEEA5AF1BE19
:10DA2000CBE0F6BE275DFCBEE4E700BF3D9C03BF34
:10DA3000824B06BF9BF508BF6B9A0BBFDA390EBF4E
:10DA4000CDD310BF2A6813BFD9F615BFC07F18BF4A
:10DA5000C6021BBFD17F1DBFCBF61FBF996722BF78
:10DA600025D224BF563627BF159429BF4AEB2BBFBA
:10DA7000DE3B2EBFBB8530BFC9C832BFF30435BF04
:10DA8000233A37BF426839BF3B8F3BBFF9AE3DBF3A
:10DA900067C73FBF70D841BF01E243BF03E445BF42
:10DAA00065DE47BF12D149BFF8BB4BBF029F4DBFD8
:10DAB000207A4FBF3D4D51BF491853BF31DB54BF92
:10DAC000E59556BF534858BF6AF259BF1A945BBFD9
:10DAD000532D5DBF05BE5EBF214660BF97C561BFC8
:10DAE0005A3C63BF59AA64BF880F66BFD86B67BF33
:10DAF0003CBF68BFA7096ABF0C4B6BBF5E836CBF9E
:10DB000093B26DBF9ED86EBF73F56FBF080971BF2A
:10DB1000521372BF471473BFDD0B74BF0BFA74BF8F
:10DB2000C6DE75BF07BA76BFC58B77BFF85378BF1F
:10DB3000981279BF9DC779BF02737ABFBE147BBFAD
:10DB4000CDAC7BBF283B7CBFC9BF7CBFAC3A7DBF9F
:10DB5000CCAB7DBF23137EBFB0707EBF6DC47EBFD4
:10DB6000580E7FBF6D4E7FBFAB847FBF0FB17FBFAD
:10DB700097D37FBF43EC7FBF11FB7FBF000080BF07
:10DB800011FB7FBF43EC7FBF97D37FBF0FB17FBF38
:10DB9000AB847FBF6D4E7FBF580E7FBF6DC47EBF0D
:10DBA000B0707EBF23137EBFCCAB7DBFAC3A7DBFD0
:10DBB000C9BF7CBF283B7CBFCDAC7BBFBE147BBF45
:10DBC00002737ABF9DC779BF981279BFF85378BFA7
:10DBD000C58B77BF07BA76BFC6DE75BF0BFA74BFB9
:10DBE000DD0B74BF471473BF521372BF080971BFB6
:10DBF00073F56FBF9ED86EBF93B26DBF5E836CBF6F
:10DC00000C4B6BBFA7096ABF3CBF68BFD86B67BF2F
:10DC1000880F66BF59AA64BF5A3C63BF97C561BFEE
:10DC2000214660BF05BE5EBF532D5DBF1A945BBF2A
:10DC30006AF259BF534858BFE59556BF31DB54BF10
:10DC4000491853BF3D4D51BF207A4FBF029F4DBF72
:10DC5000F8BB4BBF12D149BF65DE47BF03E445BFE8
:10DC600001E243BF70D841BF67C73FBFF9AE3DBFB8
:10DC70003B8F3BBF426839BF233A37BFF30435BF00
:10DC8000C9C832BFBB8530BFDE3B2EBF4AEB2BBFBE
:10DC9000159429BF563627BF25D224BF996722BFC6
:10DCA000CBF61FBFD17F1DBFC6021BBFC07F18BFF1
:10DCB000D9F615BF2A6813BFCDD310BFDA390EBF0E
:10DCC0006B9A0BBF9BF508BF824B06BF3D9C03BF01
:10DCD000E4E700BF275DFCBECBE0F6BEEA5AF1BE2A
:10DCE000BBCBEBBE7533E6BE4F92E0BE80E8DABE3A
:10DCF0004136D5BECA7BCFBE53B9C9BE15EFC3BE30
:10DD0000491DBEBE2A44B8BEEF63B2BED47CACBED1
:10DD1000128FA6BEE59AA0BE86A09ABE32A094BE7F
:10DD2000229A8EBE938E88BEC07D82BECCCF78BE36
:10DD30007F9A6CBE135C60BE011554BEC2C547BE5F
:10DD4000CF6E3BBEA2102FBEB5AB22BE834016BE27
:10DD500087CF09BE73B2FABD2FBCE1BD36BDC8BDC9
:10DD600080B6AFBD04A996BD752B7BBD2EFB48BD0B
:10DD70002BC316BDB10AC9BC920E49BC000000807D
:10DD8000445053445F50726F6365737320657272C1
:10DD90006F723A20256C640D0A000000D0DD000887
:10DDA0000000002018C00000F20D000868DF000825
:10DDB0000000002428820000F20D000868DF00083F
:10DDC00018C00020508900004CCC00080000000062
:10DDD00001FF01FF01FF01FF01FF01FF01FF01FF43
:10DDE00001FF01FF01FF01FF01FF01FF01FF01FF33
:10DDF00001FF01FF01FF01FF01FF01FF01FF01FF23
:10DE000001FF01FF01FF01FF01FF01FF01FF01FF12
:10DE100001FF01FF01FF01FF01FF01FF01FF01FF02
:10DE200001FF01FF01FF01FF01FF01FF01FF01FFF2
:10DE300001FF01FF01FF01FF01FF01FF01FF01FFE2
:10DE400001FF01FF01FF01FF01FF01FF01FF01FFD2
:10DE500001FF01FF01FF01FF01FF01FF01FF01FFC2
:10DE600001FF01FF01FF01FF01FF01FF01FF01FFB2
:10DE700001FF01FF01FF01FF01FF01FF01FF01FFA2
:10DE800001FF01FF01FF01FF01FF01FF01FF01FF92
:10DE900001FF01FF01FF01FF01FF01FF01FF01FF82
:10DEA00001FF01FF01FF01FF01FF01FF01FF01FF72
:10DEB00001FF01FF01FF01FF01FF01FF01FF01FF62
:10DEC00001FF01FF01FF01FF01FF01FF01FF01FF52
:10DED00001FF01FF01FF01FF01FF01FF01FF01FF42
:10DEE00001FF01FF01FF01FF01FF01FF01FF01FF32
:10DEF00001FF01FF01FF01FF01FF01FF01FF01FF22
:10DF000001FF01FF01FF01FF01FF01FF01FF01FF11
:10DF100001FF01FF01FF01FF01FF01FF01FF01FF01
:10DF200001FF01FF01FF01FF01FF01FF01FF01FFF1
:10DF300001FF01FF01FF01FF01FF01FF01FF01FFE1
:10DF400001FF01FF01FF01FF01FF01FF01FF01FFD1
:10DF500001FF0187420152101C90D0030090D003B2
:10DF600000401C460000000001FF01FF01FF01FF0F
:10DF700001FF01FF01FF01FF01FF01FF01FF01FFA1
:10DF800001FF01FF01FF01FF01FF01FF01FF01FF91
:10DF900001FF01FF01FF01FF01FF01FF01FF01FF81
:10DFA00001FF01FF01FF01FF01FF01FF01FF01FF71
:10DFB00001FF01FF01FF01FF01FF01FF01FF01FF61
:10DFC00001FF01FF01FF01FF01FF01FF01FF01FF51
:10DFD00001FF01FF01FF01FF01FF01FF01FF01FF41
:10DFE00001FF01FF01FF01FF01FF01FF01FF01FF31
:10DFF00001FF01FF01FF01FF01FF01FF01FF01FF21
:10E0000001FF01FF01FF01FF01FF01FF01FF01FF10
:10E0100001FF01FF01FF01FF01FF01FF01FF01FF00
:10E0200001FF01FF01FF01FF01FF01FF01FF01FFF0
:10E0300001FF01FF01FF01FF01FF01FF01FF01FFE0
:10E0400001FF01FF01FF01FF01FF01FF01FF01FFD0
:10E0500001FF01FF01FF01FF01FF01FF01FF01FFC0
:10E0600001FF01FF01FF01FF01FF01FF01FF012F80
:04000005080002CD20
:00000001FF
